{"version":"0.4","title":"pricing-table-blocks-2","type":"section","content":[{"id":"3ca15733","settings":{"background_background":"classic","background_position":"center center","background_size":"cover","padding":{"unit":"px","top":"100","right":"0","bottom":"150","left":"0","isLinked":false},"padding_tablet":{"unit":"px","top":"80","right":"30","bottom":"80","left":"30","isLinked":false},"padding_mobile":{"unit":"px","top":"50","right":"15","bottom":"50","left":"15","isLinked":false}},"elements":[{"id":"203014fa","settings":{"_column_size":100,"_inline_size_tablet":100,"padding":{"unit":"px","top":"0","right":"0","bottom":"0","left":"0","isLinked":true},"_inline_size_mobile":100},"elements":[{"id":"3d6847f5","settings":{"content_width":{"unit":"px","size":600}},"elements":[{"id":"1de28cb3","settings":{"_column_size":100,"_inline_size":null},"elements":[{"id":"26fbd5bd","settings":{"title":"Budget Your Plan","align":"center","title_color":"#333333"},"elements":[],"isInner":false,"widgetType":"heading","elType":"widget"},{"id":"e3e75a5","settings":{"editor":"<p>Embed responsive\u00a0pricing table\u00a0into your website just in 1 minute without coding skillswith the help of Elfsight\u00a0Pricing Table\u00a0widget.<\/p>","align":"center"},"elements":[],"isInner":false,"widgetType":"text-editor","elType":"widget"}],"isInner":true,"elType":"column"}],"isInner":true,"elType":"section"},{"id":"6f3a9f22","settings":{"gap":"no","structure":"40"},"elements":[{"id":"72b2eceb","settings":{"_column_size":25,"_inline_size":null,"_inline_size_tablet":50,"_inline_size_mobile":100,"padding_tablet":{"unit":"px","top":"0","right":"0","bottom":"0","left":"0","isLinked":true},"padding":{"unit":"px","top":"0","right":"0","bottom":"0","left":"0","isLinked":false},"margin_mobile":{"unit":"px","top":"0","right":"0","bottom":"0","left":"0","isLinked":false}},"elements":[{"id":"56139d32","settings":{"heading":"Normal Plan","sub_heading":"","price":"12","period":"Free","features_list":[{"item_text":"Broadband is wide bandwidth data.","item_icon":"","_id":"ad16b3a","item_icon_color":"","tooltip_text":"","tooltip_placement":"right"},{"item_text":"Multiple signals and traffic types.","item_icon":"","_id":"076ae1e","item_icon_color":"","tooltip_text":"","tooltip_placement":"right"},{"item_text":"","item_icon":"","_id":"49c8909","item_icon_color":"","tooltip_text":"","tooltip_placement":"right"}],"button_text":"Take Plan","footer_additional_info":"","ribbon_title":"Popular","header_bg_color":"#f5eeff","header_padding":{"unit":"px","top":"40","right":"0","bottom":"0","left":"0","isLinked":false},"heading_color":"#000000","pricing_element_padding":{"unit":"px","top":"25","right":"0","bottom":"40","left":"0","isLinked":false},"features_list_padding":{"unit":"px","top":"12","right":"0","bottom":"0","left":"0","isLinked":false},"features_list_typography_typography":"custom","features_list_typography_line_height":{"unit":"em","size":2},"item_width":{"unit":"px","size":100},"divider_color":"#dddddd","divider_gap":{"unit":"px","size":10},"footer_padding":{"unit":"px","top":"0","right":"0","bottom":"38","left":"0","isLinked":false},"button_typography_typography":"custom","button_typography_font_weight":"400","button_background_color":"#a770ef","button_border_radius":{"unit":"px","top":"100","right":"100","bottom":"100","left":"100","isLinked":true},"button_background_hover_color":"#944fef","button_hover_animation":"sink","_background_background":"classic","_background_color":"rgba(255,255,255,0)","_border_border":"solid","_border_width":{"unit":"px","top":"1","right":"1","bottom":"1","left":"1","isLinked":false},"_border_color":"#e6c8ff","_box_shadow_hover_box_shadow_type":"yes","_box_shadow_hover_box_shadow":{"horizontal":0,"vertical":10,"blur":30,"spread":0,"color":"rgba(167,112,239,0.08)"},"pricing_element_bg_color":"#f5eeff","currency_vertical_position":"middle","fractional_part_vertical_position":"","divider_width":{"unit":"px","size":100},"button_size":"sm","_animation":"zoomInDown"},"elements":[],"isInner":false,"widgetType":"bdt-price-table","elType":"widget"}],"isInner":true,"elType":"column"},{"id":"3d41649f","settings":{"_column_size":25,"_inline_size":null,"_inline_size_tablet":50,"_inline_size_mobile":100,"padding_tablet":{"unit":"px","top":"0","right":"0","bottom":"0","left":"0","isLinked":true},"margin":{"unit":"px","top":"0","right":"0","bottom":"0","left":"-1","isLinked":false},"padding":{"unit":"px","top":"0","right":"0","bottom":"0","left":"0","isLinked":false},"margin_mobile":{"unit":"px","top":"50","right":"0","bottom":"0","left":"0","isLinked":false}},"elements":[{"id":"5aa8e52","settings":{"heading":"Basic Plan","sub_heading":"","price":"19","period":"Daily ","features_list":[{"item_text":"Broadband is wide bandwidth data.","item_icon":"","_id":"ad16b3a","item_icon_color":"","tooltip_text":"","tooltip_placement":"right"},{"item_text":"Multiple signals and traffic types.","item_icon":"","_id":"076ae1e","item_icon_color":"","tooltip_text":"","tooltip_placement":"right"},{"item_text":"Multiple signals and traffic types.","item_icon":"","_id":"1e56622","item_icon_color":"","tooltip_text":"","tooltip_placement":"right"},{"item_text":"","item_icon":"","_id":"49c8909","item_icon_color":"","tooltip_text":"","tooltip_placement":"right"}],"button_text":"Take Plan","footer_additional_info":"","ribbon_title":"Popular","header_bg_color":"#f5eeff","header_padding":{"unit":"px","top":"40","right":"0","bottom":"0","left":"0","isLinked":false},"heading_color":"#000000","pricing_element_padding":{"unit":"px","top":"25","right":"0","bottom":"40","left":"0","isLinked":false},"features_list_padding":{"unit":"px","top":"12","right":"0","bottom":"0","left":"0","isLinked":false},"features_list_typography_typography":"custom","features_list_typography_line_height":{"unit":"em","size":2},"item_width":{"unit":"px","size":100},"divider_color":"#dddddd","divider_gap":{"unit":"px","size":10},"footer_padding":{"unit":"px","top":"0","right":"0","bottom":"38","left":"0","isLinked":false},"button_typography_typography":"custom","button_typography_font_weight":"400","button_background_color":"#a770ef","button_border_radius":{"unit":"px","top":"100","right":"100","bottom":"100","left":"100","isLinked":true},"button_background_hover_color":"#944fef","button_hover_animation":"sink","_background_background":"classic","_background_color":"rgba(255,255,255,0)","_border_border":"solid","_border_width":{"unit":"px","top":"1","right":"1","bottom":"1","left":"1","isLinked":false},"_border_color":"#e6c8ff","_box_shadow_hover_box_shadow_type":"yes","_box_shadow_hover_box_shadow":{"horizontal":0,"vertical":10,"blur":30,"spread":0,"color":"rgba(167,112,239,0.08)"},"pricing_element_bg_color":"#f5eeff","currency_vertical_position":"middle","fractional_part_vertical_position":"","divider_width":{"unit":"px","size":100},"button_size":"sm","_animation":"zoomInDown","_animation_delay":300},"elements":[],"isInner":false,"widgetType":"bdt-price-table","elType":"widget"}],"isInner":true,"elType":"column"},{"id":"60cb8458","settings":{"_column_size":25,"_inline_size":null,"_inline_size_tablet":50,"_inline_size_mobile":100,"padding_tablet":{"unit":"px","top":"50","right":"0","bottom":"0","left":"0","isLinked":false},"margin":{"unit":"px","top":"0","right":"0","bottom":"0","left":"-2","isLinked":false},"padding":{"unit":"px","top":"0","right":"0","bottom":"0","left":"0","isLinked":false},"margin_mobile":{"unit":"px","top":"0","right":"0","bottom":"0","left":"0","isLinked":false}},"elements":[{"id":"6d7b6884","settings":{"heading":"Standard Plan","sub_heading":"","price":"29","period":"Weekly","features_list":[{"item_text":"Broadband is wide bandwidth data.","item_icon":"","_id":"ad16b3a","item_icon_color":"","tooltip_text":"","tooltip_placement":"right"},{"item_text":"Multiple signals and traffic types.","item_icon":"","_id":"076ae1e","item_icon_color":"","tooltip_text":"","tooltip_placement":"right"},{"item_text":"Multiple signals and traffic types.","item_icon":"","_id":"e2db146","item_icon_color":"","tooltip_text":"","tooltip_placement":"right"},{"item_text":"Multiple signals and traffic types.","item_icon":"","_id":"c725dd6","item_icon_color":"","tooltip_text":"","tooltip_placement":"right"},{"item_text":"","item_icon":"","_id":"49c8909","item_icon_color":"","tooltip_text":"","tooltip_placement":"right"}],"button_text":"Take Plan","footer_additional_info":"","ribbon_title":"Popular","header_bg_color":"#f5eeff","header_padding":{"unit":"px","top":"40","right":"0","bottom":"0","left":"0","isLinked":false},"heading_color":"#000000","pricing_element_padding":{"unit":"px","top":"25","right":"0","bottom":"40","left":"0","isLinked":false},"features_list_padding":{"unit":"px","top":"12","right":"0","bottom":"0","left":"0","isLinked":false},"features_list_typography_typography":"custom","features_list_typography_line_height":{"unit":"em","size":2},"item_width":{"unit":"px","size":100},"divider_color":"#dddddd","divider_gap":{"unit":"px","size":10},"footer_padding":{"unit":"px","top":"0","right":"0","bottom":"38","left":"0","isLinked":false},"button_typography_typography":"custom","button_typography_font_weight":"400","button_background_color":"#a770ef","button_border_radius":{"unit":"px","top":"100","right":"100","bottom":"100","left":"100","isLinked":true},"button_background_hover_color":"#944fef","button_hover_animation":"sink","_background_background":"classic","_background_color":"rgba(255,255,255,0)","_border_border":"solid","_border_width":{"unit":"px","top":"1","right":"1","bottom":"1","left":"1","isLinked":false},"_border_color":"#e6c8ff","_box_shadow_hover_box_shadow_type":"yes","_box_shadow_hover_box_shadow":{"horizontal":0,"vertical":10,"blur":30,"spread":0,"color":"rgba(167,112,239,0.08)"},"pricing_element_bg_color":"#f5eeff","currency_vertical_position":"middle","fractional_part_vertical_position":"","divider_width":{"unit":"px","size":100},"button_size":"sm","_animation":"zoomInDown","_animation_delay":400},"elements":[],"isInner":false,"widgetType":"bdt-price-table","elType":"widget"}],"isInner":true,"elType":"column"},{"id":"75d1a6f9","settings":{"_column_size":25,"_inline_size":null,"_inline_size_tablet":50,"_inline_size_mobile":100,"padding_tablet":{"unit":"px","top":"50","right":"0","bottom":"0","left":"0","isLinked":false},"margin":{"unit":"px","top":"0","right":"0","bottom":"0","left":"-3","isLinked":false},"padding":{"unit":"px","top":"0","right":"0","bottom":"0","left":"0","isLinked":false},"margin_mobile":{"unit":"px","top":"0","right":"0","bottom":"0","left":"0","isLinked":false}},"elements":[{"id":"1d3c193a","settings":{"heading":"Premium Plan","sub_heading":"","price":"49","period":"Monthly","features_list":[{"item_text":"Broadband is wide bandwidth data.","item_icon":"","_id":"ad16b3a","item_icon_color":"","tooltip_text":"","tooltip_placement":"right"},{"item_text":"Multiple signals and traffic types.","item_icon":"","_id":"076ae1e","item_icon_color":"","tooltip_text":"","tooltip_placement":"right"},{"item_text":"Multiple signals and traffic types.","item_icon":"","_id":"3af23b6","item_icon_color":"","tooltip_text":"","tooltip_placement":"right"},{"item_text":"Multiple signals and traffic types.","item_icon":"","_id":"ed6c7ba","item_icon_color":"","tooltip_text":"","tooltip_placement":"right"},{"item_text":"Multiple signals and traffic types.","item_icon":"","_id":"199c51f","item_icon_color":"","tooltip_text":"","tooltip_placement":"right"},{"item_text":"","item_icon":"","_id":"49c8909","item_icon_color":"","tooltip_text":"","tooltip_placement":"right"}],"button_text":"Take Plan","footer_additional_info":"","ribbon_title":"Popular","header_bg_color":"#f5eeff","header_padding":{"unit":"px","top":"40","right":"0","bottom":"0","left":"0","isLinked":false},"heading_color":"#000000","pricing_element_padding":{"unit":"px","top":"25","right":"0","bottom":"40","left":"0","isLinked":false},"features_list_padding":{"unit":"px","top":"12","right":"0","bottom":"0","left":"0","isLinked":false},"features_list_typography_typography":"custom","features_list_typography_line_height":{"unit":"em","size":2},"item_width":{"unit":"px","size":100},"divider_color":"#dddddd","divider_gap":{"unit":"px","size":10},"footer_padding":{"unit":"px","top":"0","right":"0","bottom":"38","left":"0","isLinked":false},"button_typography_typography":"custom","button_typography_font_weight":"400","button_background_color":"#a770ef","button_border_radius":{"unit":"px","top":"100","right":"100","bottom":"100","left":"100","isLinked":true},"button_background_hover_color":"#944fef","button_hover_animation":"sink","_background_background":"classic","_background_color":"rgba(255,255,255,0)","_border_border":"solid","_border_width":{"unit":"px","top":"1","right":"1","bottom":"1","left":"1","isLinked":false},"_border_color":"#e6c8ff","_box_shadow_hover_box_shadow_type":"yes","_box_shadow_hover_box_shadow":{"horizontal":0,"vertical":10,"blur":30,"spread":0,"color":"rgba(167,112,239,0.08)"},"pricing_element_bg_color":"#f5eeff","currency_vertical_position":"middle","fractional_part_vertical_position":"","divider_width":{"unit":"px","size":100},"button_size":"sm","_animation":"zoomInDown","_animation_delay":500},"elements":[],"isInner":false,"widgetType":"bdt-price-table","elType":"widget"}],"isInner":true,"elType":"column"}],"isInner":true,"elType":"section"}],"isInner":false,"elType":"column"}],"isInner":false,"elType":"section"}],"page_settings":{"background_color_stop":{"unit":"%","size":"0","sizes":[]},"background_color_b_stop":{"unit":"%","size":"100","sizes":[]},"background_gradient_angle":{"unit":"deg","size":"180","sizes":[]},"background_xpos":{"unit":"px","size":"0","sizes":[]},"background_xpos_tablet":{"unit":"px","size":"0","sizes":[]},"background_xpos_mobile":{"unit":"px","size":"0","sizes":[]},"background_ypos":{"unit":"px","size":"0","sizes":[]},"background_ypos_tablet":{"unit":"px","size":"0","sizes":[]},"background_ypos_mobile":{"unit":"px","size":"0","sizes":[]},"background_bg_width":{"unit":"%","size":"100","sizes":[]},"background_bg_width_tablet":{"unit":"px","size":"","sizes":[]},"background_bg_width_mobile":{"unit":"px","size":"","sizes":[]},"element_pack_toolbar_typography_font_size":{"unit":"px","size":"","sizes":[]},"element_pack_toolbar_typography_font_size_tablet":{"unit":"px","size":"","sizes":[]},"element_pack_toolbar_typography_font_size_mobile":{"unit":"px","size":"","sizes":[]},"element_pack_toolbar_typography_line_height":{"unit":"em","size":"","sizes":[]},"element_pack_toolbar_typography_line_height_tablet":{"unit":"em","size":"","sizes":[]},"element_pack_toolbar_typography_line_height_mobile":{"unit":"em","size":"","sizes":[]},"element_pack_toolbar_typography_letter_spacing":{"unit":"px","size":"","sizes":[]},"element_pack_toolbar_typography_letter_spacing_tablet":{"unit":"px","size":"","sizes":[]},"element_pack_toolbar_typography_letter_spacing_mobile":{"unit":"px","size":"","sizes":[]},"element_pack_global_tooltip_width":{"unit":"px","size":"","sizes":[]},"element_pack_global_tooltip_width_tablet":{"unit":"px","size":"","sizes":[]},"element_pack_global_tooltip_width_mobile":{"unit":"px","size":"","sizes":[]},"element_pack_global_tooltip_background_color_stop":{"unit":"%","size":"0","sizes":[]},"element_pack_global_tooltip_background_color_b_stop":{"unit":"%","size":"100","sizes":[]},"element_pack_global_tooltip_background_gradient_angle":{"unit":"deg","size":"180","sizes":[]},"element_pack_global_tooltip_background_xpos":{"unit":"px","size":"0","sizes":[]},"element_pack_global_tooltip_background_xpos_tablet":{"unit":"px","size":"0","sizes":[]},"element_pack_global_tooltip_background_xpos_mobile":{"unit":"px","size":"0","sizes":[]},"element_pack_global_tooltip_background_ypos":{"unit":"px","size":"0","sizes":[]},"element_pack_global_tooltip_background_ypos_tablet":{"unit":"px","size":"0","sizes":[]},"element_pack_global_tooltip_background_ypos_mobile":{"unit":"px","size":"0","sizes":[]},"element_pack_global_tooltip_background_bg_width":{"unit":"%","size":"100","sizes":[]},"element_pack_global_tooltip_background_bg_width_tablet":{"unit":"px","size":"","sizes":[]},"element_pack_global_tooltip_background_bg_width_mobile":{"unit":"px","size":"","sizes":[]},"element_pack_global_tooltip_typography_font_size":{"unit":"px","size":"","sizes":[]},"element_pack_global_tooltip_typography_font_size_tablet":{"unit":"px","size":"","sizes":[]},"element_pack_global_tooltip_typography_font_size_mobile":{"unit":"px","size":"","sizes":[]},"element_pack_global_tooltip_typography_line_height":{"unit":"em","size":"","sizes":[]},"element_pack_global_tooltip_typography_line_height_tablet":{"unit":"em","size":"","sizes":[]},"element_pack_global_tooltip_typography_line_height_mobile":{"unit":"em","size":"","sizes":[]},"element_pack_global_tooltip_typography_letter_spacing":{"unit":"px","size":"","sizes":[]},"element_pack_global_tooltip_typography_letter_spacing_tablet":{"unit":"px","size":"","sizes":[]},"element_pack_global_tooltip_typography_letter_spacing_mobile":{"unit":"px","size":"","sizes":[]}}}