{"version":"0.4","title":"pricing-table-blocks-3","type":"section","content":[{"id":"57426268","settings":{"gap":"wider","structure":"30","border_border":"solid","border_width":{"unit":"px","top":"1","right":"0","bottom":"0","left":"0","isLinked":false},"border_color":"#e8e8e8","padding":{"unit":"px","top":"150","right":"0","bottom":"150","left":"0","isLinked":false},"padding_tablet":{"unit":"px","top":"80","right":"30","bottom":"80","left":"30","isLinked":false}},"elements":[{"id":"3395696f","settings":{"_column_size":33,"_inline_size":null,"_inline_size_tablet":50,"_inline_size_mobile":100,"padding_mobile":{"unit":"px","top":"0","right":"0","bottom":"0","left":"0","isLinked":true}},"elements":[{"id":"54873c89","settings":[],"elements":[{"id":"303a75e5","settings":{"_column_size":100,"_inline_size":null,"background_background":"classic","background_image":{"id":47396,"url":"https:\/\/bdthemes.net\/demo\/ready-pages\/ready-blocks\/wp-content\/uploads\/2019\/04\/pricing-bg1-2.jpg"},"border_radius":{"unit":"px","top":"10","right":"10","bottom":"10","left":"10","isLinked":true},"box_shadow_hover_box_shadow":{"horizontal":0,"vertical":0,"blur":0,"spread":0,"color":"rgba(0,0,0,0.5)"},"padding":{"unit":"px","top":"35","right":"35","bottom":"43","left":"35","isLinked":false},"_inline_size_mobile":100},"elements":[{"id":"42a996ff","settings":{"heading":"Basic Plan","sub_heading":"","price":"19.99","period":"Daily","features_list":[{"item_text":"One morning, when Gregor ","item_icon":"","_id":"1753519","item_icon_color":"","tooltip_text":"","tooltip_placement":"right"},{"item_text":"He found himself transformed","item_icon":"","_id":"5e25a1c","item_icon_color":"","tooltip_text":"","tooltip_placement":"right"},{"item_text":"The bedding was hardly able ","item_icon":"","_id":"15da2cb","item_icon_color":"","tooltip_text":"","tooltip_placement":"right"},{"item_text":"His man pitifully thin compared","item_icon":"","_id":"f052cd4","item_icon_color":"","tooltip_text":"","tooltip_placement":"right"}],"button_text":"Select Plan","footer_additional_info":"","ribbon_title":"Popular","header_bg_color":"rgba(0,0,0,0)","header_padding":{"unit":"px","top":"0","right":"0","bottom":"20","left":"0","isLinked":false},"heading_color":"#000000","heading_typography_typography":"custom","heading_typography_font_size":{"unit":"px","size":32},"pricing_element_bg_color":"rgba(0,0,0,0)","pricing_element_padding":{"unit":"px","top":"0","right":"0","bottom":"30","left":"0","isLinked":false},"price_color":"#000000","period_color":"#000000","features_list_bg_color":"#ffffff","features_list_typography_typography":"custom","features_list_typography_font_weight":"400","divider_color":"#e4e4e4","divider_width":{"unit":"px","size":100},"footer_bg_color":"rgba(0,0,0,0)","footer_padding":{"unit":"px","top":"35","right":"0","bottom":"0","left":"0","isLinked":false},"button_typography_typography":"custom","button_typography_font_size":{"unit":"px","size":14},"button_typography_font_weight":"400","button_background_color":"#444444","button_border_radius":{"unit":"px","top":"100","right":"100","bottom":"100","left":"100","isLinked":true},"button_hover_color":"#000000","button_background_hover_color":"#ffffff","_background_background":"classic","_background_color":"rgba(0,0,0,0)","features_list_typography_line_height_tablet":{"unit":"px","size":18},"features_list_typography_line_height_mobile":{"unit":"px","size":18}},"elements":[],"isInner":false,"widgetType":"bdt-price-table","elType":"widget"}],"isInner":true,"elType":"column"}],"isInner":true,"elType":"section"}],"isInner":false,"elType":"column"},{"id":"6273aa51","settings":{"_column_size":33,"_inline_size":null,"_inline_size_tablet":50,"_inline_size_mobile":100,"padding_mobile":{"unit":"px","top":"30","right":"0","bottom":"0","left":"0","isLinked":false}},"elements":[{"id":"30a482a2","settings":[],"elements":[{"id":"46e75499","settings":{"_column_size":100,"_inline_size":null,"background_background":"classic","background_image":{"id":47397,"url":"https:\/\/bdthemes.net\/demo\/ready-pages\/ready-blocks\/wp-content\/uploads\/2019\/04\/pricing-bg2.jpg"},"border_radius":{"unit":"px","top":"10","right":"10","bottom":"10","left":"10","isLinked":true},"box_shadow_hover_box_shadow":{"horizontal":0,"vertical":0,"blur":0,"spread":0,"color":"rgba(0,0,0,0.5)"},"padding":{"unit":"px","top":"35","right":"35","bottom":"43","left":"35","isLinked":false},"_inline_size_mobile":100},"elements":[{"id":"59193358","settings":{"heading":"Silver Plan","sub_heading":"","price":"29.99","period":"Weekly","features_list":[{"item_text":"One morning, when Gregor","item_icon":"","_id":"1753519","item_icon_color":"","tooltip_text":"","tooltip_placement":"right"},{"item_text":"He found himself transformed","item_icon":"","_id":"5e25a1c","item_icon_color":"","tooltip_text":"","tooltip_placement":"right"},{"item_text":"The bedding was hardly able ","item_icon":"","_id":"15da2cb","item_icon_color":"","tooltip_text":"","tooltip_placement":"right"},{"item_text":"His man pitifully thin compared","item_icon":"","_id":"f052cd4","item_icon_color":"","tooltip_text":"","tooltip_placement":"right"}],"button_text":"Select Plan","footer_additional_info":"","ribbon_title":"Popular","header_bg_color":"rgba(0,0,0,0)","header_padding":{"unit":"px","top":"0","right":"0","bottom":"20","left":"0","isLinked":false},"heading_color":"#000000","heading_typography_typography":"custom","heading_typography_font_size":{"unit":"px","size":32},"pricing_element_bg_color":"rgba(0,0,0,0)","pricing_element_padding":{"unit":"px","top":"0","right":"0","bottom":"30","left":"0","isLinked":false},"price_color":"#000000","period_color":"#000000","features_list_bg_color":"#ffffff","features_list_typography_typography":"custom","features_list_typography_font_weight":"400","divider_color":"#e4e4e4","divider_width":{"unit":"px","size":100},"footer_bg_color":"rgba(0,0,0,0)","footer_padding":{"unit":"px","top":"35","right":"0","bottom":"0","left":"0","isLinked":false},"button_typography_typography":"custom","button_typography_font_size":{"unit":"px","size":14},"button_typography_font_weight":"400","button_background_color":"#444444","button_border_radius":{"unit":"px","top":"100","right":"100","bottom":"100","left":"100","isLinked":true},"button_hover_color":"#000000","button_background_hover_color":"#ffffff","_background_background":"classic","_background_color":"rgba(0,0,0,0)","features_list_typography_line_height_tablet":{"unit":"px","size":18},"features_list_typography_line_height_mobile":{"unit":"px","size":18}},"elements":[],"isInner":false,"widgetType":"bdt-price-table","elType":"widget"}],"isInner":true,"elType":"column"}],"isInner":true,"elType":"section"}],"isInner":false,"elType":"column"},{"id":"1a5c92c0","settings":{"_column_size":33,"_inline_size":null,"_inline_size_tablet":50,"_inline_size_mobile":100,"padding_mobile":{"unit":"px","top":"30","right":"0","bottom":"0","left":"0","isLinked":false}},"elements":[{"id":"53091ce1","settings":[],"elements":[{"id":"43ee26ca","settings":{"_column_size":100,"_inline_size":null,"background_background":"classic","background_image":{"id":47398,"url":"https:\/\/bdthemes.net\/demo\/ready-pages\/ready-blocks\/wp-content\/uploads\/2019\/04\/pricing-bg3.jpg"},"border_radius":{"unit":"px","top":"10","right":"10","bottom":"10","left":"10","isLinked":true},"box_shadow_hover_box_shadow":{"horizontal":0,"vertical":0,"blur":0,"spread":0,"color":"rgba(0,0,0,0.5)"},"padding":{"unit":"px","top":"35","right":"35","bottom":"43","left":"35","isLinked":false},"_inline_size_mobile":100},"elements":[{"id":"3d4afc1","settings":{"heading":"Gold Plan","sub_heading":"","price":"99.99","period":"Monthly","features_list":[{"item_text":"One morning, when Gregor","item_icon":"","_id":"1753519","item_icon_color":"","tooltip_text":"","tooltip_placement":"right"},{"item_text":"He found himself transformed","item_icon":"","_id":"5e25a1c","item_icon_color":"","tooltip_text":"","tooltip_placement":"right"},{"item_text":"The bedding was hardly able ","item_icon":"","_id":"15da2cb","item_icon_color":"","tooltip_text":"","tooltip_placement":"right"},{"item_text":"His man pitifully thin compared","item_icon":"","_id":"f052cd4","item_icon_color":"","tooltip_text":"","tooltip_placement":"right"}],"button_text":"Select Plan","footer_additional_info":"","ribbon_title":"Popular","header_bg_color":"rgba(0,0,0,0)","header_padding":{"unit":"px","top":"0","right":"0","bottom":"20","left":"0","isLinked":false},"heading_color":"#000000","heading_typography_typography":"custom","heading_typography_font_size":{"unit":"px","size":32},"pricing_element_bg_color":"rgba(0,0,0,0)","pricing_element_padding":{"unit":"px","top":"0","right":"0","bottom":"30","left":"0","isLinked":false},"price_color":"#000000","period_color":"#000000","features_list_bg_color":"#ffffff","features_list_typography_typography":"custom","features_list_typography_font_weight":"400","divider_color":"#e4e4e4","divider_width":{"unit":"px","size":100},"footer_bg_color":"rgba(0,0,0,0)","footer_padding":{"unit":"px","top":"35","right":"0","bottom":"0","left":"0","isLinked":false},"button_typography_typography":"custom","button_typography_font_size":{"unit":"px","size":14},"button_typography_font_weight":"400","button_background_color":"#444444","button_border_radius":{"unit":"px","top":"100","right":"100","bottom":"100","left":"100","isLinked":true},"button_hover_color":"#000000","button_background_hover_color":"#ffffff","_background_background":"classic","_background_color":"rgba(0,0,0,0)","features_list_typography_line_height_tablet":{"unit":"px","size":18},"features_list_typography_line_height_mobile":{"unit":"px","size":18}},"elements":[],"isInner":false,"widgetType":"bdt-price-table","elType":"widget"}],"isInner":true,"elType":"column"}],"isInner":true,"elType":"section"}],"isInner":false,"elType":"column"}],"isInner":false,"elType":"section"}],"page_settings":{"background_color_stop":{"unit":"%","size":"0","sizes":[]},"background_color_b_stop":{"unit":"%","size":"100","sizes":[]},"background_gradient_angle":{"unit":"deg","size":"180","sizes":[]},"background_xpos":{"unit":"px","size":"0","sizes":[]},"background_xpos_tablet":{"unit":"px","size":"0","sizes":[]},"background_xpos_mobile":{"unit":"px","size":"0","sizes":[]},"background_ypos":{"unit":"px","size":"0","sizes":[]},"background_ypos_tablet":{"unit":"px","size":"0","sizes":[]},"background_ypos_mobile":{"unit":"px","size":"0","sizes":[]},"background_bg_width":{"unit":"%","size":"100","sizes":[]},"background_bg_width_tablet":{"unit":"px","size":"","sizes":[]},"background_bg_width_mobile":{"unit":"px","size":"","sizes":[]},"element_pack_toolbar_typography_font_size":{"unit":"px","size":"","sizes":[]},"element_pack_toolbar_typography_font_size_tablet":{"unit":"px","size":"","sizes":[]},"element_pack_toolbar_typography_font_size_mobile":{"unit":"px","size":"","sizes":[]},"element_pack_toolbar_typography_line_height":{"unit":"em","size":"","sizes":[]},"element_pack_toolbar_typography_line_height_tablet":{"unit":"em","size":"","sizes":[]},"element_pack_toolbar_typography_line_height_mobile":{"unit":"em","size":"","sizes":[]},"element_pack_toolbar_typography_letter_spacing":{"unit":"px","size":"","sizes":[]},"element_pack_toolbar_typography_letter_spacing_tablet":{"unit":"px","size":"","sizes":[]},"element_pack_toolbar_typography_letter_spacing_mobile":{"unit":"px","size":"","sizes":[]},"element_pack_global_tooltip_width":{"unit":"px","size":"","sizes":[]},"element_pack_global_tooltip_width_tablet":{"unit":"px","size":"","sizes":[]},"element_pack_global_tooltip_width_mobile":{"unit":"px","size":"","sizes":[]},"element_pack_global_tooltip_background_color_stop":{"unit":"%","size":"0","sizes":[]},"element_pack_global_tooltip_background_color_b_stop":{"unit":"%","size":"100","sizes":[]},"element_pack_global_tooltip_background_gradient_angle":{"unit":"deg","size":"180","sizes":[]},"element_pack_global_tooltip_background_xpos":{"unit":"px","size":"0","sizes":[]},"element_pack_global_tooltip_background_xpos_tablet":{"unit":"px","size":"0","sizes":[]},"element_pack_global_tooltip_background_xpos_mobile":{"unit":"px","size":"0","sizes":[]},"element_pack_global_tooltip_background_ypos":{"unit":"px","size":"0","sizes":[]},"element_pack_global_tooltip_background_ypos_tablet":{"unit":"px","size":"0","sizes":[]},"element_pack_global_tooltip_background_ypos_mobile":{"unit":"px","size":"0","sizes":[]},"element_pack_global_tooltip_background_bg_width":{"unit":"%","size":"100","sizes":[]},"element_pack_global_tooltip_background_bg_width_tablet":{"unit":"px","size":"","sizes":[]},"element_pack_global_tooltip_background_bg_width_mobile":{"unit":"px","size":"","sizes":[]},"element_pack_global_tooltip_typography_font_size":{"unit":"px","size":"","sizes":[]},"element_pack_global_tooltip_typography_font_size_tablet":{"unit":"px","size":"","sizes":[]},"element_pack_global_tooltip_typography_font_size_mobile":{"unit":"px","size":"","sizes":[]},"element_pack_global_tooltip_typography_line_height":{"unit":"em","size":"","sizes":[]},"element_pack_global_tooltip_typography_line_height_tablet":{"unit":"em","size":"","sizes":[]},"element_pack_global_tooltip_typography_line_height_mobile":{"unit":"em","size":"","sizes":[]},"element_pack_global_tooltip_typography_letter_spacing":{"unit":"px","size":"","sizes":[]},"element_pack_global_tooltip_typography_letter_spacing_tablet":{"unit":"px","size":"","sizes":[]},"element_pack_global_tooltip_typography_letter_spacing_mobile":{"unit":"px","size":"","sizes":[]}}}