{"version":"0.4","title":"beach-features-blocks-1","type":"section","content":[{"id":"1c37b337","settings":{"layout":"full_width","background_background":"classic","background_image":{"url":"https:\/\/bdthemes.net\/demo\/ready-pages\/ready-blocks\/wp-content\/uploads\/2019\/05\/beach-selider2.jpg","id":51008},"background_position":"center center","background_size":"cover","background_overlay_background":"classic","background_overlay_color":"#000000","padding":{"unit":"px","top":"231","right":"0","bottom":"232","left":"0","isLinked":false},"padding_tablet":{"unit":"px","top":"80","right":"30","bottom":"80","left":"30","isLinked":false},"padding_mobile":{"unit":"px","top":"50","right":"15","bottom":"50","left":"15","isLinked":false},"animation":"fadeIn","_element_id":"section-1"},"elements":[{"id":"57d30c4","settings":{"_column_size":100,"_inline_size_tablet":100,"_inline_size_mobile":100,"padding_tablet":{"unit":"px","top":"0","right":"0","bottom":"0","left":"0","isLinked":true}},"elements":[{"id":"51b4a8f4","settings":{"content_width":{"unit":"px","size":800,"sizes":[]}},"elements":[{"id":"74ccf8b8","settings":{"_column_size":100,"_inline_size":null,"_inline_size_tablet":100,"_inline_size_mobile":100},"elements":[{"id":"7e62b9dd","settings":{"title":"From The Sea With Beach","align":"center","title_color":"#ffffff","typography_typography":"custom","typography_font_family":"Lobster","typography_font_size":{"unit":"px","size":105,"sizes":[]},"typography_font_size_mobile":{"unit":"px","size":40,"sizes":[]}},"elements":[],"isInner":false,"widgetType":"heading","elType":"widget"},{"id":"780d13e0","settings":{"title":"Empowering children through creative programs","align":"center","title_color":"#ffffff","typography_typography":"custom","typography_font_size_mobile":{"unit":"px","size":22,"sizes":[]},"typography_font_weight":"100","typography_font_family":"Lobster","typography_font_size":{"unit":"px","size":24,"sizes":[]}},"elements":[],"isInner":false,"widgetType":"heading","elType":"widget"},{"id":"65f5a1db","settings":{"text":"Book A Consultaion","align":"center","advanced_button_text_color":"#ffffff","button_background_background":"classic","button_background_color":"#092b78","button_border_color":"#092b78","advanced_button_hover_text_color":"#ffffff","button_hover_background_background":"classic","button_hover_background_color":"#4054b2","button_hover_border_color":"#4054b2","_margin":{"unit":"px","top":"35","right":"0","bottom":"0","left":"0","isLinked":false},"advanced_button_padding":{"unit":"px","top":"18","right":"40","bottom":"18","left":"40","isLinked":false}},"elements":[],"isInner":false,"widgetType":"bdt-advanced-button","elType":"widget"},{"id":"563a7ae9","settings":{"navs":[{"nav_title":"Section 1","nav_link":{"url":"#section-1"},"_id":"d8ae84c"},{"nav_title":"Section 2","nav_link":{"url":"#section-2"},"_id":"36b5136"},{"nav_title":"Section 3","nav_link":{"url":"#section-3"},"_id":"872d40d"},{"nav_title":"Section 4","nav_link":{"url":"#section-4"},"_id":"251c692"},{"nav_title":"Section 5","nav_link":{"url":"#section-5"},"_id":"105e8d6"}],"nav_style":"dot","vertical_nav":"yes","fixed_nav":"yes","dotnav_tooltip_animation":"perspective","dotnav_tooltip_y_offset":{"unit":"px","size":10,"sizes":[]},"dot_nav_background_color":"#61ce70","dot_nav_border_border":"solid","dot_nav_border_width":{"unit":"px","top":"3","right":"3","bottom":"3","left":"3","isLinked":true},"dot_nav_border_color":"#ffffff","dot_nav_padding":{"unit":"px","top":"5","right":"5","bottom":"5","left":"5","isLinked":true},"dotnav_tooltip_typography_typography":"custom","dotnav_tooltip_typography_font_weight":"500","dotnav_tooltip_color":"#000000","dotnav_tooltip_background_background":"classic","dotnav_tooltip_background_color":"#ffffff","dotnav_tooltip_padding":{"unit":"px","top":"10","right":"25","bottom":"10","left":"25","isLinked":false},"dotnav_tooltip_border_radius":{"unit":"px","top":"0","right":"0","bottom":"0","left":"0","isLinked":true},"_background_background":"classic"},"elements":[],"isInner":false,"widgetType":"bdt-scrollnav","elType":"widget"}],"isInner":true,"elType":"column"}],"isInner":true,"elType":"section"}],"isInner":false,"elType":"column"}],"isInner":false,"elType":"section"}],"page_settings":{"background_color_stop":{"unit":"%","size":"0","sizes":[]},"background_color_b_stop":{"unit":"%","size":"100","sizes":[]},"background_gradient_angle":{"unit":"deg","size":"180","sizes":[]},"background_xpos":{"unit":"px","size":"0","sizes":[]},"background_xpos_tablet":{"unit":"px","size":"0","sizes":[]},"background_xpos_mobile":{"unit":"px","size":"0","sizes":[]},"background_ypos":{"unit":"px","size":"0","sizes":[]},"background_ypos_tablet":{"unit":"px","size":"0","sizes":[]},"background_ypos_mobile":{"unit":"px","size":"0","sizes":[]},"background_bg_width":{"unit":"%","size":"100","sizes":[]},"background_bg_width_tablet":{"unit":"px","size":"","sizes":[]},"background_bg_width_mobile":{"unit":"px","size":"","sizes":[]},"element_pack_toolbar_typography_font_size":{"unit":"px","size":"","sizes":[]},"element_pack_toolbar_typography_font_size_tablet":{"unit":"px","size":"","sizes":[]},"element_pack_toolbar_typography_font_size_mobile":{"unit":"px","size":"","sizes":[]},"element_pack_toolbar_typography_line_height":{"unit":"em","size":"","sizes":[]},"element_pack_toolbar_typography_line_height_tablet":{"unit":"em","size":"","sizes":[]},"element_pack_toolbar_typography_line_height_mobile":{"unit":"em","size":"","sizes":[]},"element_pack_toolbar_typography_letter_spacing":{"unit":"px","size":"","sizes":[]},"element_pack_toolbar_typography_letter_spacing_tablet":{"unit":"px","size":"","sizes":[]},"element_pack_toolbar_typography_letter_spacing_mobile":{"unit":"px","size":"","sizes":[]},"element_pack_global_tooltip_width":{"unit":"px","size":"","sizes":[]},"element_pack_global_tooltip_width_tablet":{"unit":"px","size":"","sizes":[]},"element_pack_global_tooltip_width_mobile":{"unit":"px","size":"","sizes":[]},"element_pack_global_tooltip_background_color_stop":{"unit":"%","size":"0","sizes":[]},"element_pack_global_tooltip_background_color_b_stop":{"unit":"%","size":"100","sizes":[]},"element_pack_global_tooltip_background_gradient_angle":{"unit":"deg","size":"180","sizes":[]},"element_pack_global_tooltip_background_xpos":{"unit":"px","size":"0","sizes":[]},"element_pack_global_tooltip_background_xpos_tablet":{"unit":"px","size":"0","sizes":[]},"element_pack_global_tooltip_background_xpos_mobile":{"unit":"px","size":"0","sizes":[]},"element_pack_global_tooltip_background_ypos":{"unit":"px","size":"0","sizes":[]},"element_pack_global_tooltip_background_ypos_tablet":{"unit":"px","size":"0","sizes":[]},"element_pack_global_tooltip_background_ypos_mobile":{"unit":"px","size":"0","sizes":[]},"element_pack_global_tooltip_background_bg_width":{"unit":"%","size":"100","sizes":[]},"element_pack_global_tooltip_background_bg_width_tablet":{"unit":"px","size":"","sizes":[]},"element_pack_global_tooltip_background_bg_width_mobile":{"unit":"px","size":"","sizes":[]},"element_pack_global_tooltip_typography_font_size":{"unit":"px","size":"","sizes":[]},"element_pack_global_tooltip_typography_font_size_tablet":{"unit":"px","size":"","sizes":[]},"element_pack_global_tooltip_typography_font_size_mobile":{"unit":"px","size":"","sizes":[]},"element_pack_global_tooltip_typography_line_height":{"unit":"em","size":"","sizes":[]},"element_pack_global_tooltip_typography_line_height_tablet":{"unit":"em","size":"","sizes":[]},"element_pack_global_tooltip_typography_line_height_mobile":{"unit":"em","size":"","sizes":[]},"element_pack_global_tooltip_typography_letter_spacing":{"unit":"px","size":"","sizes":[]},"element_pack_global_tooltip_typography_letter_spacing_tablet":{"unit":"px","size":"","sizes":[]},"element_pack_global_tooltip_typography_letter_spacing_mobile":{"unit":"px","size":"","sizes":[]}}}