{"version":"0.4","title":"charity-features-blocks-4","type":"section","content":[{"id":"17292f92","settings":{"padding_tablet":{"unit":"px","top":"50","right":"30","bottom":"50","left":"30","isLinked":false},"padding_mobile":{"unit":"px","top":"50","right":"15","bottom":"50","left":"15","isLinked":false},"margin":{"unit":"px","top":"","right":0,"bottom":"","left":0,"isLinked":true},"background_background":"classic","background_image":{"id":50745,"url":"https:\/\/bdthemes.net\/demo\/ready-pages\/ready-blocks\/wp-content\/uploads\/2019\/05\/save-life-orphan.jpg"},"background_position":"center center","background_overlay_background":"classic","padding":{"unit":"px","top":"150","right":"0","bottom":"150","left":"0","isLinked":false},"background_size":"cover"},"elements":[{"id":"76188e0a","settings":{"_column_size":100,"padding":{"unit":"px","top":"0","right":"0","bottom":"0","left":"0","isLinked":true},"_inline_size_tablet":100,"_inline_size_mobile":100},"elements":[{"id":"772fb388","settings":{"_skin":"bdt-single","source":"by_name","post_categories":["freelance","support"],"arrows_background":"#000000","arrows_hover_background":"#54595f","arrows_color":"#ffffff","arrows_padding":{"unit":"px","top":"5","right":"5","bottom":"5","left":"5","isLinked":true},"border_radius":{"unit":"px","top":"100","right":"100","bottom":"100","left":"100","isLinked":true},"arrows_acx_position":{"unit":"px","size":-100},"text_color":"#3d3d3d","text_typography_typography":"custom","text_typography_font_family":"Philosopher","title_typography_typography":"custom","title_typography_font_family":"Philosopher","address_color":"rgba(0,0,0,0.8)","address_typography_typography":"custom","address_typography_font_family":"Philosopher","text_limit":180,"navigation":"none","arrows_position":"bottom-center","quatation_color":"#dff1f0","title_color":"#000000","rating_color":"rgba(0,0,0,0.3)","active_rating_color":"#000000","arrows_ncy_position":{"unit":"px","size":0},"dots_nny_position":{"unit":"px","size":0}},"elements":[],"isInner":false,"widgetType":"bdt-testimonial-slider","elType":"widget"}],"isInner":false,"elType":"column"}],"isInner":false,"elType":"section"}],"page_settings":{"background_color_stop":{"unit":"%","size":"0","sizes":[]},"background_color_b_stop":{"unit":"%","size":"100","sizes":[]},"background_gradient_angle":{"unit":"deg","size":"180","sizes":[]},"background_xpos":{"unit":"px","size":"0","sizes":[]},"background_xpos_tablet":{"unit":"px","size":"0","sizes":[]},"background_xpos_mobile":{"unit":"px","size":"0","sizes":[]},"background_ypos":{"unit":"px","size":"0","sizes":[]},"background_ypos_tablet":{"unit":"px","size":"0","sizes":[]},"background_ypos_mobile":{"unit":"px","size":"0","sizes":[]},"background_bg_width":{"unit":"%","size":"100","sizes":[]},"background_bg_width_tablet":{"unit":"px","size":"","sizes":[]},"background_bg_width_mobile":{"unit":"px","size":"","sizes":[]},"element_pack_toolbar_typography_font_size":{"unit":"px","size":"","sizes":[]},"element_pack_toolbar_typography_font_size_tablet":{"unit":"px","size":"","sizes":[]},"element_pack_toolbar_typography_font_size_mobile":{"unit":"px","size":"","sizes":[]},"element_pack_toolbar_typography_line_height":{"unit":"em","size":"","sizes":[]},"element_pack_toolbar_typography_line_height_tablet":{"unit":"em","size":"","sizes":[]},"element_pack_toolbar_typography_line_height_mobile":{"unit":"em","size":"","sizes":[]},"element_pack_toolbar_typography_letter_spacing":{"unit":"px","size":"","sizes":[]},"element_pack_toolbar_typography_letter_spacing_tablet":{"unit":"px","size":"","sizes":[]},"element_pack_toolbar_typography_letter_spacing_mobile":{"unit":"px","size":"","sizes":[]},"element_pack_global_tooltip_width":{"unit":"px","size":"","sizes":[]},"element_pack_global_tooltip_width_tablet":{"unit":"px","size":"","sizes":[]},"element_pack_global_tooltip_width_mobile":{"unit":"px","size":"","sizes":[]},"element_pack_global_tooltip_background_color_stop":{"unit":"%","size":"0","sizes":[]},"element_pack_global_tooltip_background_color_b_stop":{"unit":"%","size":"100","sizes":[]},"element_pack_global_tooltip_background_gradient_angle":{"unit":"deg","size":"180","sizes":[]},"element_pack_global_tooltip_background_xpos":{"unit":"px","size":"0","sizes":[]},"element_pack_global_tooltip_background_xpos_tablet":{"unit":"px","size":"0","sizes":[]},"element_pack_global_tooltip_background_xpos_mobile":{"unit":"px","size":"0","sizes":[]},"element_pack_global_tooltip_background_ypos":{"unit":"px","size":"0","sizes":[]},"element_pack_global_tooltip_background_ypos_tablet":{"unit":"px","size":"0","sizes":[]},"element_pack_global_tooltip_background_ypos_mobile":{"unit":"px","size":"0","sizes":[]},"element_pack_global_tooltip_background_bg_width":{"unit":"%","size":"100","sizes":[]},"element_pack_global_tooltip_background_bg_width_tablet":{"unit":"px","size":"","sizes":[]},"element_pack_global_tooltip_background_bg_width_mobile":{"unit":"px","size":"","sizes":[]},"element_pack_global_tooltip_typography_font_size":{"unit":"px","size":"","sizes":[]},"element_pack_global_tooltip_typography_font_size_tablet":{"unit":"px","size":"","sizes":[]},"element_pack_global_tooltip_typography_font_size_mobile":{"unit":"px","size":"","sizes":[]},"element_pack_global_tooltip_typography_line_height":{"unit":"em","size":"","sizes":[]},"element_pack_global_tooltip_typography_line_height_tablet":{"unit":"em","size":"","sizes":[]},"element_pack_global_tooltip_typography_line_height_mobile":{"unit":"em","size":"","sizes":[]},"element_pack_global_tooltip_typography_letter_spacing":{"unit":"px","size":"","sizes":[]},"element_pack_global_tooltip_typography_letter_spacing_tablet":{"unit":"px","size":"","sizes":[]},"element_pack_global_tooltip_typography_letter_spacing_mobile":{"unit":"px","size":"","sizes":[]}}}