{"version":"0.4","title":"Footer Demo Set 4-1","type":"section","content":[{"id":"211fbe39","settings":{"padding":{"unit":"px","top":"150","right":"0","bottom":"150","left":"0","isLinked":false},"gap":"wider","structure":"21","background_background":"classic","background_color":"#f2f2f2","background_image":{"id":47788,"url":"http:\/\/192.168.1.100\/business-ready-pages\/wp-content\/uploads\/2019\/04\/bg1-3.jpg"},"padding_tablet":{"unit":"px","top":"80","right":"30","bottom":"80","left":"30","isLinked":false},"background_position":"center right","background_hover_transition":{"unit":"px","size":0}},"elements":[{"id":"35167b7f","settings":{"_column_size":33,"padding":{"unit":"px","top":"0","right":"50","bottom":"0","left":"0","isLinked":false},"_inline_size":null,"_inline_size_tablet":100,"_inline_size_mobile":100,"padding_mobile":{"unit":"px","top":"0","right":"0","bottom":"0","left":"0","isLinked":false}},"elements":[{"id":"2d727c6a","settings":{"title":"Get in Touch","align":"left","title_color":"#000000","typography_font_size":{"unit":"px","size":36},"align_mobile":"center","typography_font_size_tablet":{"unit":"px","size":10},"align_tablet":"center"},"elements":[],"isInner":false,"widgetType":"heading","elType":"widget"},{"id":"7bbec40a","settings":{"image":{"id":48404,"url":"https:\/\/bdthemes.net\/demo\/ready-pages\/ready-blocks\/wp-content\/uploads\/2019\/04\/pin.svg"},"title_text":"Address Information","description_text":"Melbourne 159\/478 road, Magg Complex,\n10th floor.","image_size":{"unit":"%","size":10},"hover_animation":"wobble-vertical","title_typography_typography":"custom","title_typography_font_family":"Montserrat","title_typography_font_size":{"unit":"px","size":14},"title_typography_font_weight":"600","description_typography_typography":"custom","description_typography_font_family":"Roboto","description_typography_font_size":{"unit":"px","size":14},"description_typography_font_weight":"400","text_align_mobile":"center","image_space":{"unit":"px","size":20},"text_align":"left","title_bottom_space":{"unit":"px","size":10},"title_color":"#2d324b","description_color":"rgba(45,50,75,0.91)","image_size_tablet":{"unit":"%","size":10},"image_size_mobile":{"unit":"%","size":20},"text_align_tablet":"center"},"elements":[],"isInner":false,"widgetType":"image-box","elType":"widget"},{"id":"419ec73","settings":{"image":{"id":48405,"url":"https:\/\/bdthemes.net\/demo\/ready-pages\/ready-blocks\/wp-content\/uploads\/2019\/04\/email.svg"},"title_text":"Email and Web Address","description_text":"hello@info.com, www.coucilinfo@gmail.com","image_size":{"unit":"%","size":9},"hover_animation":"wobble-vertical","title_typography_typography":"custom","title_typography_font_family":"Montserrat","title_typography_font_size":{"unit":"px","size":14},"title_typography_font_weight":"600","description_typography_typography":"custom","description_typography_font_family":"Roboto","description_typography_font_size":{"unit":"px","size":14},"description_typography_font_weight":"400","text_align_mobile":"center","image_space":{"unit":"px","size":20},"text_align":"left","title_bottom_space":{"unit":"px","size":10},"title_color":"#2d324b","description_color":"rgba(45,50,75,0.91)","_margin":{"unit":"px","top":"0","right":"0","bottom":"40","left":"0","isLinked":false},"image_size_mobile":{"unit":"%","size":20},"image_size_tablet":{"unit":"%","size":10},"text_align_tablet":"center"},"elements":[],"isInner":false,"widgetType":"image-box","elType":"widget"}],"isInner":false,"elType":"column"},{"id":"a813203","settings":{"_column_size":66,"_inline_size":null,"padding":{"unit":"px","top":"0","right":"0","bottom":"0","left":"0","isLinked":true},"content_position":"center","_inline_size_tablet":100},"elements":[],"isInner":false,"elType":"column"}],"isInner":false,"elType":"section"}],"page_settings":{"background_color_stop":{"unit":"%","size":"0","sizes":[]},"background_color_b_stop":{"unit":"%","size":"100","sizes":[]},"background_gradient_angle":{"unit":"deg","size":"180","sizes":[]},"background_xpos":{"unit":"px","size":"0","sizes":[]},"background_xpos_tablet":{"unit":"px","size":"0","sizes":[]},"background_xpos_mobile":{"unit":"px","size":"0","sizes":[]},"background_ypos":{"unit":"px","size":"0","sizes":[]},"background_ypos_tablet":{"unit":"px","size":"0","sizes":[]},"background_ypos_mobile":{"unit":"px","size":"0","sizes":[]},"background_bg_width":{"unit":"%","size":"100","sizes":[]},"background_bg_width_tablet":{"unit":"px","size":"","sizes":[]},"background_bg_width_mobile":{"unit":"px","size":"","sizes":[]},"element_pack_toolbar_typography_font_size":{"unit":"px","size":"","sizes":[]},"element_pack_toolbar_typography_font_size_tablet":{"unit":"px","size":"","sizes":[]},"element_pack_toolbar_typography_font_size_mobile":{"unit":"px","size":"","sizes":[]},"element_pack_toolbar_typography_line_height":{"unit":"em","size":"","sizes":[]},"element_pack_toolbar_typography_line_height_tablet":{"unit":"em","size":"","sizes":[]},"element_pack_toolbar_typography_line_height_mobile":{"unit":"em","size":"","sizes":[]},"element_pack_toolbar_typography_letter_spacing":{"unit":"px","size":"","sizes":[]},"element_pack_toolbar_typography_letter_spacing_tablet":{"unit":"px","size":"","sizes":[]},"element_pack_toolbar_typography_letter_spacing_mobile":{"unit":"px","size":"","sizes":[]},"element_pack_global_tooltip_width":{"unit":"px","size":"","sizes":[]},"element_pack_global_tooltip_width_tablet":{"unit":"px","size":"","sizes":[]},"element_pack_global_tooltip_width_mobile":{"unit":"px","size":"","sizes":[]},"element_pack_global_tooltip_background_color_stop":{"unit":"%","size":"0","sizes":[]},"element_pack_global_tooltip_background_color_b_stop":{"unit":"%","size":"100","sizes":[]},"element_pack_global_tooltip_background_gradient_angle":{"unit":"deg","size":"180","sizes":[]},"element_pack_global_tooltip_background_xpos":{"unit":"px","size":"0","sizes":[]},"element_pack_global_tooltip_background_xpos_tablet":{"unit":"px","size":"0","sizes":[]},"element_pack_global_tooltip_background_xpos_mobile":{"unit":"px","size":"0","sizes":[]},"element_pack_global_tooltip_background_ypos":{"unit":"px","size":"0","sizes":[]},"element_pack_global_tooltip_background_ypos_tablet":{"unit":"px","size":"0","sizes":[]},"element_pack_global_tooltip_background_ypos_mobile":{"unit":"px","size":"0","sizes":[]},"element_pack_global_tooltip_background_bg_width":{"unit":"%","size":"100","sizes":[]},"element_pack_global_tooltip_background_bg_width_tablet":{"unit":"px","size":"","sizes":[]},"element_pack_global_tooltip_background_bg_width_mobile":{"unit":"px","size":"","sizes":[]},"element_pack_global_tooltip_typography_font_size":{"unit":"px","size":"","sizes":[]},"element_pack_global_tooltip_typography_font_size_tablet":{"unit":"px","size":"","sizes":[]},"element_pack_global_tooltip_typography_font_size_mobile":{"unit":"px","size":"","sizes":[]},"element_pack_global_tooltip_typography_line_height":{"unit":"em","size":"","sizes":[]},"element_pack_global_tooltip_typography_line_height_tablet":{"unit":"em","size":"","sizes":[]},"element_pack_global_tooltip_typography_line_height_mobile":{"unit":"em","size":"","sizes":[]},"element_pack_global_tooltip_typography_letter_spacing":{"unit":"px","size":"","sizes":[]},"element_pack_global_tooltip_typography_letter_spacing_tablet":{"unit":"px","size":"","sizes":[]},"element_pack_global_tooltip_typography_letter_spacing_mobile":{"unit":"px","size":"","sizes":[]}}}