{"version":"0.4","title":"Footer Demo Set 4-5","type":"section","content":[{"id":"4e28bfbf","settings":{"background_background":"classic","content_width":{"unit":"px","size":800},"background_image":{"id":47677,"url":"http:\/\/192.168.1.100\/business-ready-pages\/wp-content\/uploads\/2019\/04\/footer-bg-1.jpg"},"background_position":"center center","background_size":"cover","background_overlay_background":"classic","background_overlay_opacity":{"unit":"px","size":0.8000000000000000444089209850062616169452667236328125},"shape_divider_top_negative":"yes","margin":{"unit":"px","top":"","right":0,"bottom":"","left":0,"isLinked":true},"padding":{"unit":"px","top":"100","right":"0","bottom":"100","left":"0","isLinked":false},"padding_mobile":{"unit":"px","top":"50","right":"15","bottom":"50","left":"15","isLinked":false},"padding_tablet":{"unit":"px","top":"50","right":"30","bottom":"50","left":"30","isLinked":false}},"elements":[{"id":"7a071c35","settings":{"_column_size":100,"_inline_size_mobile":100,"padding":{"unit":"px","top":"50","right":"0","bottom":"0","left":"0","isLinked":false},"_inline_size_tablet":100},"elements":[{"id":"124eb17d","settings":{"image":{"id":47653,"url":"http:\/\/192.168.1.100\/business-ready-pages\/wp-content\/uploads\/2019\/04\/logo-1-1.svg"},"image_size":"full","width":{"unit":"%","size":20},"width_mobile":{"unit":"%","size":50}},"elements":[],"isInner":false,"widgetType":"image","elType":"widget"},{"id":"19d76a17","settings":{"social_icon_list":[{"social":"fa fa-facebook","_id":"a501975","link":{"url":"","is_external":"true","nofollow":""},"social_icon":{"value":"fab fa-wordpress","library":"fa-brands"},"item_icon_color":"default","item_icon_primary_color":"","item_icon_secondary_color":""},{"social":"fa fa-twitter","_id":"2957f74","link":{"url":"","is_external":"true","nofollow":""},"social_icon":{"value":"fab fa-wordpress","library":"fa-brands"},"item_icon_color":"default","item_icon_primary_color":"","item_icon_secondary_color":""},{"social":"fa fa-google-plus","_id":"8280b61","link":{"url":"","is_external":"true","nofollow":""},"social_icon":{"value":"fab fa-wordpress","library":"fa-brands"},"item_icon_color":"default","item_icon_primary_color":"","item_icon_secondary_color":""},{"social":"fa fa-instagram","_id":"e4d8aef","link":{"url":"","is_external":"true","nofollow":""},"social_icon":{"value":"fab fa-wordpress","library":"fa-brands"},"item_icon_color":"default","item_icon_primary_color":"","item_icon_secondary_color":""},{"social":"fa fa-pinterest","_id":"5463e6b","link":{"url":"","is_external":"true","nofollow":""},"social_icon":{"value":"fab fa-wordpress","library":"fa-brands"},"item_icon_color":"default","item_icon_primary_color":"","item_icon_secondary_color":""}],"shape":"circle","icon_size":{"unit":"px","size":15},"icon_padding":{"unit":"em","size":1.5},"icon_spacing":{"unit":"px","size":15},"hover_animation":"push","_margin":{"unit":"px","top":"50","right":"0","bottom":"30","left":"0","isLinked":false},"icon_size_mobile":{"unit":"px","size":10},"icon_padding_mobile":{"unit":"em","size":1.8000000000000000444089209850062616169452667236328125},"icon_spacing_mobile":{"unit":"px","size":8}},"elements":[],"isInner":false,"widgetType":"social-icons","elType":"widget"},{"id":"7d4e7c87","settings":{"editor":"<p>\u00a9 Copyright 2019 All Rights Reserved by\u00a0<a title=\"Element Pack\" href=\"https:\/\/elementpack.pro\/demo\/ready-pages\/\">Element Pack<\/a><\/p>","align":"center","text_color":"#fb3101","typography_typography":"custom","typography_font_family":"Source Sans Pro"},"elements":[],"isInner":false,"widgetType":"text-editor","elType":"widget"}],"isInner":false,"elType":"column"}],"isInner":false,"elType":"section"}]}