{"version":"0.4","title":"Footer Demo Set 4-3","type":"section","content":[{"id":"39598fbb","settings":{"structure":"50","padding":{"unit":"px","top":"100","right":"0","bottom":"100","left":"0","isLinked":false},"padding_tablet":{"unit":"px","top":"80","right":"30","bottom":"80","left":"30","isLinked":false},"padding_mobile":{"unit":"px","top":"50","right":"0","bottom":"50","left":"0","isLinked":false}},"elements":[{"id":"13ebfe17","settings":{"_column_size":20,"_inline_size":27.98400000000000176214598468504846096038818359375,"background_hover_background":"classic","background_hover_color":"#ffffff","border_radius_hover":{"unit":"px","top":"10","right":"10","bottom":"10","left":"10","isLinked":true},"box_shadow_hover_box_shadow":{"horizontal":0,"vertical":20,"blur":40,"spread":6,"color":"rgba(140,140,140,0.09)"},"padding":{"unit":"px","top":"30","right":"0","bottom":"20","left":"40","isLinked":false},"_inline_size_tablet":50},"elements":[{"id":"bbff8b0","settings":{"image":{"id":48448,"url":"https:\/\/bdthemes.net\/demo\/ready-pages\/ready-blocks\/wp-content\/uploads\/2019\/04\/logo-1-1-1.png"},"align":"left","link_to":"custom","link":{"url":"#","is_external":"","nofollow":""},"width":{"unit":"%","size":30},"width_mobile":{"unit":"%","size":14}},"elements":[],"isInner":false,"widgetType":"image","elType":"widget"},{"id":"7a741e5b","settings":{"social_icon_list":[{"social":"fa fa-facebook","_id":"a72e193","link":{"url":"","is_external":"true","nofollow":""},"social_icon":{"value":"fab fa-wordpress","library":"fa-brands"},"item_icon_color":"default","item_icon_primary_color":"","item_icon_secondary_color":""},{"social":"fa fa-twitter","_id":"3c6d80c","link":{"url":"","is_external":"true","nofollow":""},"social_icon":{"value":"fab fa-wordpress","library":"fa-brands"},"item_icon_color":"default","item_icon_primary_color":"","item_icon_secondary_color":""},{"social":"fa fa-google-plus","_id":"09398e2","link":{"url":"","is_external":"true","nofollow":""},"social_icon":{"value":"fab fa-wordpress","library":"fa-brands"},"item_icon_color":"default","item_icon_primary_color":"","item_icon_secondary_color":""},{"social":"fa fa-youtube","_id":"70e4837","link":{"url":"","is_external":"true","nofollow":""},"social_icon":{"value":"fab fa-wordpress","library":"fa-brands"},"item_icon_color":"default","item_icon_primary_color":"","item_icon_secondary_color":""}],"shape":"circle","align":"left","icon_color":"custom","icon_primary_color":"rgba(97,206,112,0)","icon_secondary_color":"#afafaf","icon_size":{"unit":"px","size":16},"icon_spacing":{"unit":"px","size":12},"icon_size_mobile":{"unit":"px","size":12}},"elements":[],"isInner":false,"widgetType":"social-icons","elType":"widget"},{"id":"7fd54815","settings":{"editor":"Copyright 2018 <span style=\"color: #3ED2A8\">Five<\/span>. All Rights Reserved.","typography_typography":"custom","typography_font_family":"Comfortaa","typography_font_size":{"unit":"px","size":14},"typography_font_size_mobile":{"unit":"px","size":12}},"elements":[],"isInner":false,"widgetType":"text-editor","elType":"widget"}],"isInner":true,"elType":"column"},{"id":"350ce92c","settings":{"_column_size":20,"_inline_size":17.98400000000000176214598468504846096038818359375,"background_hover_background":"classic","background_hover_color":"#ffffff","border_radius_hover":{"unit":"px","top":"10","right":"10","bottom":"10","left":"10","isLinked":true},"box_shadow_hover_box_shadow":{"horizontal":0,"vertical":20,"blur":40,"spread":6,"color":"rgba(140,140,140,0.09)"},"padding":{"unit":"px","top":"30","right":"0","bottom":"20","left":"30","isLinked":false},"_inline_size_tablet":50},"elements":[{"id":"1899e4ab","settings":{"title":"Main Navigation","header_size":"h3","align":"left","typography_typography":"custom","typography_letter_spacing":{"unit":"px","size":2},"title_color":"#54595f","typography_font_size":{"unit":"px","size":16},"typography_font_weight":"500"},"elements":[],"isInner":false,"widgetType":"heading","elType":"widget"},{"id":"47baf585","settings":{"icon_list":[{"text":"Home","icon":"","_id":"096e482","link":{"url":"#","is_external":"","nofollow":""},"selected_icon":{"value":"fas fa-check","library":"fa-solid"}},{"text":"Product","icon":"","_id":"cd53c86","link":{"url":"#","is_external":"","nofollow":""},"selected_icon":{"value":"fas fa-check","library":"fa-solid"}},{"text":"Customers","icon":"","_id":"5247f72","link":{"url":"#","is_external":"","nofollow":""},"selected_icon":{"value":"fas fa-check","library":"fa-solid"}},{"text":"Pricing","icon":"","_id":"97e5589","link":{"url":"#","is_external":"","nofollow":""},"selected_icon":{"value":"fas fa-check","library":"fa-solid"}}],"text_color":"#9e9e9e","space_between":{"unit":"px","size":10},"icon_typography_typography":"custom","icon_typography_font_family":"Comfortaa","icon_typography_font_size":{"unit":"px","size":14}},"elements":[],"isInner":false,"widgetType":"icon-list","elType":"widget"}],"isInner":true,"elType":"column"},{"id":"4715ee14","settings":{"_column_size":20,"_inline_size":17.98400000000000176214598468504846096038818359375,"background_hover_background":"classic","background_hover_color":"#ffffff","border_radius_hover":{"unit":"px","top":"10","right":"10","bottom":"10","left":"10","isLinked":true},"box_shadow_hover_box_shadow":{"horizontal":0,"vertical":20,"blur":40,"spread":6,"color":"rgba(140,140,140,0.09)"},"padding":{"unit":"px","top":"30","right":"0","bottom":"20","left":"30","isLinked":false},"_inline_size_tablet":33.3299999999999982946974341757595539093017578125},"elements":[{"id":"5871142e","settings":{"title":"About Us","header_size":"h3","align":"left","typography_typography":"custom","typography_letter_spacing":{"unit":"px","size":2},"title_color":"#54595f","typography_font_size":{"unit":"px","size":16},"typography_font_weight":"500"},"elements":[],"isInner":false,"widgetType":"heading","elType":"widget"},{"id":"45d8ba0e","settings":{"icon_list":[{"text":"Company","icon":"","_id":"096e482","link":{"url":"#","is_external":"","nofollow":""},"selected_icon":{"value":"fas fa-check","library":"fa-solid"}},{"text":"Jobs","icon":"","_id":"cd53c86","link":{"url":"#","is_external":"","nofollow":""},"selected_icon":{"value":"fas fa-check","library":"fa-solid"}},{"text":"Press","icon":"","_id":"5247f72","link":{"url":"#","is_external":"","nofollow":""},"selected_icon":{"value":"fas fa-check","library":"fa-solid"}},{"text":"Blog","icon":"","_id":"97e5589","link":{"url":"#","is_external":"","nofollow":""},"selected_icon":{"value":"fas fa-check","library":"fa-solid"}}],"text_color":"#9e9e9e","space_between":{"unit":"px","size":10},"icon_typography_typography":"custom","icon_typography_font_family":"Comfortaa","icon_typography_font_size":{"unit":"px","size":14}},"elements":[],"isInner":false,"widgetType":"icon-list","elType":"widget"}],"isInner":true,"elType":"column"},{"id":"143134d8","settings":{"_column_size":20,"_inline_size":17.98400000000000176214598468504846096038818359375,"background_hover_background":"classic","background_hover_color":"#ffffff","border_radius_hover":{"unit":"px","top":"10","right":"10","bottom":"10","left":"10","isLinked":true},"box_shadow_hover_box_shadow":{"horizontal":0,"vertical":20,"blur":40,"spread":6,"color":"rgba(140,140,140,0.09)"},"padding":{"unit":"px","top":"30","right":"0","bottom":"20","left":"30","isLinked":false},"_inline_size_tablet":33.3299999999999982946974341757595539093017578125},"elements":[{"id":"5f1a5a7c","settings":{"title":"Workflows ","header_size":"h3","align":"left","typography_typography":"custom","typography_letter_spacing":{"unit":"px","size":2},"title_color":"#54595f","typography_font_size":{"unit":"px","size":16},"typography_font_weight":"500"},"elements":[],"isInner":false,"widgetType":"heading","elType":"widget"},{"id":"bc710ff","settings":{"icon_list":[{"text":"Management","icon":"","_id":"096e482","link":{"url":"#","is_external":"","nofollow":""},"selected_icon":{"value":"fas fa-check","library":"fa-solid"}},{"text":"Reporting ","icon":"","_id":"cd53c86","link":{"url":"#","is_external":"","nofollow":""},"selected_icon":{"value":"fas fa-check","library":"fa-solid"}},{"text":"Tracing","icon":"","_id":"5247f72","link":{"url":"#","is_external":"","nofollow":""},"selected_icon":{"value":"fas fa-check","library":"fa-solid"}},{"text":"All Users","icon":"","_id":"97e5589","link":{"url":"#","is_external":"","nofollow":""},"selected_icon":{"value":"fas fa-check","library":"fa-solid"}}],"text_color":"#9e9e9e","space_between":{"unit":"px","size":10},"icon_typography_typography":"custom","icon_typography_font_family":"Comfortaa","icon_typography_font_size":{"unit":"px","size":14}},"elements":[],"isInner":false,"widgetType":"icon-list","elType":"widget"}],"isInner":true,"elType":"column"},{"id":"17e1f60c","settings":{"_column_size":20,"_inline_size":18.06400000000000005684341886080801486968994140625,"background_hover_background":"classic","background_hover_color":"#ffffff","border_radius_hover":{"unit":"px","top":"10","right":"10","bottom":"10","left":"10","isLinked":true},"box_shadow_hover_box_shadow":{"horizontal":0,"vertical":20,"blur":40,"spread":6,"color":"rgba(140,140,140,0.09)"},"padding":{"unit":"px","top":"30","right":"0","bottom":"20","left":"30","isLinked":false},"_inline_size_tablet":33.3299999999999982946974341757595539093017578125},"elements":[{"id":"77de0a1f","settings":{"title":"Resources","header_size":"h3","align":"left","typography_typography":"custom","typography_letter_spacing":{"unit":"px","size":2},"title_color":"#54595f","typography_font_size":{"unit":"px","size":16},"typography_font_weight":"500"},"elements":[],"isInner":false,"widgetType":"heading","elType":"widget"},{"id":"46369122","settings":{"icon_list":[{"text":"Five Guide","icon":"","_id":"096e482","link":{"url":"#","is_external":"","nofollow":""},"selected_icon":{"value":"fas fa-check","library":"fa-solid"}},{"text":"support","icon":"","_id":"cd53c86","link":{"url":"#","is_external":"","nofollow":""},"selected_icon":{"value":"fas fa-check","library":"fa-solid"}},{"text":"Integrations","icon":"","_id":"5247f72","link":{"url":"#","is_external":"","nofollow":""},"selected_icon":{"value":"fas fa-check","library":"fa-solid"}},{"text":"Community","icon":"","_id":"97e5589","link":{"url":"#","is_external":"","nofollow":""},"selected_icon":{"value":"fas fa-check","library":"fa-solid"}}],"text_color":"#9e9e9e","space_between":{"unit":"px","size":10},"icon_typography_typography":"custom","icon_typography_font_family":"Comfortaa","icon_typography_font_size":{"unit":"px","size":14}},"elements":[],"isInner":false,"widgetType":"icon-list","elType":"widget"}],"isInner":true,"elType":"column"}],"isInner":true,"elType":"section"}]}