{"version":"0.4","title":"Footer Demo Set 4-4","type":"section","content":[{"id":"1a76f1e3","settings":{"gap":"wide","structure":"40","background_background":"classic","background_color":"#4c3aad","padding":{"unit":"px","top":"100","right":"0","bottom":"100","left":"0","isLinked":false},"padding_tablet":{"unit":"px","top":"80","right":"30","bottom":"80","left":"30","isLinked":false},"padding_mobile":{"unit":"px","top":"50","right":"15","bottom":"50","left":"15","isLinked":false}},"elements":[{"id":"1073cdae","settings":{"_column_size":25,"_inline_size":20,"_inline_size_tablet":33.3299999999999982946974341757595539093017578125,"_inline_size_mobile":100},"elements":[{"id":"8381377","settings":{"title":"ABOUT US","align":"left","typography_typography":"custom","typography_font_size":{"unit":"px","size":15},"typography_font_size_tablet":{"unit":"px","size":18},"typography_font_size_mobile":{"unit":"px","size":15},"typography_line_height":{"unit":"em","size":1.3000000000000000444089209850062616169452667236328125},"title_color":"#ffffff","align_mobile":"left","align_tablet":"left","_margin":{"unit":"px","top":"0","right":"0","bottom":"-10","left":"0","isLinked":false}},"elements":[],"isInner":false,"widgetType":"heading","elType":"widget"},{"id":"7b19a10c","settings":{"title":"Lorem ipsum dolor sit amet, consectetur adipiscing elit. Ut elit tellus, luctus nec.","align":"left","typography_typography":"custom","typography_font_size":{"unit":"px","size":15},"typography_font_size_tablet":{"unit":"px","size":18},"typography_font_size_mobile":{"unit":"px","size":15},"typography_line_height":{"unit":"em","size":1.3000000000000000444089209850062616169452667236328125},"title_color":"rgba(255,255,255,0.7)","align_mobile":"left","align_tablet":"left","_margin":{"unit":"px","top":"0","right":"0","bottom":"-10","left":"0","isLinked":false},"typography_font_weight":"300"},"elements":[],"isInner":false,"widgetType":"heading","elType":"widget"}],"isInner":false,"elType":"column"},{"id":"13057d6","settings":{"_column_size":25,"_inline_size":20,"_inline_size_tablet":33.3299999999999982946974341757595539093017578125,"_inline_size_mobile":100},"elements":[{"id":"409828cf","settings":{"title":"CONTACT US","align":"left","typography_typography":"custom","typography_font_size":{"unit":"px","size":15},"typography_font_size_tablet":{"unit":"px","size":18},"typography_font_size_mobile":{"unit":"px","size":15},"typography_line_height":{"unit":"em","size":1.3000000000000000444089209850062616169452667236328125},"title_color":"#ffffff","align_mobile":"left","align_tablet":"left","_margin":{"unit":"px","top":"0","right":"0","bottom":"-10","left":"0","isLinked":false}},"elements":[],"isInner":false,"widgetType":"heading","elType":"widget"},{"id":"140e90d4","settings":{"editor":"<p>\u00a0Your official source for 24\/7 \u00a0Fax: +88-02-9882970<\/p>","align_mobile":"left","text_color":"rgba(255,255,255,0.7)"},"elements":[],"isInner":false,"widgetType":"text-editor","elType":"widget"}],"isInner":false,"elType":"column"},{"id":"3f69f63a","settings":{"_column_size":25,"_inline_size":20,"_inline_size_tablet":33.3299999999999982946974341757595539093017578125,"_inline_size_mobile":100},"elements":[{"id":"7e20ad33","settings":{"title":"LOCATION","align":"left","typography_typography":"custom","typography_font_size":{"unit":"px","size":15},"typography_font_size_tablet":{"unit":"px","size":18},"typography_font_size_mobile":{"unit":"px","size":15},"typography_line_height":{"unit":"em","size":1.3000000000000000444089209850062616169452667236328125},"title_color":"#ffffff","align_mobile":"left","align_tablet":"left","_margin":{"unit":"px","top":"0","right":"0","bottom":"-10","left":"0","isLinked":false}},"elements":[],"isInner":false,"widgetType":"heading","elType":"widget"},{"id":"3c5452bb","settings":{"editor":"<p>Address: Flat no B-5 Plot 06 Block SW(H)-California.<\/p>","align_mobile":"left","text_color":"rgba(255,255,255,0.7)"},"elements":[],"isInner":false,"widgetType":"text-editor","elType":"widget"}],"isInner":false,"elType":"column"},{"id":"77731f97","settings":{"_column_size":25,"_inline_size":40,"_inline_size_tablet":100,"_inline_size_mobile":100},"elements":[{"id":"1ed8d2ba","settings":{"share_buttons":[{"button":"facebook","_id":"7a0ee76","text":""},{"button":"googleplus","_id":"c9f52fa","text":""},{"button":"twitter","_id":"e11bbf2","text":""},{"button":"odnoklassniki","_id":"95acf50","text":""},{"button":"tumblr","_id":"5708a0c","text":""},{"button":"blogger","_id":"d994bb4","text":""}],"style":"gradient","shape":"rounded","columns":"3"},"elements":[],"isInner":false,"widgetType":"bdt-social-share","elType":"widget"}],"isInner":false,"elType":"column"}],"isInner":false,"elType":"section"}]}