{"version":"0.4","title":"Footer Demo Set 2-1","type":"section","content":[{"id":"321df3f5","settings":{"background_background":"classic","background_position":"center center","background_attachment":"fixed","background_size":"cover","background_overlay_background":"classic","padding_tablet":{"unit":"px","top":"0","right":"0","bottom":"80","left":"0","isLinked":false},"padding_mobile":{"unit":"px","top":"0","right":"0","bottom":"50","left":"0","isLinked":false},"layout":"full_width","structure":"20"},"elements":[{"id":"7c76cc86","settings":{"_column_size":50,"_inline_size_tablet":100,"_inline_size":null,"content_position":"center","background_background":"classic","background_image":{"id":47345,"url":"http:\/\/192.168.1.100\/business-ready-pages\/wp-content\/uploads\/2019\/04\/contact-bg-1.jpg"},"background_overlay_background":"classic","background_overlay_color":"#1e145b","background_size":"cover","_inline_size_mobile":100,"padding_tablet":{"unit":"px","top":"50","right":"50","bottom":"50","left":"50","isLinked":true},"padding_mobile":{"unit":"px","top":"30","right":"30","bottom":"30","left":"30","isLinked":true}},"elements":[{"id":"3a7466e4","settings":{"content_width":{"unit":"px","size":500}},"elements":[{"id":"76d2d632","settings":{"_column_size":100,"_inline_size":null},"elements":[{"id":"6c1081a","settings":{"icon_list":[{"text":"Info@example.Com","icon":"fa fa-envelope-o","_id":"078c7ca","link":{"url":"#","is_external":"","nofollow":""},"selected_icon":{"value":"fas fa-check","library":"fa-solid"}},{"text":"(+96) 111 22 444 Mon - fri 9am -5pm, Tuesday off.","icon":"fa fa-phone","_id":"be9b3eb","link":{"url":"#","is_external":"","nofollow":""},"selected_icon":{"value":"fas fa-check","library":"fa-solid"}},{"text":" United States 587, Road-12. Court Washington DC. ","icon":"fa fa-location-arrow","_id":"278f8f2","link":{"url":"#","is_external":"","nofollow":""},"selected_icon":{"value":"fas fa-check","library":"fa-solid"}},{"text":"Company Update Sharing With Latest News.","icon":"fa fa-share-alt","_id":"cce0f8b","link":{"url":"#","is_external":"","nofollow":""},"selected_icon":{"value":"fas fa-check","library":"fa-solid"}}],"space_between":{"unit":"px","size":15},"text_color":"#ffffff","text_color_hover":"#00f7f3","text_indent":{"unit":"px","size":25},"icon_color":"#ffffff","icon_size":{"unit":"px","size":30}},"elements":[],"isInner":false,"widgetType":"icon-list","elType":"widget"},{"id":"7988dd28","settings":{"social_icon_list":[{"social":"fa fa-facebook","_id":"55d3914","link":{"url":"","is_external":"true","nofollow":""},"social_icon":{"value":"fab fa-wordpress","library":"fa-brands"},"item_icon_color":"default","item_icon_primary_color":"","item_icon_secondary_color":""},{"social":"fa fa-twitter","_id":"12bfef7","link":{"url":"","is_external":"true","nofollow":""},"social_icon":{"value":"fab fa-wordpress","library":"fa-brands"},"item_icon_color":"default","item_icon_primary_color":"","item_icon_secondary_color":""},{"social":"fa fa-google-plus","_id":"b434c7e","link":{"url":"","is_external":"true","nofollow":""},"social_icon":{"value":"fab fa-wordpress","library":"fa-brands"},"item_icon_color":"default","item_icon_primary_color":"","item_icon_secondary_color":""},{"social":"fa fa-linkedin","_id":"85b0d89","link":{"url":"","is_external":"true","nofollow":""},"social_icon":{"value":"fab fa-wordpress","library":"fa-brands"},"item_icon_color":"default","item_icon_primary_color":"","item_icon_secondary_color":""},{"social":"fa fa-vimeo","_id":"989f318","link":{"url":"","is_external":"true","nofollow":""},"social_icon":{"value":"fab fa-wordpress","library":"fa-brands"},"item_icon_color":"default","item_icon_primary_color":"","item_icon_secondary_color":""}],"align":"left","icon_size":{"unit":"px","size":14},"icon_padding":{"unit":"em","size":1},"icon_spacing":{"unit":"px","size":12},"_margin":{"unit":"px","top":"40","right":"0","bottom":"0","left":"0","isLinked":false}},"elements":[],"isInner":false,"widgetType":"social-icons","elType":"widget"}],"isInner":true,"elType":"column"}],"isInner":true,"elType":"section"}],"isInner":false,"elType":"column"},{"id":"4661e3d1","settings":{"_column_size":50,"_inline_size":null,"content_position":"center","padding":{"unit":"px","top":"80","right":"130","bottom":"80","left":"130","isLinked":false},"_inline_size_tablet":100,"_inline_size_mobile":100,"padding_mobile":{"unit":"px","top":"50","right":"30","bottom":"0","left":"30","isLinked":false},"padding_tablet":{"unit":"px","top":"80","right":"130","bottom":"0","left":"130","isLinked":false}},"elements":[{"id":"146eb92a","settings":{"title":"Get In Touch","align":"left","title_color":"#211d58","typography_typography":"custom","typography_font_family":"Poppins","typography_font_size":{"unit":"px","size":22},"typography_font_weight":"400","align_mobile":"left","typography_font_size_mobile":{"unit":"px","size":18},"align_tablet":"left"},"elements":[],"isInner":false,"widgetType":"heading","elType":"widget"},{"id":"24f6d6ee","settings":{"title":"Contact Us","align":"left","title_color":"#444444","typography_typography":"custom","typography_font_family":"Poppins","typography_font_size":{"unit":"px","size":40},"typography_font_weight":"500","_margin":{"unit":"px","top":"-15","right":"0","bottom":"40","left":"0","isLinked":false},"align_mobile":"left","typography_font_size_tablet":{"unit":"px","size":32},"typography_font_size_mobile":{"unit":"px","size":32},"typography_line_height":{"unit":"em","size":1.1999999999999999555910790149937383830547332763671875},"align_tablet":"left"},"elements":[],"isInner":false,"widgetType":"heading","elType":"widget"},{"id":"49aeff71","settings":{"show_labels":"","name_email_field_inline":"yes","button_text":"Send Message","user_name_label":"Name","user_name_placeholder":"John Doe","subject_label":"Subject","subject_placeholder":"Your message subject","email_address_label":"Email","email_placeholder":"example@email.com","message_label":"Your Message","additional_message":"Note: You have to fill-up above all respective field, then click below button for send your message","row_gap":{"unit":"px","size":15},"field_text_color":"#000000","field_placeholder_color":"rgba(0,0,0,0.6)","field_background_color":"#f1f0ff","field_padding":{"unit":"px","top":"12","right":"12","bottom":"12","left":"12","isLinked":true},"button_typography_typography":"custom","button_typography_font_family":"PT Serif","button_background_color":"#26ccca","button_text_padding":{"unit":"px","top":"18","right":"40","bottom":"18","left":"40","isLinked":false},"button_background_hover_color":"#1e145b","contact_label":"Contact Number","contact_placeholder":"Your contact number","button_background_color_background":"classic","button_background_color_color":"#211d58","button_background_hover_color_background":"classic","button_background_hover_color_color":"#26ccca"},"elements":[],"isInner":false,"widgetType":"bdt-contact-form","elType":"widget"}],"isInner":false,"elType":"column"}],"isInner":false,"elType":"section"}],"page_settings":{"background_color_stop":{"unit":"%","size":"0","sizes":[]},"background_color_b_stop":{"unit":"%","size":"100","sizes":[]},"background_gradient_angle":{"unit":"deg","size":"180","sizes":[]},"background_xpos":{"unit":"px","size":"0","sizes":[]},"background_xpos_tablet":{"unit":"px","size":"0","sizes":[]},"background_xpos_mobile":{"unit":"px","size":"0","sizes":[]},"background_ypos":{"unit":"px","size":"0","sizes":[]},"background_ypos_tablet":{"unit":"px","size":"0","sizes":[]},"background_ypos_mobile":{"unit":"px","size":"0","sizes":[]},"background_bg_width":{"unit":"%","size":"100","sizes":[]},"background_bg_width_tablet":{"unit":"px","size":"","sizes":[]},"background_bg_width_mobile":{"unit":"px","size":"","sizes":[]},"element_pack_toolbar_typography_font_size":{"unit":"px","size":"","sizes":[]},"element_pack_toolbar_typography_font_size_tablet":{"unit":"px","size":"","sizes":[]},"element_pack_toolbar_typography_font_size_mobile":{"unit":"px","size":"","sizes":[]},"element_pack_toolbar_typography_line_height":{"unit":"em","size":"","sizes":[]},"element_pack_toolbar_typography_line_height_tablet":{"unit":"em","size":"","sizes":[]},"element_pack_toolbar_typography_line_height_mobile":{"unit":"em","size":"","sizes":[]},"element_pack_toolbar_typography_letter_spacing":{"unit":"px","size":"","sizes":[]},"element_pack_toolbar_typography_letter_spacing_tablet":{"unit":"px","size":"","sizes":[]},"element_pack_toolbar_typography_letter_spacing_mobile":{"unit":"px","size":"","sizes":[]},"element_pack_global_tooltip_width":{"unit":"px","size":"","sizes":[]},"element_pack_global_tooltip_width_tablet":{"unit":"px","size":"","sizes":[]},"element_pack_global_tooltip_width_mobile":{"unit":"px","size":"","sizes":[]},"element_pack_global_tooltip_background_color_stop":{"unit":"%","size":"0","sizes":[]},"element_pack_global_tooltip_background_color_b_stop":{"unit":"%","size":"100","sizes":[]},"element_pack_global_tooltip_background_gradient_angle":{"unit":"deg","size":"180","sizes":[]},"element_pack_global_tooltip_background_xpos":{"unit":"px","size":"0","sizes":[]},"element_pack_global_tooltip_background_xpos_tablet":{"unit":"px","size":"0","sizes":[]},"element_pack_global_tooltip_background_xpos_mobile":{"unit":"px","size":"0","sizes":[]},"element_pack_global_tooltip_background_ypos":{"unit":"px","size":"0","sizes":[]},"element_pack_global_tooltip_background_ypos_tablet":{"unit":"px","size":"0","sizes":[]},"element_pack_global_tooltip_background_ypos_mobile":{"unit":"px","size":"0","sizes":[]},"element_pack_global_tooltip_background_bg_width":{"unit":"%","size":"100","sizes":[]},"element_pack_global_tooltip_background_bg_width_tablet":{"unit":"px","size":"","sizes":[]},"element_pack_global_tooltip_background_bg_width_mobile":{"unit":"px","size":"","sizes":[]},"element_pack_global_tooltip_typography_font_size":{"unit":"px","size":"","sizes":[]},"element_pack_global_tooltip_typography_font_size_tablet":{"unit":"px","size":"","sizes":[]},"element_pack_global_tooltip_typography_font_size_mobile":{"unit":"px","size":"","sizes":[]},"element_pack_global_tooltip_typography_line_height":{"unit":"em","size":"","sizes":[]},"element_pack_global_tooltip_typography_line_height_tablet":{"unit":"em","size":"","sizes":[]},"element_pack_global_tooltip_typography_line_height_mobile":{"unit":"em","size":"","sizes":[]},"element_pack_global_tooltip_typography_letter_spacing":{"unit":"px","size":"","sizes":[]},"element_pack_global_tooltip_typography_letter_spacing_tablet":{"unit":"px","size":"","sizes":[]},"element_pack_global_tooltip_typography_letter_spacing_mobile":{"unit":"px","size":"","sizes":[]}}}