{"version":"0.4","title":"Footer Demo Set 2-5","type":"section","content":[{"id":"325147a2","settings":{"background_background":"classic","background_position":"center center","background_attachment":"fixed","background_size":"cover","background_overlay_background":"classic","padding_tablet":{"unit":"px","top":"120","right":"60","bottom":"80","left":"30","isLinked":false},"padding_mobile":{"unit":"px","top":"50","right":"30","bottom":"50","left":"30","isLinked":false},"structure":"40","content_width":{"unit":"px","size":1600},"background_image":{"id":47365,"url":"http:\/\/192.168.1.100\/business-ready-pages\/wp-content\/uploads\/2019\/04\/contact-us-bg.jpg"},"shape_divider_top":"waves","shape_divider_top_width":{"unit":"%","size":290},"shape_divider_top_height":{"unit":"px","size":132},"margin":{"unit":"px","top":"","right":0,"bottom":"","left":0,"isLinked":true},"padding":{"unit":"px","top":"150","right":"0","bottom":"150","left":"0","isLinked":false},"background_overlay_color":"rgba(0,0,0,0.6)"},"elements":[{"id":"79cbb991","settings":{"_column_size":25,"_inline_size":null,"content_position":"center","padding":{"unit":"px","top":"35","right":"35","bottom":"35","left":"35","isLinked":true},"_inline_size_tablet":50,"_inline_size_mobile":100,"padding_mobile":{"unit":"px","top":"0","right":"0","bottom":"0","left":"0","isLinked":false}},"elements":[{"id":"7bdea2e6","settings":{"title":"About Our Apps","align":"left","title_color":"#ffffff","typography_typography":"custom","typography_font_family":"Poppins","typography_font_size_mobile":{"unit":"px","size":24},"_margin_mobile":{"unit":"px","top":"0","right":"0","bottom":"0","left":"0","isLinked":false},"typography_font_size":{"unit":"px","size":18}},"elements":[],"isInner":false,"widgetType":"heading","elType":"widget"},{"id":"355ee1a5","settings":{"editor":"<p>A wonderful serenity has taken possession of my entire soul, like these sweet mornings of spring which I enjoy with my whole heart.<\/p><p>One morning, when Gregor Samsa woke from troubled dreams, he found himself transformed.<\/p>","align":"left","typography_typography":"custom","typography_font_family":"PT Serif","_margin":{"unit":"px","top":"0","right":"0","bottom":"40","left":"0","isLinked":false},"text_color":"#ffffff"},"elements":[],"isInner":false,"widgetType":"text-editor","elType":"widget"},{"id":"2824b4b1","settings":{"social_icon_list":[{"social":"fa fa-facebook","_id":"55d3914","link":{"url":"","is_external":"true","nofollow":""},"social_icon":{"value":"fab fa-wordpress","library":"fa-brands"},"item_icon_color":"default","item_icon_primary_color":"","item_icon_secondary_color":""},{"social":"fa fa-twitter","_id":"12bfef7","link":{"url":"","is_external":"true","nofollow":""},"social_icon":{"value":"fab fa-wordpress","library":"fa-brands"},"item_icon_color":"default","item_icon_primary_color":"","item_icon_secondary_color":""},{"social":"fa fa-google-plus","_id":"b434c7e","link":{"url":"","is_external":"true","nofollow":""},"social_icon":{"value":"fab fa-wordpress","library":"fa-brands"},"item_icon_color":"default","item_icon_primary_color":"","item_icon_secondary_color":""},{"social":"fa fa-linkedin","_id":"85b0d89","link":{"url":"","is_external":"true","nofollow":""},"social_icon":{"value":"fab fa-wordpress","library":"fa-brands"},"item_icon_color":"default","item_icon_primary_color":"","item_icon_secondary_color":""},{"social":"fa fa-vimeo","_id":"989f318","link":{"url":"","is_external":"true","nofollow":""},"social_icon":{"value":"fab fa-wordpress","library":"fa-brands"},"item_icon_color":"default","item_icon_primary_color":"","item_icon_secondary_color":""}],"align":"left","icon_size":{"unit":"px","size":14},"icon_padding":{"unit":"em","size":1},"icon_spacing":{"unit":"px","size":12}},"elements":[],"isInner":false,"widgetType":"social-icons","elType":"widget"}],"isInner":false,"elType":"column"},{"id":"51a433f2","settings":{"_column_size":25,"_inline_size_tablet":50,"_inline_size":null,"content_position":"center","background_background":"classic","background_overlay_background":"classic","background_color":"#573e96","border_radius":{"unit":"px","top":"10","right":"10","bottom":"10","left":"10","isLinked":true},"padding":{"unit":"px","top":"35","right":"35","bottom":"35","left":"35","isLinked":true},"_inline_size_mobile":100,"box_shadow_box_shadow_type":"yes","box_shadow_box_shadow":{"horizontal":0,"vertical":10,"blur":50,"spread":0,"color":"rgba(0,0,0,0.1)"},"margin_mobile":{"unit":"px","top":"40","right":"0","bottom":"0","left":"0","isLinked":false}},"elements":[{"id":"9fbf64e","settings":{"icon_list":[{"text":"Info@example.Com","icon":"fa fa-envelope-o","_id":"078c7ca","link":{"url":"#","is_external":"","nofollow":""},"selected_icon":{"value":"fas fa-check","library":"fa-solid"}},{"text":"(+96) 111 22 444 Mon - fri 9am -5pm, Tuesday off.","icon":"fa fa-phone","_id":"be9b3eb","link":{"url":"#","is_external":"","nofollow":""},"selected_icon":{"value":"fas fa-check","library":"fa-solid"}},{"text":" United States 587, Road-12. Court Washington DC. ","icon":"fa fa-location-arrow","_id":"278f8f2","link":{"url":"#","is_external":"","nofollow":""},"selected_icon":{"value":"fas fa-check","library":"fa-solid"}},{"text":"Company Update Sharing With Latest News.","icon":"fa fa-share-alt","_id":"cce0f8b","link":{"url":"#","is_external":"","nofollow":""},"selected_icon":{"value":"fas fa-check","library":"fa-solid"}}],"space_between":{"unit":"px","size":15},"text_color":"rgba(255,255,255,0.8)","text_color_hover":"#ffffff","text_indent":{"unit":"px","size":25},"icon_color":"#ffffff","icon_size":{"unit":"px","size":30},"icon_typography_typography":"custom","icon_typography_font_family":"PT Serif"},"elements":[],"isInner":false,"widgetType":"icon-list","elType":"widget"}],"isInner":false,"elType":"column"},{"id":"28753aed","settings":{"_column_size":25,"_inline_size":null,"_inline_size_tablet":50,"_inline_size_mobile":100,"padding":{"unit":"px","top":"35","right":"35","bottom":"35","left":"60","isLinked":false},"padding_tablet":{"unit":"px","top":"50","right":"0","bottom":"0","left":"35","isLinked":false},"padding_mobile":{"unit":"px","top":"40","right":"0","bottom":"0","left":"0","isLinked":false}},"elements":[{"id":"495b82c8","settings":{"title":"Services & Help","align":"left","title_color":"#ffffff","typography_typography":"custom","typography_font_family":"Poppins","typography_font_size_mobile":{"unit":"px","size":24},"_margin_mobile":{"unit":"px","top":"0","right":"0","bottom":"0","left":"0","isLinked":false},"typography_font_size":{"unit":"px","size":18}},"elements":[],"isInner":false,"widgetType":"heading","elType":"widget"},{"id":"57819b50","settings":{"gap":"wider","structure":"30"},"elements":[{"id":"2a02715e","settings":{"_column_size":33,"_inline_size":null,"_inline_size_mobile":100,"padding":{"unit":"px","top":"0","right":"0","bottom":"0","left":"0","isLinked":false}},"elements":[{"id":"60bfb4e6","settings":{"icon_list":[{"text":"Mobile App","icon":"","_id":"078c7ca","link":{"url":"#","is_external":"","nofollow":""},"selected_icon":{"value":"fas fa-check","library":"fa-solid"}},{"text":"Android App","icon":"","_id":"defe5ce","link":{"url":"#","is_external":"","nofollow":""},"selected_icon":{"value":"fas fa-check","library":"fa-solid"}},{"text":"Tab Base ","icon":"","_id":"22663f5","link":{"url":"#","is_external":"","nofollow":""},"selected_icon":{"value":"fas fa-check","library":"fa-solid"}},{"text":"Animation","icon":"","_id":"18fc704","link":{"url":"#","is_external":"","nofollow":""},"selected_icon":{"value":"fas fa-check","library":"fa-solid"}},{"text":"Strategy ","icon":"","_id":"58136b3","link":{"url":"#","is_external":"","nofollow":""},"selected_icon":{"value":"fas fa-check","library":"fa-solid"}},{"text":"Development","icon":"","_id":"09b2a1d","link":{"url":"#","is_external":"","nofollow":""},"selected_icon":{"value":"fas fa-check","library":"fa-solid"}}],"space_between":{"unit":"px","size":6},"text_color":"rgba(255,255,255,0.9)","text_color_hover":"#ffffff","icon_typography_typography":"custom","icon_typography_font_family":"Poppins"},"elements":[],"isInner":false,"widgetType":"icon-list","elType":"widget"}],"isInner":true,"elType":"column"},{"id":"4b9d84cf","settings":{"_column_size":33,"_inline_size":10,"padding":{"unit":"px","top":"0","right":"0","bottom":"0","left":"0","isLinked":false},"_inline_size_mobile":100},"elements":[],"isInner":true,"elType":"column"},{"id":"521b98d5","settings":{"_column_size":33,"_inline_size":56.32900000000000062527760746888816356658935546875,"_inline_size_mobile":100,"padding":{"unit":"px","top":"0","right":"0","bottom":"0","left":"0","isLinked":false}},"elements":[{"id":"656f9ec7","settings":{"icon_list":[{"text":"Help Center","icon":"","_id":"078c7ca","link":{"url":"#","is_external":"","nofollow":""},"selected_icon":{"value":"fas fa-check","library":"fa-solid"}},{"text":"Live Chat ","icon":"","_id":"defe5ce","link":{"url":"#","is_external":"","nofollow":""},"selected_icon":{"value":"fas fa-check","library":"fa-solid"}},{"text":"Contact Us","icon":"","_id":"22663f5","link":{"url":"#","is_external":"","nofollow":""},"selected_icon":{"value":"fas fa-check","library":"fa-solid"}},{"text":"Privacy Policy","icon":"","_id":"18fc704","link":{"url":"#","is_external":"","nofollow":""},"selected_icon":{"value":"fas fa-check","library":"fa-solid"}},{"text":"Terms of Use","icon":"","_id":"eabdaa4","link":{"url":"#","is_external":"","nofollow":""},"selected_icon":{"value":"fas fa-check","library":"fa-solid"}},{"text":"Restriction","icon":"","_id":"96ddd28","link":{"url":"#","is_external":"","nofollow":""},"selected_icon":{"value":"fas fa-check","library":"fa-solid"}}],"space_between":{"unit":"px","size":6},"text_color":"rgba(255,255,255,0.9)","text_color_hover":"#ffffff","icon_typography_typography":"custom","icon_typography_font_family":"Poppins"},"elements":[],"isInner":false,"widgetType":"icon-list","elType":"widget"}],"isInner":true,"elType":"column"}],"isInner":true,"elType":"section"}],"isInner":false,"elType":"column"},{"id":"543b3567","settings":{"_column_size":25,"_inline_size":null,"_inline_size_tablet":50,"padding_tablet":{"unit":"px","top":"50","right":"0","bottom":"0","left":"0","isLinked":false},"_inline_size_mobile":100},"elements":[{"id":"2bbae7a0","settings":{"show_labels":"","name_email_field_inline":"yes","button_text":"Send Message","user_name_label":"Name","user_name_placeholder":"John Doe","subject_label":"Subject","subject_placeholder":"Your message subject","email_address_label":"Email","email_placeholder":"example@email.com","message_label":"Your Message","additional_message":"Note: You have to fill-up above all respective field, then click below button for send your message","row_gap":{"unit":"px","size":15},"field_background_color":"#573e96","field_text_color":"#ffffff","field_placeholder_color":"rgba(255,255,255,0.5)","field_border_radius":{"unit":"px","top":"6","right":"6","bottom":"6","left":"6","isLinked":true},"field_padding":{"unit":"px","top":"10","right":"10","bottom":"10","left":"20","isLinked":false},"button_typography_typography":"custom","button_typography_font_family":"PT Serif","button_background_color":"#ef65a3","button_border_radius":{"unit":"px","top":"6","right":"6","bottom":"6","left":"6","isLinked":true},"button_text_padding":{"unit":"px","top":"16","right":"40","bottom":"16","left":"40","isLinked":false},"button_background_hover_color":"#573e96","custom_text":"yes","contact_label":"Contact Number","contact_placeholder":"Your contact number","message_placeholder":"Write Message","button_background_color_background":"classic","button_background_color_color":"#573e96","button_background_hover_color_background":"classic","button_background_hover_color_color":"#4a2d96"},"elements":[],"isInner":false,"widgetType":"bdt-contact-form","elType":"widget"}],"isInner":false,"elType":"column"}],"isInner":false,"elType":"section"}],"page_settings":{"background_color_stop":{"unit":"%","size":"0","sizes":[]},"background_color_b_stop":{"unit":"%","size":"100","sizes":[]},"background_gradient_angle":{"unit":"deg","size":"180","sizes":[]},"background_xpos":{"unit":"px","size":"0","sizes":[]},"background_xpos_tablet":{"unit":"px","size":"0","sizes":[]},"background_xpos_mobile":{"unit":"px","size":"0","sizes":[]},"background_ypos":{"unit":"px","size":"0","sizes":[]},"background_ypos_tablet":{"unit":"px","size":"0","sizes":[]},"background_ypos_mobile":{"unit":"px","size":"0","sizes":[]},"background_bg_width":{"unit":"%","size":"100","sizes":[]},"background_bg_width_tablet":{"unit":"px","size":"","sizes":[]},"background_bg_width_mobile":{"unit":"px","size":"","sizes":[]},"element_pack_toolbar_typography_font_size":{"unit":"px","size":"","sizes":[]},"element_pack_toolbar_typography_font_size_tablet":{"unit":"px","size":"","sizes":[]},"element_pack_toolbar_typography_font_size_mobile":{"unit":"px","size":"","sizes":[]},"element_pack_toolbar_typography_line_height":{"unit":"em","size":"","sizes":[]},"element_pack_toolbar_typography_line_height_tablet":{"unit":"em","size":"","sizes":[]},"element_pack_toolbar_typography_line_height_mobile":{"unit":"em","size":"","sizes":[]},"element_pack_toolbar_typography_letter_spacing":{"unit":"px","size":"","sizes":[]},"element_pack_toolbar_typography_letter_spacing_tablet":{"unit":"px","size":"","sizes":[]},"element_pack_toolbar_typography_letter_spacing_mobile":{"unit":"px","size":"","sizes":[]},"element_pack_global_tooltip_width":{"unit":"px","size":"","sizes":[]},"element_pack_global_tooltip_width_tablet":{"unit":"px","size":"","sizes":[]},"element_pack_global_tooltip_width_mobile":{"unit":"px","size":"","sizes":[]},"element_pack_global_tooltip_background_color_stop":{"unit":"%","size":"0","sizes":[]},"element_pack_global_tooltip_background_color_b_stop":{"unit":"%","size":"100","sizes":[]},"element_pack_global_tooltip_background_gradient_angle":{"unit":"deg","size":"180","sizes":[]},"element_pack_global_tooltip_background_xpos":{"unit":"px","size":"0","sizes":[]},"element_pack_global_tooltip_background_xpos_tablet":{"unit":"px","size":"0","sizes":[]},"element_pack_global_tooltip_background_xpos_mobile":{"unit":"px","size":"0","sizes":[]},"element_pack_global_tooltip_background_ypos":{"unit":"px","size":"0","sizes":[]},"element_pack_global_tooltip_background_ypos_tablet":{"unit":"px","size":"0","sizes":[]},"element_pack_global_tooltip_background_ypos_mobile":{"unit":"px","size":"0","sizes":[]},"element_pack_global_tooltip_background_bg_width":{"unit":"%","size":"100","sizes":[]},"element_pack_global_tooltip_background_bg_width_tablet":{"unit":"px","size":"","sizes":[]},"element_pack_global_tooltip_background_bg_width_mobile":{"unit":"px","size":"","sizes":[]},"element_pack_global_tooltip_typography_font_size":{"unit":"px","size":"","sizes":[]},"element_pack_global_tooltip_typography_font_size_tablet":{"unit":"px","size":"","sizes":[]},"element_pack_global_tooltip_typography_font_size_mobile":{"unit":"px","size":"","sizes":[]},"element_pack_global_tooltip_typography_line_height":{"unit":"em","size":"","sizes":[]},"element_pack_global_tooltip_typography_line_height_tablet":{"unit":"em","size":"","sizes":[]},"element_pack_global_tooltip_typography_line_height_mobile":{"unit":"em","size":"","sizes":[]},"element_pack_global_tooltip_typography_letter_spacing":{"unit":"px","size":"","sizes":[]},"element_pack_global_tooltip_typography_letter_spacing_tablet":{"unit":"px","size":"","sizes":[]},"element_pack_global_tooltip_typography_letter_spacing_mobile":{"unit":"px","size":"","sizes":[]}}}