{"version":"0.4","title":"Footer Demo Set 2-2","type":"section","content":[{"id":"263b6f11","settings":{"structure":"50","padding":{"unit":"px","top":"100","right":"0","bottom":"100","left":"0","isLinked":false},"padding_tablet":{"unit":"px","top":"80","right":"30","bottom":"80","left":"30","isLinked":false},"padding_mobile":{"unit":"px","top":"50","right":"15","bottom":"50","left":"15","isLinked":false},"_title":"Footer","content_width":{"unit":"px","size":1600,"sizes":[]}},"elements":[{"id":"2b01ef4","settings":{"_column_size":20,"_inline_size":27.98400000000000176214598468504846096038818359375,"background_hover_background":"classic","background_hover_color":"#ffffff","border_radius_hover":{"unit":"px","top":"10","right":"10","bottom":"10","left":"10","isLinked":true},"box_shadow_hover_box_shadow":{"horizontal":0,"vertical":20,"blur":40,"spread":6,"color":"rgba(140,140,140,0.09)"},"padding":{"unit":"px","top":"30","right":"0","bottom":"20","left":"40","isLinked":false},"_inline_size_tablet":50,"_inline_size_mobile":100,"padding_tablet":{"unit":"px","top":"0","right":"0","bottom":"0","left":"25","isLinked":false},"padding_mobile":{"unit":"px","top":"0","right":"0","bottom":"0","left":"29","isLinked":false}},"elements":[{"id":"3ca07d","settings":{"image":{"id":47841,"url":"http:\/\/192.168.1.100\/business-ready-pages\/wp-content\/uploads\/2019\/04\/logo-1-2.png"},"align":"left","link_to":"custom","link":{"url":"#","is_external":"","nofollow":""},"width":{"unit":"%","size":50},"width_mobile":{"unit":"%","size":45},"align_mobile":"left"},"elements":[],"isInner":false,"widgetType":"image","elType":"widget"},{"id":"621a6c25","settings":{"social_icon_list":[{"social":"fa fa-facebook","_id":"a72e193","link":{"url":"","is_external":"true","nofollow":""},"social_icon":{"value":"fab fa-wordpress","library":"fa-brands"},"item_icon_color":"default","item_icon_primary_color":"","item_icon_secondary_color":""},{"social":"fa fa-twitter","_id":"3c6d80c","link":{"url":"","is_external":"true","nofollow":""},"social_icon":{"value":"fab fa-wordpress","library":"fa-brands"},"item_icon_color":"default","item_icon_primary_color":"","item_icon_secondary_color":""},{"social":"fa fa-google-plus","_id":"09398e2","link":{"url":"","is_external":"true","nofollow":""},"social_icon":{"value":"fab fa-wordpress","library":"fa-brands"},"item_icon_color":"default","item_icon_primary_color":"","item_icon_secondary_color":""},{"social":"fa fa-youtube","_id":"70e4837","link":{"url":"","is_external":"true","nofollow":""},"social_icon":{"value":"fab fa-wordpress","library":"fa-brands"},"item_icon_color":"default","item_icon_primary_color":"","item_icon_secondary_color":""}],"shape":"circle","align":"left","icon_color":"custom","icon_primary_color":"rgba(97,206,112,0)","icon_secondary_color":"#afafaf","icon_size":{"unit":"px","size":16},"icon_spacing":{"unit":"px","size":12},"icon_size_mobile":{"unit":"px","size":12}},"elements":[],"isInner":false,"widgetType":"social-icons","elType":"widget"},{"id":"7ffe0b11","settings":{"editor":"<p>Copyright 2018 <a href=\"#\"><span style=\"color: #5dfff4;\">BDhost<\/span><\/a>. All Rights Reserved.<\/p>","typography_typography":"custom","typography_font_family":"Rubik","typography_font_size":{"unit":"px","size":14},"typography_font_size_mobile":{"unit":"px","size":12}},"elements":[],"isInner":false,"widgetType":"text-editor","elType":"widget"}],"isInner":true,"elType":"column"},{"id":"1cac69d7","settings":{"_column_size":20,"_inline_size":17.98400000000000176214598468504846096038818359375,"background_hover_background":"classic","background_hover_color":"#ffffff","border_radius_hover":{"unit":"px","top":"10","right":"10","bottom":"10","left":"10","isLinked":true},"box_shadow_hover_box_shadow":{"horizontal":0,"vertical":20,"blur":40,"spread":6,"color":"rgba(140,140,140,0.09)"},"padding":{"unit":"px","top":"30","right":"0","bottom":"20","left":"30","isLinked":false},"_inline_size_tablet":50,"_inline_size_mobile":100},"elements":[{"id":"4f164615","settings":{"title":"Main Navigation","header_size":"h3","align":"left","typography_typography":"custom","typography_letter_spacing":{"unit":"px","size":2},"title_color":"#54595f","typography_font_size":{"unit":"px","size":16},"typography_font_weight":"500","typography_font_family":"Rubik"},"elements":[],"isInner":false,"widgetType":"heading","elType":"widget"},{"id":"5d3b18ca","settings":{"icon_list":[{"text":"Home","icon":"","_id":"096e482","link":{"url":"#","is_external":"","nofollow":""},"selected_icon":{"value":"fas fa-check","library":"fa-solid"}},{"text":"Product","icon":"","_id":"cd53c86","link":{"url":"#","is_external":"","nofollow":""},"selected_icon":{"value":"fas fa-check","library":"fa-solid"}},{"text":"Customers","icon":"","_id":"5247f72","link":{"url":"#","is_external":"","nofollow":""},"selected_icon":{"value":"fas fa-check","library":"fa-solid"}},{"text":"Pricing","icon":"","_id":"97e5589","link":{"url":"#","is_external":"","nofollow":""},"selected_icon":{"value":"fas fa-check","library":"fa-solid"}}],"text_color":"#9e9e9e","space_between":{"unit":"px","size":10},"icon_typography_typography":"custom","icon_typography_font_family":"Rubik","icon_typography_font_size":{"unit":"px","size":14}},"elements":[],"isInner":false,"widgetType":"icon-list","elType":"widget"}],"isInner":true,"elType":"column"},{"id":"2cc557d6","settings":{"_column_size":20,"_inline_size":17.98400000000000176214598468504846096038818359375,"background_hover_background":"classic","background_hover_color":"#ffffff","border_radius_hover":{"unit":"px","top":"10","right":"10","bottom":"10","left":"10","isLinked":true},"box_shadow_hover_box_shadow":{"horizontal":0,"vertical":20,"blur":40,"spread":6,"color":"rgba(140,140,140,0.09)"},"padding":{"unit":"px","top":"30","right":"0","bottom":"20","left":"30","isLinked":false},"_inline_size_tablet":33.3299999999999982946974341757595539093017578125,"_inline_size_mobile":100},"elements":[{"id":"20ad4dc9","settings":{"title":"About Us","header_size":"h3","align":"left","typography_typography":"custom","typography_letter_spacing":{"unit":"px","size":2},"title_color":"#54595f","typography_font_size":{"unit":"px","size":16},"typography_font_weight":"500","typography_font_family":"Rubik"},"elements":[],"isInner":false,"widgetType":"heading","elType":"widget"},{"id":"1c15dfe0","settings":{"icon_list":[{"text":"Company","icon":"","_id":"096e482","link":{"url":"#","is_external":"","nofollow":""},"selected_icon":{"value":"fas fa-check","library":"fa-solid"}},{"text":"Jobs","icon":"","_id":"cd53c86","link":{"url":"#","is_external":"","nofollow":""},"selected_icon":{"value":"fas fa-check","library":"fa-solid"}},{"text":"Press","icon":"","_id":"5247f72","link":{"url":"#","is_external":"","nofollow":""},"selected_icon":{"value":"fas fa-check","library":"fa-solid"}},{"text":"Blog","icon":"","_id":"97e5589","link":{"url":"#","is_external":"","nofollow":""},"selected_icon":{"value":"fas fa-check","library":"fa-solid"}}],"text_color":"#9e9e9e","space_between":{"unit":"px","size":10},"icon_typography_typography":"custom","icon_typography_font_family":"Rubik","icon_typography_font_size":{"unit":"px","size":14}},"elements":[],"isInner":false,"widgetType":"icon-list","elType":"widget"}],"isInner":true,"elType":"column"},{"id":"108abf6f","settings":{"_column_size":20,"_inline_size":17.98400000000000176214598468504846096038818359375,"background_hover_background":"classic","background_hover_color":"#ffffff","border_radius_hover":{"unit":"px","top":"10","right":"10","bottom":"10","left":"10","isLinked":true},"box_shadow_hover_box_shadow":{"horizontal":0,"vertical":20,"blur":40,"spread":6,"color":"rgba(140,140,140,0.09)"},"padding":{"unit":"px","top":"30","right":"0","bottom":"20","left":"30","isLinked":false},"_inline_size_tablet":33.3299999999999982946974341757595539093017578125,"_inline_size_mobile":100},"elements":[{"id":"3760640b","settings":{"title":"Workflows ","header_size":"h3","align":"left","typography_typography":"custom","typography_letter_spacing":{"unit":"px","size":2},"title_color":"#54595f","typography_font_size":{"unit":"px","size":16},"typography_font_weight":"500","typography_font_family":"Rubik"},"elements":[],"isInner":false,"widgetType":"heading","elType":"widget"},{"id":"7f30ff89","settings":{"icon_list":[{"text":"Management","icon":"","_id":"096e482","link":{"url":"#","is_external":"","nofollow":""},"selected_icon":{"value":"fas fa-check","library":"fa-solid"}},{"text":"Reporting ","icon":"","_id":"cd53c86","link":{"url":"#","is_external":"","nofollow":""},"selected_icon":{"value":"fas fa-check","library":"fa-solid"}},{"text":"Tracing","icon":"","_id":"5247f72","link":{"url":"#","is_external":"","nofollow":""},"selected_icon":{"value":"fas fa-check","library":"fa-solid"}},{"text":"All Users","icon":"","_id":"97e5589","link":{"url":"#","is_external":"","nofollow":""},"selected_icon":{"value":"fas fa-check","library":"fa-solid"}}],"text_color":"#9e9e9e","space_between":{"unit":"px","size":10},"icon_typography_typography":"custom","icon_typography_font_family":"Rubik","icon_typography_font_size":{"unit":"px","size":14}},"elements":[],"isInner":false,"widgetType":"icon-list","elType":"widget"}],"isInner":true,"elType":"column"},{"id":"25986dfc","settings":{"_column_size":20,"_inline_size":18.06400000000000005684341886080801486968994140625,"background_hover_background":"classic","background_hover_color":"#ffffff","border_radius_hover":{"unit":"px","top":"10","right":"10","bottom":"10","left":"10","isLinked":true},"box_shadow_hover_box_shadow":{"horizontal":0,"vertical":20,"blur":40,"spread":6,"color":"rgba(140,140,140,0.09)"},"padding":{"unit":"px","top":"30","right":"0","bottom":"20","left":"30","isLinked":false},"_inline_size_tablet":33.3299999999999982946974341757595539093017578125,"_inline_size_mobile":100},"elements":[{"id":"7d81e1ef","settings":{"title":"Resources","header_size":"h3","align":"left","typography_typography":"custom","typography_letter_spacing":{"unit":"px","size":2},"title_color":"#54595f","typography_font_size":{"unit":"px","size":16},"typography_font_weight":"500","typography_font_family":"Rubik"},"elements":[],"isInner":false,"widgetType":"heading","elType":"widget"},{"id":"515c1087","settings":{"icon_list":[{"text":"BDhost Guide","icon":"","_id":"096e482","link":{"url":"#","is_external":"","nofollow":""},"selected_icon":{"value":"fas fa-check","library":"fa-solid"}},{"text":"support","icon":"","_id":"cd53c86","link":{"url":"#","is_external":"","nofollow":""},"selected_icon":{"value":"fas fa-check","library":"fa-solid"}},{"text":"Integrations","icon":"","_id":"5247f72","link":{"url":"#","is_external":"","nofollow":""},"selected_icon":{"value":"fas fa-check","library":"fa-solid"}},{"text":"Community","icon":"","_id":"97e5589","link":{"url":"#","is_external":"","nofollow":""},"selected_icon":{"value":"fas fa-check","library":"fa-solid"}}],"text_color":"#9e9e9e","space_between":{"unit":"px","size":10},"icon_typography_typography":"custom","icon_typography_font_family":"Rubik","icon_typography_font_size":{"unit":"px","size":14}},"elements":[],"isInner":false,"widgetType":"icon-list","elType":"widget"}],"isInner":true,"elType":"column"}],"isInner":true,"elType":"section"}],"page_settings":{"background_color_stop":{"unit":"%","size":"0","sizes":[]},"background_color_b_stop":{"unit":"%","size":"100","sizes":[]},"background_gradient_angle":{"unit":"deg","size":"180","sizes":[]},"background_xpos":{"unit":"px","size":"0","sizes":[]},"background_xpos_tablet":{"unit":"px","size":"0","sizes":[]},"background_xpos_mobile":{"unit":"px","size":"0","sizes":[]},"background_ypos":{"unit":"px","size":"0","sizes":[]},"background_ypos_tablet":{"unit":"px","size":"0","sizes":[]},"background_ypos_mobile":{"unit":"px","size":"0","sizes":[]},"background_bg_width":{"unit":"%","size":"100","sizes":[]},"background_bg_width_tablet":{"unit":"px","size":"","sizes":[]},"background_bg_width_mobile":{"unit":"px","size":"","sizes":[]},"element_pack_toolbar_typography_font_size":{"unit":"px","size":"","sizes":[]},"element_pack_toolbar_typography_font_size_tablet":{"unit":"px","size":"","sizes":[]},"element_pack_toolbar_typography_font_size_mobile":{"unit":"px","size":"","sizes":[]},"element_pack_toolbar_typography_line_height":{"unit":"em","size":"","sizes":[]},"element_pack_toolbar_typography_line_height_tablet":{"unit":"em","size":"","sizes":[]},"element_pack_toolbar_typography_line_height_mobile":{"unit":"em","size":"","sizes":[]},"element_pack_toolbar_typography_letter_spacing":{"unit":"px","size":"","sizes":[]},"element_pack_toolbar_typography_letter_spacing_tablet":{"unit":"px","size":"","sizes":[]},"element_pack_toolbar_typography_letter_spacing_mobile":{"unit":"px","size":"","sizes":[]},"element_pack_global_tooltip_width":{"unit":"px","size":"","sizes":[]},"element_pack_global_tooltip_width_tablet":{"unit":"px","size":"","sizes":[]},"element_pack_global_tooltip_width_mobile":{"unit":"px","size":"","sizes":[]},"element_pack_global_tooltip_background_color_stop":{"unit":"%","size":"0","sizes":[]},"element_pack_global_tooltip_background_color_b_stop":{"unit":"%","size":"100","sizes":[]},"element_pack_global_tooltip_background_gradient_angle":{"unit":"deg","size":"180","sizes":[]},"element_pack_global_tooltip_background_xpos":{"unit":"px","size":"0","sizes":[]},"element_pack_global_tooltip_background_xpos_tablet":{"unit":"px","size":"0","sizes":[]},"element_pack_global_tooltip_background_xpos_mobile":{"unit":"px","size":"0","sizes":[]},"element_pack_global_tooltip_background_ypos":{"unit":"px","size":"0","sizes":[]},"element_pack_global_tooltip_background_ypos_tablet":{"unit":"px","size":"0","sizes":[]},"element_pack_global_tooltip_background_ypos_mobile":{"unit":"px","size":"0","sizes":[]},"element_pack_global_tooltip_background_bg_width":{"unit":"%","size":"100","sizes":[]},"element_pack_global_tooltip_background_bg_width_tablet":{"unit":"px","size":"","sizes":[]},"element_pack_global_tooltip_background_bg_width_mobile":{"unit":"px","size":"","sizes":[]},"element_pack_global_tooltip_typography_font_size":{"unit":"px","size":"","sizes":[]},"element_pack_global_tooltip_typography_font_size_tablet":{"unit":"px","size":"","sizes":[]},"element_pack_global_tooltip_typography_font_size_mobile":{"unit":"px","size":"","sizes":[]},"element_pack_global_tooltip_typography_line_height":{"unit":"em","size":"","sizes":[]},"element_pack_global_tooltip_typography_line_height_tablet":{"unit":"em","size":"","sizes":[]},"element_pack_global_tooltip_typography_line_height_mobile":{"unit":"em","size":"","sizes":[]},"element_pack_global_tooltip_typography_letter_spacing":{"unit":"px","size":"","sizes":[]},"element_pack_global_tooltip_typography_letter_spacing_tablet":{"unit":"px","size":"","sizes":[]},"element_pack_global_tooltip_typography_letter_spacing_mobile":{"unit":"px","size":"","sizes":[]}}}