{"version":"0.4","title":"dual-button-blocks-3","type":"section","content":[{"id":"25dc8926","settings":{"padding":{"unit":"px","top":"150","right":"0","bottom":"150","left":"0","isLinked":false},"padding_tablet":{"unit":"px","top":"80","right":"30","bottom":"80","left":"30","isLinked":false},"padding_mobile":{"unit":"px","top":"50","right":"15","bottom":"50","left":"15","isLinked":false},"background_background":"classic","background_color":"#313b69","_element_id":"section-3"},"elements":[{"id":"720bdc26","settings":{"_column_size":100,"_inline_size":null,"_inline_size_tablet":100},"elements":[{"id":"37fdaca1","settings":{"title":"Premium themes for websites, you can build anytime, anythings, anywhere.","align":"center","typography_typography":"custom","typography_font_size":{"unit":"px","size":48},"typography_font_size_tablet":{"unit":"px","size":42},"typography_font_size_mobile":{"unit":"px","size":24},"typography_line_height":{"unit":"em","size":1.3000000000000000444089209850062616169452667236328125},"_margin":{"unit":"px","top":"0","right":"0","bottom":"60","left":"0","isLinked":false},"title_color":"#ffffff"},"elements":[],"isInner":false,"widgetType":"heading","elType":"widget"},{"id":"51c8a419","settings":{"align":"center","middle_text":"or","dual_button_gap":{"unit":"px","size":20},"button_a_text":"Buy Now","button_b_text":"Details Know","dual_button_typography_typography":"custom","dual_button_typography_font_size_mobile":{"unit":"px","size":10},"button_a_effect":"c","button_a_background_background":"classic","button_a_background_color":"#dc2431","button_a_hover_color":"#000000","button_a_hover_background_background":"classic","button_a_hover_background_color":"#ffffff","button_b_effect":"d","button_b_color":"#000000","button_b_background_background":"classic","button_b_background_color":"#ffffff","button_b_hover_color":"#ffffff","button_b_hover_background_background":"classic","button_b_hover_background_color":"#dc2431","show_middle_text":"yes","dual_button_radius":{"unit":"px","top":"10","right":"10","bottom":"10","left":"10","isLinked":true},"middle_text_color":"#ffffff","middle_text_background_background":"classic","middle_text_background_color":"#000000","_margin":{"unit":"px","top":"0","right":"0","bottom":"100","left":"0","isLinked":false}},"elements":[],"isInner":false,"widgetType":"bdt-dual-button","elType":"widget"},{"id":"2b83c363","settings":{"image":{"id":"47137","url":"https:\/\/bdthemes.net\/demo\/ready-pages\/ready-blocks\/wp-content\/uploads\/2019\/04\/transparent.png"}},"elements":[],"isInner":false,"widgetType":"image","elType":"widget"},{"id":"364bc9fe","settings":{"gap":"wider","structure":"30","padding":{"unit":"px","top":"50","right":"0","bottom":"0","left":"0","isLinked":false},"padding_mobile":{"unit":"px","top":"0","right":"0","bottom":"0","left":"0","isLinked":true}},"elements":[{"id":"57c9816e","settings":{"_column_size":33,"_inline_size":null,"_inline_size_tablet":33.3299999999999982946974341757595539093017578125,"_inline_size_mobile":100,"border_border":"solid","border_width":{"unit":"px","top":"0","right":"0","bottom":"2","left":"0","isLinked":false},"border_color":"rgba(255,255,255,0.3)","background_hover_background":"classic","background_hover_color":"rgba(255,255,255,0.1)","padding":{"unit":"px","top":"40","right":"40","bottom":"0","left":"40","isLinked":false}},"elements":[{"id":"48a4a337","settings":{"editor":"<p>Far far away, behind the word mountains, far from the countries Vokalia and Consonantia, there live the blind texts. Separated they live in Bookmarksgrove right at the coast of the Semantics.<\/p>","align":"center","text_color":"rgba(255,255,255,0.8)"},"elements":[],"isInner":false,"widgetType":"text-editor","elType":"widget"}],"isInner":true,"elType":"column"},{"id":"606f95e9","settings":{"_column_size":33,"_inline_size":null,"_inline_size_tablet":33.3299999999999982946974341757595539093017578125,"_inline_size_mobile":100,"border_border":"solid","border_width":{"unit":"px","top":"0","right":"0","bottom":"0","left":"0","isLinked":true},"border_color":"rgba(255,255,255,0.3)","background_background":"classic","background_color":"rgba(255,255,255,0.04)","background_hover_background":"classic","background_hover_color":"rgba(255,255,255,0.1)","padding":{"unit":"px","top":"40","right":"40","bottom":"0","left":"40","isLinked":false}},"elements":[{"id":"6fae23e7","settings":{"editor":"<p>A wonderful serenity has taken possession of my entire soul, like these sweet mornings of spring which I enjoy with my whole heart. I am alone, and feel the charm of existence in this was created.<\/p>","align":"center","text_color":"rgba(255,255,255,0.8)"},"elements":[],"isInner":false,"widgetType":"text-editor","elType":"widget"}],"isInner":true,"elType":"column"},{"id":"3fd85b8b","settings":{"_column_size":33,"_inline_size":null,"_inline_size_tablet":33.3299999999999982946974341757595539093017578125,"_inline_size_mobile":100,"background_hover_background":"classic","background_hover_color":"rgba(255,255,255,0.1)","border_border":"solid","border_width":{"unit":"px","top":"0","right":"0","bottom":"2","left":"0","isLinked":false},"border_color":"rgba(255,255,255,0.3)","padding":{"unit":"px","top":"40","right":"40","bottom":"25","left":"40","isLinked":false}},"elements":[{"id":"1f1e111e","settings":{"editor":"<p>One morning, when Gregor Samsa woke from it's one troubled dreams, he found himself transformed in his bed into a horrible vermin. He lay on his armour-like back, and if he lifted his could.<\/p>","align":"center","text_color":"rgba(255,255,255,0.8)"},"elements":[],"isInner":false,"widgetType":"text-editor","elType":"widget"}],"isInner":true,"elType":"column"}],"isInner":true,"elType":"section"}],"isInner":false,"elType":"column"}],"isInner":false,"elType":"section"}],"page_settings":{"background_color_stop":{"unit":"%","size":"0","sizes":[]},"background_color_b_stop":{"unit":"%","size":"100","sizes":[]},"background_gradient_angle":{"unit":"deg","size":"180","sizes":[]},"background_xpos":{"unit":"px","size":"0","sizes":[]},"background_xpos_tablet":{"unit":"px","size":"0","sizes":[]},"background_xpos_mobile":{"unit":"px","size":"0","sizes":[]},"background_ypos":{"unit":"px","size":"0","sizes":[]},"background_ypos_tablet":{"unit":"px","size":"0","sizes":[]},"background_ypos_mobile":{"unit":"px","size":"0","sizes":[]},"background_bg_width":{"unit":"%","size":"100","sizes":[]},"background_bg_width_tablet":{"unit":"px","size":"","sizes":[]},"background_bg_width_mobile":{"unit":"px","size":"","sizes":[]},"element_pack_toolbar_typography_font_size":{"unit":"px","size":"","sizes":[]},"element_pack_toolbar_typography_font_size_tablet":{"unit":"px","size":"","sizes":[]},"element_pack_toolbar_typography_font_size_mobile":{"unit":"px","size":"","sizes":[]},"element_pack_toolbar_typography_line_height":{"unit":"em","size":"","sizes":[]},"element_pack_toolbar_typography_line_height_tablet":{"unit":"em","size":"","sizes":[]},"element_pack_toolbar_typography_line_height_mobile":{"unit":"em","size":"","sizes":[]},"element_pack_toolbar_typography_letter_spacing":{"unit":"px","size":"","sizes":[]},"element_pack_toolbar_typography_letter_spacing_tablet":{"unit":"px","size":"","sizes":[]},"element_pack_toolbar_typography_letter_spacing_mobile":{"unit":"px","size":"","sizes":[]},"element_pack_global_tooltip_width":{"unit":"px","size":"","sizes":[]},"element_pack_global_tooltip_width_tablet":{"unit":"px","size":"","sizes":[]},"element_pack_global_tooltip_width_mobile":{"unit":"px","size":"","sizes":[]},"element_pack_global_tooltip_background_color_stop":{"unit":"%","size":"0","sizes":[]},"element_pack_global_tooltip_background_color_b_stop":{"unit":"%","size":"100","sizes":[]},"element_pack_global_tooltip_background_gradient_angle":{"unit":"deg","size":"180","sizes":[]},"element_pack_global_tooltip_background_xpos":{"unit":"px","size":"0","sizes":[]},"element_pack_global_tooltip_background_xpos_tablet":{"unit":"px","size":"0","sizes":[]},"element_pack_global_tooltip_background_xpos_mobile":{"unit":"px","size":"0","sizes":[]},"element_pack_global_tooltip_background_ypos":{"unit":"px","size":"0","sizes":[]},"element_pack_global_tooltip_background_ypos_tablet":{"unit":"px","size":"0","sizes":[]},"element_pack_global_tooltip_background_ypos_mobile":{"unit":"px","size":"0","sizes":[]},"element_pack_global_tooltip_background_bg_width":{"unit":"%","size":"100","sizes":[]},"element_pack_global_tooltip_background_bg_width_tablet":{"unit":"px","size":"","sizes":[]},"element_pack_global_tooltip_background_bg_width_mobile":{"unit":"px","size":"","sizes":[]},"element_pack_global_tooltip_typography_font_size":{"unit":"px","size":"","sizes":[]},"element_pack_global_tooltip_typography_font_size_tablet":{"unit":"px","size":"","sizes":[]},"element_pack_global_tooltip_typography_font_size_mobile":{"unit":"px","size":"","sizes":[]},"element_pack_global_tooltip_typography_line_height":{"unit":"em","size":"","sizes":[]},"element_pack_global_tooltip_typography_line_height_tablet":{"unit":"em","size":"","sizes":[]},"element_pack_global_tooltip_typography_line_height_mobile":{"unit":"em","size":"","sizes":[]},"element_pack_global_tooltip_typography_letter_spacing":{"unit":"px","size":"","sizes":[]},"element_pack_global_tooltip_typography_letter_spacing_tablet":{"unit":"px","size":"","sizes":[]},"element_pack_global_tooltip_typography_letter_spacing_mobile":{"unit":"px","size":"","sizes":[]}}}