{"version":"0.4","title":"dual-button-blocks-4","type":"section","content":[{"id":"41643acf","settings":{"padding":{"unit":"px","top":"0","right":"0","bottom":"150","left":"0","isLinked":false},"padding_tablet":{"unit":"px","top":"50","right":"30","bottom":"50","left":"30","isLinked":false},"padding_mobile":{"unit":"px","top":"50","right":"15","bottom":"50","left":"15","isLinked":false},"background_background":"classic","background_image":{"id":"47141","url":"https:\/\/bdthemes.net\/demo\/ready-pages\/ready-blocks\/wp-content\/uploads\/2019\/04\/11-1.jpg"},"margin":{"unit":"px","top":"","right":0,"bottom":"","left":0,"isLinked":true}},"elements":[{"id":"2f468b17","settings":{"_column_size":100,"_inline_size":null,"_inline_size_tablet":100,"_inline_size_mobile":100,"padding_mobile":{"unit":"px","top":"0","right":"0","bottom":"0","left":"0","isLinked":true},"margin":{"unit":"px","top":"0","right":"0","bottom":"0","left":"0","isLinked":false},"padding_tablet":{"unit":"px","top":"0","right":"0","bottom":"0","left":"0","isLinked":false},"padding":{"unit":"px","top":"0","right":"0","bottom":"0","left":"0","isLinked":false}},"elements":[{"id":"5facf360","settings":{"structure":"33","_element_id":"nav-section2"},"elements":[{"id":"5081fd05","settings":{"_column_size":25,"_inline_size":null,"_inline_size_tablet":100,"content_position":"center","padding_tablet":{"unit":"px","top":"0","right":"0","bottom":"0","left":"40","isLinked":false},"padding":{"unit":"px","top":"0","right":"0","bottom":"0","left":"0","isLinked":false},"_inline_size_mobile":100},"elements":[{"id":"5a25499","settings":{"title":"<strong>Element<\/strong> Pack","link":{"url":"#","is_external":"","nofollow":""},"header_size":"h3","align":"left","title_color":"#ffffff","typography_typography":"custom","typography_font_weight":"400","align_tablet":"center","align_mobile":"center"},"elements":[],"isInner":false,"widgetType":"heading","elType":"widget"}],"isInner":true,"elType":"column"},{"id":"5832f45","settings":{"_column_size":50,"_inline_size":null,"_inline_size_tablet":100,"_inline_size_mobile":100},"elements":[{"id":"54b51e2b","settings":{"navs":[{"nav_title":"Home","nav_link":{"url":"#nav-section2","is_external":"","nofollow":""},"_id":"620ce66","nav_icon":""},{"nav_title":"Features","nav_link":{"url":"#nav-section2","is_external":"","nofollow":""},"_id":"4eb0c9f","nav_icon":""},{"nav_title":"Pricing ","nav_link":{"url":"#nav-section2","is_external":"","nofollow":""},"_id":"d0b23a3","nav_icon":""},{"nav_title":"Blog","nav_link":{"url":"#nav-section2","is_external":"","nofollow":""},"_id":"84f741f","nav_icon":""}],"nav_color":"#ffffff","nav_spacing":{"unit":"px","top":"0","right":"15","bottom":"0","left":"15","isLinked":false},"nav_typography_typography":"custom","nav_typography_font_weight":"700","nav_spacing_mobile":{"unit":"px","top":"0","right":"0","bottom":"0","left":"0","isLinked":true},"alignment":"center","section_schedule_start_date":"2017-11-30 00:00","section_schedule_end_date":"2017-11-30 00:00","nav_active_color":"#283eff"},"elements":[],"isInner":false,"widgetType":"bdt-scrollnav","elType":"widget"}],"isInner":true,"elType":"column"},{"id":"4f262dbf","settings":{"_column_size":25,"_inline_size":null,"_inline_size_tablet":100,"content_position":"center"},"elements":[],"isInner":true,"elType":"column"}],"isInner":true,"elType":"section"},{"id":"336c6ef2","settings":{"structure":"20","padding":{"unit":"px","top":"150","right":"0","bottom":"0","left":"0","isLinked":false},"padding_tablet":{"unit":"px","top":"50","right":"0","bottom":"0","left":"0","isLinked":false}},"elements":[{"id":"5fda4b58","settings":{"_column_size":50,"_inline_size":50.04099999999999681676854379475116729736328125,"_inline_size_tablet":100,"_inline_size_mobile":100,"padding":{"unit":"px","top":"0","right":"0","bottom":"0","left":"0","isLinked":false},"padding_mobile":{"unit":"px","top":"0","right":"0","bottom":"0","left":"0","isLinked":false},"padding_tablet":{"unit":"px","top":"0","right":"0","bottom":"0","left":"35","isLinked":false}},"elements":[{"id":"1201b8ac","settings":{"title":"Adding Dual Button Effects to your Hero Slider","align":"left","typography_typography":"custom","typography_font_size":{"unit":"px","size":48},"typography_font_size_tablet":{"unit":"px","size":42},"typography_font_size_mobile":{"unit":"px","size":24},"typography_line_height":{"unit":"em","size":1.3000000000000000444089209850062616169452667236328125},"title_color":"#ffffff","align_mobile":"center","align_tablet":"center"},"elements":[],"isInner":false,"widgetType":"heading","elType":"widget"},{"id":"45bda6ae","settings":{"editor":"<p>Far far away, behind the word mountains, far from the countries Vokalia and Consonantia, there live the blind texts.<\/p>","align":"left","_margin":{"unit":"px","top":"0","right":"0","bottom":"50","left":"0","isLinked":false},"text_color":"rgba(255,255,255,0.7)","align_mobile":"center","align_tablet":"center"},"elements":[],"isInner":false,"widgetType":"text-editor","elType":"widget"},{"id":"25bb4144","settings":{"align":"start","button_width":{"unit":"%","size":70},"middle_text":"or","dual_button_gap":{"unit":"px","size":20},"button_a_text":"Buy Now","button_b_text":"Details Know","dual_button_typography_typography":"custom","dual_button_typography_font_size_mobile":{"unit":"px","size":10},"button_a_effect":"e","button_a_background_background":"classic","button_a_background_color":"#dc2431","button_a_hover_color":"#000000","button_a_hover_background_background":"classic","button_a_hover_background_color":"#ffffff","button_b_effect":"i","button_b_color":"#ffffff","button_b_background_background":"classic","button_b_background_color":"#1e87f0","button_b_hover_color":"#ffffff","button_b_hover_background_background":"classic","button_b_hover_background_color":"#dc2431","show_middle_text":"yes","middle_text_color":"#ffffff","middle_text_background_background":"classic","middle_text_background_color":"#595959","middle_text_radius":{"unit":"px","top":"0","right":"0","bottom":"0","left":"0","isLinked":true},"align_tablet":"center"},"elements":[],"isInner":false,"widgetType":"bdt-dual-button","elType":"widget"}],"isInner":true,"elType":"column"},{"id":"3055f25d","settings":{"_column_size":50,"_inline_size":49.97500000000000142108547152020037174224853515625,"_inline_size_tablet":100,"_inline_size_mobile":100},"elements":[],"isInner":true,"elType":"column"}],"isInner":true,"elType":"section"}],"isInner":false,"elType":"column"}],"isInner":false,"elType":"section"}],"page_settings":{"background_color_stop":{"unit":"%","size":"0","sizes":[]},"background_color_b_stop":{"unit":"%","size":"100","sizes":[]},"background_gradient_angle":{"unit":"deg","size":"180","sizes":[]},"background_xpos":{"unit":"px","size":"0","sizes":[]},"background_xpos_tablet":{"unit":"px","size":"0","sizes":[]},"background_xpos_mobile":{"unit":"px","size":"0","sizes":[]},"background_ypos":{"unit":"px","size":"0","sizes":[]},"background_ypos_tablet":{"unit":"px","size":"0","sizes":[]},"background_ypos_mobile":{"unit":"px","size":"0","sizes":[]},"background_bg_width":{"unit":"%","size":"100","sizes":[]},"background_bg_width_tablet":{"unit":"px","size":"","sizes":[]},"background_bg_width_mobile":{"unit":"px","size":"","sizes":[]},"element_pack_toolbar_typography_font_size":{"unit":"px","size":"","sizes":[]},"element_pack_toolbar_typography_font_size_tablet":{"unit":"px","size":"","sizes":[]},"element_pack_toolbar_typography_font_size_mobile":{"unit":"px","size":"","sizes":[]},"element_pack_toolbar_typography_line_height":{"unit":"em","size":"","sizes":[]},"element_pack_toolbar_typography_line_height_tablet":{"unit":"em","size":"","sizes":[]},"element_pack_toolbar_typography_line_height_mobile":{"unit":"em","size":"","sizes":[]},"element_pack_toolbar_typography_letter_spacing":{"unit":"px","size":"","sizes":[]},"element_pack_toolbar_typography_letter_spacing_tablet":{"unit":"px","size":"","sizes":[]},"element_pack_toolbar_typography_letter_spacing_mobile":{"unit":"px","size":"","sizes":[]},"element_pack_global_tooltip_width":{"unit":"px","size":"","sizes":[]},"element_pack_global_tooltip_width_tablet":{"unit":"px","size":"","sizes":[]},"element_pack_global_tooltip_width_mobile":{"unit":"px","size":"","sizes":[]},"element_pack_global_tooltip_background_color_stop":{"unit":"%","size":"0","sizes":[]},"element_pack_global_tooltip_background_color_b_stop":{"unit":"%","size":"100","sizes":[]},"element_pack_global_tooltip_background_gradient_angle":{"unit":"deg","size":"180","sizes":[]},"element_pack_global_tooltip_background_xpos":{"unit":"px","size":"0","sizes":[]},"element_pack_global_tooltip_background_xpos_tablet":{"unit":"px","size":"0","sizes":[]},"element_pack_global_tooltip_background_xpos_mobile":{"unit":"px","size":"0","sizes":[]},"element_pack_global_tooltip_background_ypos":{"unit":"px","size":"0","sizes":[]},"element_pack_global_tooltip_background_ypos_tablet":{"unit":"px","size":"0","sizes":[]},"element_pack_global_tooltip_background_ypos_mobile":{"unit":"px","size":"0","sizes":[]},"element_pack_global_tooltip_background_bg_width":{"unit":"%","size":"100","sizes":[]},"element_pack_global_tooltip_background_bg_width_tablet":{"unit":"px","size":"","sizes":[]},"element_pack_global_tooltip_background_bg_width_mobile":{"unit":"px","size":"","sizes":[]},"element_pack_global_tooltip_typography_font_size":{"unit":"px","size":"","sizes":[]},"element_pack_global_tooltip_typography_font_size_tablet":{"unit":"px","size":"","sizes":[]},"element_pack_global_tooltip_typography_font_size_mobile":{"unit":"px","size":"","sizes":[]},"element_pack_global_tooltip_typography_line_height":{"unit":"em","size":"","sizes":[]},"element_pack_global_tooltip_typography_line_height_tablet":{"unit":"em","size":"","sizes":[]},"element_pack_global_tooltip_typography_line_height_mobile":{"unit":"em","size":"","sizes":[]},"element_pack_global_tooltip_typography_letter_spacing":{"unit":"px","size":"","sizes":[]},"element_pack_global_tooltip_typography_letter_spacing_tablet":{"unit":"px","size":"","sizes":[]},"element_pack_global_tooltip_typography_letter_spacing_mobile":{"unit":"px","size":"","sizes":[]}}}