{"version":"0.4","title":"dual-button-blocks-6","type":"section","content":[{"id":"32aa6c4b","settings":{"padding":{"unit":"px","top":"0","right":"0","bottom":"100","left":"0","isLinked":false},"padding_tablet":{"unit":"px","top":"50","right":"30","bottom":"0","left":"30","isLinked":false},"padding_mobile":{"unit":"px","top":"50","right":"15","bottom":"50","left":"15","isLinked":false},"background_background":"classic","background_image":{"id":"47146","url":"https:\/\/bdthemes.net\/demo\/ready-pages\/ready-blocks\/wp-content\/uploads\/2019\/04\/1-2.jpg"},"margin":{"unit":"px","top":"","right":0,"bottom":"","left":0,"isLinked":true},"border_width":{"unit":"px","top":"0","right":"0","bottom":"0","left":"0","isLinked":false},"background_position":"center center","background_size":"cover"},"elements":[{"id":"19bb9706","settings":{"_column_size":100,"_inline_size":null,"_inline_size_tablet":100,"_inline_size_mobile":100,"padding_mobile":{"unit":"px","top":"0","right":"0","bottom":"0","left":"0","isLinked":true},"margin":{"unit":"px","top":"0","right":"0","bottom":"0","left":"0","isLinked":false},"padding_tablet":{"unit":"px","top":"0","right":"0","bottom":"0","left":"0","isLinked":false},"padding":{"unit":"px","top":"0","right":"0","bottom":"0","left":"0","isLinked":false}},"elements":[{"id":"3f8ead9c","settings":{"structure":"33","_element_id":"nav-section4","padding":{"unit":"px","top":"29","right":"0","bottom":"0","left":"0","isLinked":false}},"elements":[{"id":"cccb6c2","settings":{"_column_size":25,"_inline_size":null,"_inline_size_tablet":100,"content_position":"center","padding_tablet":{"unit":"px","top":"0","right":"0","bottom":"0","left":"40","isLinked":false},"padding":{"unit":"px","top":"0","right":"0","bottom":"0","left":"0","isLinked":false}},"elements":[{"id":"62fa121d","settings":{"title":"<strong>Element<\/strong> Pack","link":{"url":"#","is_external":"","nofollow":""},"header_size":"h3","align":"left","title_color":"#000000","typography_typography":"custom","typography_font_weight":"400","align_tablet":"center","align_mobile":"center","_margin":{"unit":"px","top":"-15","right":"0","bottom":"0","left":"0","isLinked":false}},"elements":[],"isInner":false,"widgetType":"heading","elType":"widget"}],"isInner":true,"elType":"column"},{"id":"2d20fd78","settings":{"_column_size":50,"_inline_size":null,"_inline_size_tablet":100},"elements":[{"id":"656c5cac","settings":{"navs":[{"nav_title":"Home","nav_link":{"url":"#nav-section4","is_external":"","nofollow":""},"_id":"620ce66","nav_icon":""},{"nav_title":"Features","nav_link":{"url":"#nav-section4","is_external":"","nofollow":""},"_id":"4eb0c9f","nav_icon":""},{"nav_title":"Services","nav_link":{"url":"#nav-section4","is_external":"","nofollow":""},"_id":"d0b23a3","nav_icon":""},{"nav_title":"Blog","nav_link":{"url":"#nav-section4","is_external":"","nofollow":""},"_id":"84f741f","nav_icon":""}],"nav_color":"#666666","nav_spacing":{"unit":"px","top":"0","right":"15","bottom":"0","left":"15","isLinked":false},"nav_typography_typography":"custom","nav_typography_font_weight":"700","nav_spacing_mobile":{"unit":"px","top":"0","right":"0","bottom":"0","left":"0","isLinked":true},"alignment":"center","section_schedule_start_date":"2017-11-30 00:00","section_schedule_end_date":"2017-11-30 00:00","nav_active_color":"#000000"},"elements":[],"isInner":false,"widgetType":"bdt-scrollnav","elType":"widget"}],"isInner":true,"elType":"column"},{"id":"3e438468","settings":{"_column_size":25,"_inline_size":null,"_inline_size_tablet":100,"content_position":"center","padding":{"unit":"px","top":"30","right":"0","bottom":"0","left":"0","isLinked":false},"padding_tablet":{"unit":"px","top":"15","right":"0","bottom":"0","left":"0","isLinked":false}},"elements":[{"id":"1e68c587","settings":{"text":"Sign Up Now","align":"right","align_mobile":"center","size":"md","typography_typography":"custom","typography_font_weight":"700","background_color":"rgba(79,101,202,0)","text_padding":{"unit":"px","top":"12","right":"30","bottom":"12","left":"30","isLinked":false},"_margin":{"unit":"px","top":"0","right":"0","bottom":"50","left":"0","isLinked":false},"button_text_color":"#000000","hover_color":"#ffffff","button_background_hover_color":"#555555","border_border":"solid","border_width":{"unit":"px","top":"1","right":"1","bottom":"1","left":"1","isLinked":true},"border_color":"#666666","button_hover_border_color":"#555555","align_tablet":"center","icon_align":"right","icon_indent":{"unit":"px","size":10},"border_radius":{"unit":"px","top":"100","right":"100","bottom":"100","left":"100","isLinked":true},"typography_font_size":{"unit":"px","size":14},"_padding_tablet":{"unit":"px","top":"0","right":"0","bottom":"0","left":"30","isLinked":false}},"elements":[],"isInner":false,"widgetType":"button","elType":"widget"}],"isInner":true,"elType":"column"}],"isInner":true,"elType":"section"},{"id":"6cd601a0","settings":{"structure":"20","padding":{"unit":"px","top":"150","right":"0","bottom":"0","left":"0","isLinked":false},"padding_tablet":{"unit":"px","top":"50","right":"0","bottom":"0","left":"0","isLinked":false}},"elements":[{"id":"7d8ead88","settings":{"_column_size":50,"_inline_size":null,"_inline_size_tablet":100,"_inline_size_mobile":100,"padding":{"unit":"px","top":"0","right":"80","bottom":"0","left":"0","isLinked":false},"padding_mobile":{"unit":"px","top":"0","right":"0","bottom":"0","left":"0","isLinked":false},"padding_tablet":{"unit":"px","top":"0","right":"0","bottom":"0","left":"35","isLinked":false}},"elements":[{"id":"1c252456","settings":{"title":"Premium themes for websites you can build anytime.","align":"left","typography_typography":"custom","typography_font_size":{"unit":"px","size":48},"typography_font_size_tablet":{"unit":"px","size":42},"typography_font_size_mobile":{"unit":"px","size":24},"typography_line_height":{"unit":"em","size":1.3000000000000000444089209850062616169452667236328125},"title_color":"#000000","align_mobile":"center","align_tablet":"center","typography_font_weight":"300","_margin":{"unit":"px","top":"0","right":"0","bottom":"40","left":"0","isLinked":false}},"elements":[],"isInner":false,"widgetType":"heading","elType":"widget"},{"id":"58c8e9a","settings":{"align":"start","button_width":{"unit":"%","size":70},"middle_text":"or","dual_button_gap":{"unit":"px","size":""},"button_a_text":"Buy Now","button_b_text":"Details Know","dual_button_typography_typography":"custom","dual_button_typography_font_size_mobile":{"unit":"px","size":8},"button_a_background_background":"gradient","button_a_background_color":"#96c93d","button_a_hover_background_background":"classic","button_a_hover_background_color":"#96c93d","button_b_background_background":"gradient","button_b_background_color":"#f7b733","button_b_hover_background_background":"classic","button_b_hover_background_color":"#f7b733","show_middle_text":"yes","middle_text_background_background":"classic","button_width_tablet":{"unit":"%","size":100},"button_a_background_color_stop":{"unit":"%","size":50},"button_a_background_color_b":"#00b09b","button_a_background_gradient_angle":{"unit":"deg","size":-145},"button_a_hover_background_gradient_angle":{"unit":"deg","size":""},"button_b_background_color_stop":{"unit":"%","size":50},"button_b_background_color_b":"#fc4a1a","button_b_background_gradient_angle":{"unit":"deg","size":-145},"button_b_hover_background_gradient_angle":{"unit":"deg","size":""}},"elements":[],"isInner":false,"widgetType":"bdt-dual-button","elType":"widget"}],"isInner":true,"elType":"column"},{"id":"26ca3ff7","settings":{"_column_size":50,"_inline_size":null,"_inline_size_tablet":100,"_inline_size_mobile":100},"elements":[],"isInner":true,"elType":"column"}],"isInner":true,"elType":"section"}],"isInner":false,"elType":"column"}],"isInner":false,"elType":"section"}],"page_settings":{"background_color_stop":{"unit":"%","size":"0","sizes":[]},"background_color_b_stop":{"unit":"%","size":"100","sizes":[]},"background_gradient_angle":{"unit":"deg","size":"180","sizes":[]},"background_xpos":{"unit":"px","size":"0","sizes":[]},"background_xpos_tablet":{"unit":"px","size":"0","sizes":[]},"background_xpos_mobile":{"unit":"px","size":"0","sizes":[]},"background_ypos":{"unit":"px","size":"0","sizes":[]},"background_ypos_tablet":{"unit":"px","size":"0","sizes":[]},"background_ypos_mobile":{"unit":"px","size":"0","sizes":[]},"background_bg_width":{"unit":"%","size":"100","sizes":[]},"background_bg_width_tablet":{"unit":"px","size":"","sizes":[]},"background_bg_width_mobile":{"unit":"px","size":"","sizes":[]},"element_pack_toolbar_typography_font_size":{"unit":"px","size":"","sizes":[]},"element_pack_toolbar_typography_font_size_tablet":{"unit":"px","size":"","sizes":[]},"element_pack_toolbar_typography_font_size_mobile":{"unit":"px","size":"","sizes":[]},"element_pack_toolbar_typography_line_height":{"unit":"em","size":"","sizes":[]},"element_pack_toolbar_typography_line_height_tablet":{"unit":"em","size":"","sizes":[]},"element_pack_toolbar_typography_line_height_mobile":{"unit":"em","size":"","sizes":[]},"element_pack_toolbar_typography_letter_spacing":{"unit":"px","size":"","sizes":[]},"element_pack_toolbar_typography_letter_spacing_tablet":{"unit":"px","size":"","sizes":[]},"element_pack_toolbar_typography_letter_spacing_mobile":{"unit":"px","size":"","sizes":[]},"element_pack_global_tooltip_width":{"unit":"px","size":"","sizes":[]},"element_pack_global_tooltip_width_tablet":{"unit":"px","size":"","sizes":[]},"element_pack_global_tooltip_width_mobile":{"unit":"px","size":"","sizes":[]},"element_pack_global_tooltip_background_color_stop":{"unit":"%","size":"0","sizes":[]},"element_pack_global_tooltip_background_color_b_stop":{"unit":"%","size":"100","sizes":[]},"element_pack_global_tooltip_background_gradient_angle":{"unit":"deg","size":"180","sizes":[]},"element_pack_global_tooltip_background_xpos":{"unit":"px","size":"0","sizes":[]},"element_pack_global_tooltip_background_xpos_tablet":{"unit":"px","size":"0","sizes":[]},"element_pack_global_tooltip_background_xpos_mobile":{"unit":"px","size":"0","sizes":[]},"element_pack_global_tooltip_background_ypos":{"unit":"px","size":"0","sizes":[]},"element_pack_global_tooltip_background_ypos_tablet":{"unit":"px","size":"0","sizes":[]},"element_pack_global_tooltip_background_ypos_mobile":{"unit":"px","size":"0","sizes":[]},"element_pack_global_tooltip_background_bg_width":{"unit":"%","size":"100","sizes":[]},"element_pack_global_tooltip_background_bg_width_tablet":{"unit":"px","size":"","sizes":[]},"element_pack_global_tooltip_background_bg_width_mobile":{"unit":"px","size":"","sizes":[]},"element_pack_global_tooltip_typography_font_size":{"unit":"px","size":"","sizes":[]},"element_pack_global_tooltip_typography_font_size_tablet":{"unit":"px","size":"","sizes":[]},"element_pack_global_tooltip_typography_font_size_mobile":{"unit":"px","size":"","sizes":[]},"element_pack_global_tooltip_typography_line_height":{"unit":"em","size":"","sizes":[]},"element_pack_global_tooltip_typography_line_height_tablet":{"unit":"em","size":"","sizes":[]},"element_pack_global_tooltip_typography_line_height_mobile":{"unit":"em","size":"","sizes":[]},"element_pack_global_tooltip_typography_letter_spacing":{"unit":"px","size":"","sizes":[]},"element_pack_global_tooltip_typography_letter_spacing_tablet":{"unit":"px","size":"","sizes":[]},"element_pack_global_tooltip_typography_letter_spacing_mobile":{"unit":"px","size":"","sizes":[]}}}