{"version":"0.4","title":"dual-button-blocks-2","type":"section","content":[{"id":"7ee426fd","settings":{"structure":"33","padding":{"unit":"px","top":"150","right":"0","bottom":"150","left":"0","isLinked":false},"padding_tablet":{"unit":"px","top":"80","right":"30","bottom":"80","left":"30","isLinked":false},"padding_mobile":{"unit":"px","top":"50","right":"15","bottom":"50","left":"15","isLinked":false},"_element_id":"section-2"},"elements":[{"id":"dd12085","settings":{"_column_size":25,"_inline_size":null,"_inline_size_tablet":100},"elements":[],"isInner":false,"elType":"column"},{"id":"3cff379b","settings":{"_column_size":50,"_inline_size":null,"_inline_size_tablet":100},"elements":[{"id":"673bd448","settings":{"image":{"id":"47136","url":"https:\/\/bdthemes.net\/demo\/ready-pages\/ready-blocks\/wp-content\/uploads\/2019\/04\/1.png"},"title_text":"Hero Slider with Dual Button Effects","description_text":"Far far away, behind the word mountains, far from the countries Vokalia and Consonantia, there live the blind texts.","title_size":"h1","title_typography_typography":"custom","title_typography_font_size_mobile":{"unit":"px","size":24},"_margin":{"unit":"px","top":"0","right":"0","bottom":"50","left":"0","isLinked":false},"hover_animation":"wobble-top","title_color":"#ED6639"},"elements":[],"isInner":false,"widgetType":"image-box","elType":"widget"},{"id":"63d0f4c0","settings":{"align":"center","button_width":{"unit":"%","size":70},"middle_text":"or","dual_button_gap":{"unit":"px","size":20},"button_a_text":"Buy Now","button_b_text":"Details Know","dual_button_typography_typography":"custom","dual_button_typography_font_size_mobile":{"unit":"px","size":10},"button_a_effect":"b","button_a_background_background":"classic","button_a_background_color":"#ED6639","button_a_hover_color":"#ffffff","button_a_hover_background_background":"classic","button_a_hover_background_color":"#3a3a3a","button_b_effect":"b","button_b_color":"#ffffff","button_b_background_background":"classic","button_b_background_color":"#3d3d3d","button_b_hover_color":"#ffffff","button_b_hover_background_background":"classic","button_b_hover_background_color":"#ED6639","show_middle_text":"yes"},"elements":[],"isInner":false,"widgetType":"bdt-dual-button","elType":"widget"},{"id":"1aed7e27","settings":{"scroll_button_text":"","section_id":"section-3","scroll_button_icon":"fa fa-angle-double-down","icon_indent":{"unit":"px","size":4},"scroll_button_text_color":"#ed6639","scroll_button_background_color":"rgba(0,0,0,0.05)","border_radius":{"unit":"px","top":"100","right":"100","bottom":"100","left":"100","isLinked":true},"scroll_button_padding":{"unit":"px","top":"5","right":"20","bottom":"5","left":"16","isLinked":false},"_margin":{"unit":"px","top":"40","right":"0","bottom":"0","left":"0","isLinked":false}},"elements":[],"isInner":false,"widgetType":"bdt-scroll-button","elType":"widget"}],"isInner":false,"elType":"column"},{"id":"69fa1e47","settings":{"_column_size":25,"_inline_size":null,"_inline_size_tablet":100},"elements":[],"isInner":false,"elType":"column"}],"isInner":false,"elType":"section"}],"page_settings":{"background_color_stop":{"unit":"%","size":"0","sizes":[]},"background_color_b_stop":{"unit":"%","size":"100","sizes":[]},"background_gradient_angle":{"unit":"deg","size":"180","sizes":[]},"background_xpos":{"unit":"px","size":"0","sizes":[]},"background_xpos_tablet":{"unit":"px","size":"0","sizes":[]},"background_xpos_mobile":{"unit":"px","size":"0","sizes":[]},"background_ypos":{"unit":"px","size":"0","sizes":[]},"background_ypos_tablet":{"unit":"px","size":"0","sizes":[]},"background_ypos_mobile":{"unit":"px","size":"0","sizes":[]},"background_bg_width":{"unit":"%","size":"100","sizes":[]},"background_bg_width_tablet":{"unit":"px","size":"","sizes":[]},"background_bg_width_mobile":{"unit":"px","size":"","sizes":[]},"element_pack_toolbar_typography_font_size":{"unit":"px","size":"","sizes":[]},"element_pack_toolbar_typography_font_size_tablet":{"unit":"px","size":"","sizes":[]},"element_pack_toolbar_typography_font_size_mobile":{"unit":"px","size":"","sizes":[]},"element_pack_toolbar_typography_line_height":{"unit":"em","size":"","sizes":[]},"element_pack_toolbar_typography_line_height_tablet":{"unit":"em","size":"","sizes":[]},"element_pack_toolbar_typography_line_height_mobile":{"unit":"em","size":"","sizes":[]},"element_pack_toolbar_typography_letter_spacing":{"unit":"px","size":"","sizes":[]},"element_pack_toolbar_typography_letter_spacing_tablet":{"unit":"px","size":"","sizes":[]},"element_pack_toolbar_typography_letter_spacing_mobile":{"unit":"px","size":"","sizes":[]},"element_pack_global_tooltip_width":{"unit":"px","size":"","sizes":[]},"element_pack_global_tooltip_width_tablet":{"unit":"px","size":"","sizes":[]},"element_pack_global_tooltip_width_mobile":{"unit":"px","size":"","sizes":[]},"element_pack_global_tooltip_background_color_stop":{"unit":"%","size":"0","sizes":[]},"element_pack_global_tooltip_background_color_b_stop":{"unit":"%","size":"100","sizes":[]},"element_pack_global_tooltip_background_gradient_angle":{"unit":"deg","size":"180","sizes":[]},"element_pack_global_tooltip_background_xpos":{"unit":"px","size":"0","sizes":[]},"element_pack_global_tooltip_background_xpos_tablet":{"unit":"px","size":"0","sizes":[]},"element_pack_global_tooltip_background_xpos_mobile":{"unit":"px","size":"0","sizes":[]},"element_pack_global_tooltip_background_ypos":{"unit":"px","size":"0","sizes":[]},"element_pack_global_tooltip_background_ypos_tablet":{"unit":"px","size":"0","sizes":[]},"element_pack_global_tooltip_background_ypos_mobile":{"unit":"px","size":"0","sizes":[]},"element_pack_global_tooltip_background_bg_width":{"unit":"%","size":"100","sizes":[]},"element_pack_global_tooltip_background_bg_width_tablet":{"unit":"px","size":"","sizes":[]},"element_pack_global_tooltip_background_bg_width_mobile":{"unit":"px","size":"","sizes":[]},"element_pack_global_tooltip_typography_font_size":{"unit":"px","size":"","sizes":[]},"element_pack_global_tooltip_typography_font_size_tablet":{"unit":"px","size":"","sizes":[]},"element_pack_global_tooltip_typography_font_size_mobile":{"unit":"px","size":"","sizes":[]},"element_pack_global_tooltip_typography_line_height":{"unit":"em","size":"","sizes":[]},"element_pack_global_tooltip_typography_line_height_tablet":{"unit":"em","size":"","sizes":[]},"element_pack_global_tooltip_typography_line_height_mobile":{"unit":"em","size":"","sizes":[]},"element_pack_global_tooltip_typography_letter_spacing":{"unit":"px","size":"","sizes":[]},"element_pack_global_tooltip_typography_letter_spacing_tablet":{"unit":"px","size":"","sizes":[]},"element_pack_global_tooltip_typography_letter_spacing_mobile":{"unit":"px","size":"","sizes":[]}}}