{"version":"0.4","title":"dual-button-blocks-5","type":"section","content":[{"id":"5776725a","settings":{"structure":"20","background_background":"classic","background_image":{"id":"47144","url":"https:\/\/bdthemes.net\/demo\/ready-pages\/ready-blocks\/wp-content\/uploads\/2019\/04\/12-1.jpg"},"background_repeat":"no-repeat","padding":{"unit":"px","top":"250","right":"0","bottom":"250","left":"0","isLinked":false},"padding_tablet":{"unit":"px","top":"80","right":"30","bottom":"80","left":"30","isLinked":false},"padding_mobile":{"unit":"px","top":"50","right":"15","bottom":"50","left":"15","isLinked":false}},"elements":[{"id":"4b18c9a8","settings":{"_column_size":50,"_inline_size":null,"_inline_size_tablet":100,"_inline_size_mobile":100,"padding":{"unit":"px","top":"30","right":"0","bottom":"0","left":"30","isLinked":false},"padding_mobile":{"unit":"px","top":"0","right":"0","bottom":"0","left":"0","isLinked":false}},"elements":[{"id":"3a88bde4","settings":{"title":"Dual Button Effects provides enough animation options keep.","align":"left","typography_typography":"custom","typography_font_size":{"unit":"px","size":48},"typography_font_size_tablet":{"unit":"px","size":42},"typography_font_size_mobile":{"unit":"px","size":24},"typography_line_height":{"unit":"em","size":1.3000000000000000444089209850062616169452667236328125},"title_color":"#ffffff","align_mobile":"center","_margin":{"unit":"px","top":"0","right":"0","bottom":"30","left":"0","isLinked":false},"align_tablet":"center","_padding":{"unit":"px","top":"0","right":"0","bottom":"0","left":"20","isLinked":false}},"elements":[],"isInner":false,"widgetType":"heading","elType":"widget"},{"id":"76b954bd","settings":{"editor":"<p>Far far away, behind the word mountains, far from the countries Vokalia and Consonantia, there live the blind texts Separated they live<\/p>","align":"left","_margin":{"unit":"px","top":"0","right":"0","bottom":"50","left":"0","isLinked":false},"text_color":"rgba(255,255,255,0.65)","align_mobile":"center","align_tablet":"center","_padding":{"unit":"px","top":"0","right":"0","bottom":"0","left":"20","isLinked":false}},"elements":[],"isInner":false,"widgetType":"text-editor","elType":"widget"},{"id":"5834e3c6","settings":{"align":"start","button_width":{"unit":"%","size":70},"middle_text":"or","dual_button_gap":{"unit":"px","size":20},"button_a_text":"Buy Now","button_b_text":"Details Know","dual_button_typography_typography":"custom","dual_button_typography_font_size_mobile":{"unit":"px","size":10},"button_a_effect":"i","button_a_background_background":"classic","button_a_background_color":"#dc2431","button_a_hover_color":"#ffffff","button_a_hover_background_background":"classic","button_a_hover_background_color":"#ffffff","button_b_effect":"i","button_b_color":"#ffffff","button_b_background_background":"classic","button_b_background_color":"#1e87f0","button_b_hover_color":"#ffffff","button_b_hover_background_background":"classic","button_b_hover_background_color":"#dc2431","show_middle_text":"yes","button_a_background_image":{"id":47694,"url":"https:\/\/bdthemes.net\/demo\/ready-pages\/ready-blocks\/wp-content\/uploads\/2019\/04\/02-7-1.jpg"},"button_b_background_image":{"id":47695,"url":"https:\/\/bdthemes.net\/demo\/ready-pages\/ready-blocks\/wp-content\/uploads\/2019\/04\/03-6.jpg"},"middle_text_color":"#000000","middle_text_background_background":"classic","middle_text_background_color":"#ffffff","middle_text_radius":{"unit":"px","top":"0","right":"0","bottom":"0","left":"0","isLinked":true},"_margin":{"unit":"px","top":"0","right":"0","bottom":"0","left":"20","isLinked":false},"align_tablet":"center"},"elements":[],"isInner":false,"widgetType":"bdt-dual-button","elType":"widget"}],"isInner":false,"elType":"column"},{"id":"72dba3c8","settings":{"_column_size":50,"_inline_size":null,"_inline_size_tablet":100,"_inline_size_mobile":100},"elements":[],"isInner":false,"elType":"column"}],"isInner":false,"elType":"section"}],"page_settings":{"background_color_stop":{"unit":"%","size":"0","sizes":[]},"background_color_b_stop":{"unit":"%","size":"100","sizes":[]},"background_gradient_angle":{"unit":"deg","size":"180","sizes":[]},"background_xpos":{"unit":"px","size":"0","sizes":[]},"background_xpos_tablet":{"unit":"px","size":"0","sizes":[]},"background_xpos_mobile":{"unit":"px","size":"0","sizes":[]},"background_ypos":{"unit":"px","size":"0","sizes":[]},"background_ypos_tablet":{"unit":"px","size":"0","sizes":[]},"background_ypos_mobile":{"unit":"px","size":"0","sizes":[]},"background_bg_width":{"unit":"%","size":"100","sizes":[]},"background_bg_width_tablet":{"unit":"px","size":"","sizes":[]},"background_bg_width_mobile":{"unit":"px","size":"","sizes":[]},"element_pack_toolbar_typography_font_size":{"unit":"px","size":"","sizes":[]},"element_pack_toolbar_typography_font_size_tablet":{"unit":"px","size":"","sizes":[]},"element_pack_toolbar_typography_font_size_mobile":{"unit":"px","size":"","sizes":[]},"element_pack_toolbar_typography_line_height":{"unit":"em","size":"","sizes":[]},"element_pack_toolbar_typography_line_height_tablet":{"unit":"em","size":"","sizes":[]},"element_pack_toolbar_typography_line_height_mobile":{"unit":"em","size":"","sizes":[]},"element_pack_toolbar_typography_letter_spacing":{"unit":"px","size":"","sizes":[]},"element_pack_toolbar_typography_letter_spacing_tablet":{"unit":"px","size":"","sizes":[]},"element_pack_toolbar_typography_letter_spacing_mobile":{"unit":"px","size":"","sizes":[]},"element_pack_global_tooltip_width":{"unit":"px","size":"","sizes":[]},"element_pack_global_tooltip_width_tablet":{"unit":"px","size":"","sizes":[]},"element_pack_global_tooltip_width_mobile":{"unit":"px","size":"","sizes":[]},"element_pack_global_tooltip_background_color_stop":{"unit":"%","size":"0","sizes":[]},"element_pack_global_tooltip_background_color_b_stop":{"unit":"%","size":"100","sizes":[]},"element_pack_global_tooltip_background_gradient_angle":{"unit":"deg","size":"180","sizes":[]},"element_pack_global_tooltip_background_xpos":{"unit":"px","size":"0","sizes":[]},"element_pack_global_tooltip_background_xpos_tablet":{"unit":"px","size":"0","sizes":[]},"element_pack_global_tooltip_background_xpos_mobile":{"unit":"px","size":"0","sizes":[]},"element_pack_global_tooltip_background_ypos":{"unit":"px","size":"0","sizes":[]},"element_pack_global_tooltip_background_ypos_tablet":{"unit":"px","size":"0","sizes":[]},"element_pack_global_tooltip_background_ypos_mobile":{"unit":"px","size":"0","sizes":[]},"element_pack_global_tooltip_background_bg_width":{"unit":"%","size":"100","sizes":[]},"element_pack_global_tooltip_background_bg_width_tablet":{"unit":"px","size":"","sizes":[]},"element_pack_global_tooltip_background_bg_width_mobile":{"unit":"px","size":"","sizes":[]},"element_pack_global_tooltip_typography_font_size":{"unit":"px","size":"","sizes":[]},"element_pack_global_tooltip_typography_font_size_tablet":{"unit":"px","size":"","sizes":[]},"element_pack_global_tooltip_typography_font_size_mobile":{"unit":"px","size":"","sizes":[]},"element_pack_global_tooltip_typography_line_height":{"unit":"em","size":"","sizes":[]},"element_pack_global_tooltip_typography_line_height_tablet":{"unit":"em","size":"","sizes":[]},"element_pack_global_tooltip_typography_line_height_mobile":{"unit":"em","size":"","sizes":[]},"element_pack_global_tooltip_typography_letter_spacing":{"unit":"px","size":"","sizes":[]},"element_pack_global_tooltip_typography_letter_spacing_tablet":{"unit":"px","size":"","sizes":[]},"element_pack_global_tooltip_typography_letter_spacing_mobile":{"unit":"px","size":"","sizes":[]}}}