{"version":"0.4","title":"Header Demo Set 6-2","type":"section","content":[{"id":"5d16557d","settings":{"layout":"full_width","background_overlay_opacity":{"unit":"px","size":0.90000000000000002220446049250313080847263336181640625,"sizes":[]},"background_background":"classic","background_image":{"url":"https:\/\/bdthemes.net\/demo\/ready-pages\/ready-blocks\/wp-content\/uploads\/2019\/04\/fox-header-bg.jpg","id":48834},"background_size":"cover","background_overlay_background":"classic","background_overlay_color":"#000000","css_filters_css_filter":"custom"},"elements":[{"id":"65a4a996","settings":{"_column_size":100,"padding":{"unit":"px","top":"0","right":"0","bottom":"0","left":"0","isLinked":false}},"elements":[{"id":"48e63012","settings":{"height_inner":"min-height","custom_height_inner":{"unit":"px","size":10,"sizes":[]},"structure":"30","background_background":"classic","background_color":"rgba(255,255,255,0.18)","margin":{"unit":"px","top":"0","right":0,"bottom":"0","left":0,"isLinked":false},"padding":{"unit":"px","top":"0","right":"0","bottom":"0","left":"0","isLinked":false},"hide_mobile":"hidden-phone"},"elements":[{"id":"5a394520","settings":{"_column_size":33,"_inline_size":17.632000000000001449507180950604379177093505859375,"_inline_size_tablet":25,"_inline_size_mobile":50},"elements":[{"id":"15483be2","settings":{"icon":"fa fa-phone","title_text":"Call Us: 011 556 9658","description_text":"","link":{"url":"#","is_external":"","nofollow":""},"position":"left","primary_color":"#23a455","icon_space":{"unit":"px","size":10,"sizes":[]},"icon_size":{"unit":"px","size":19,"sizes":[]},"title_bottom_space":{"unit":"px","size":0,"sizes":[]},"title_color":"rgba(255,255,255,0.79)","title_typography_typography":"custom","title_typography_font_size":{"unit":"px","size":14,"sizes":[]},"title_typography_font_weight":"400","_margin":{"unit":"px","top":"0","right":"0","bottom":"0","left":"0","isLinked":false},"_padding":{"unit":"px","top":"7","right":"0","bottom":"0","left":"0","isLinked":false},"selected_icon":{"value":"fas fa-phone","library":"fa-solid"}},"elements":[],"isInner":false,"widgetType":"icon-box","elType":"widget"}],"isInner":true,"elType":"column"},{"id":"2be4ddea","settings":{"_column_size":33,"_inline_size":49.03399999999999891997504164464771747589111328125,"_inline_size_tablet":25,"_inline_size_mobile":50},"elements":[{"id":"48c80c41","settings":{"icon":"fa fa-envelope-o","title_text":"demo@yourdomain.com","description_text":"","link":{"url":"#","is_external":"","nofollow":""},"position":"left","primary_color":"#23a455","icon_space":{"unit":"px","size":10,"sizes":[]},"icon_size":{"unit":"px","size":19,"sizes":[]},"title_bottom_space":{"unit":"px","size":0,"sizes":[]},"title_color":"rgba(255,255,255,0.79)","title_typography_typography":"custom","title_typography_font_size":{"unit":"px","size":14,"sizes":[]},"title_typography_font_weight":"400","_margin":{"unit":"px","top":"0","right":"0","bottom":"0","left":"0","isLinked":false},"_padding":{"unit":"px","top":"7","right":"0","bottom":"0","left":"0","isLinked":false},"selected_icon":{"value":"far fa-envelope","library":"fa-regular"}},"elements":[],"isInner":false,"widgetType":"icon-box","elType":"widget"}],"isInner":true,"elType":"column"},{"id":"2603d071","settings":{"_column_size":33,"_inline_size":null,"_inline_size_tablet":50,"_inline_size_mobile":100},"elements":[{"id":"105ee909","settings":{"social_icon_list":[{"social":"fa fa-facebook","_id":"0982e33","link":{"url":"#","is_external":"true","nofollow":""},"social_icon":{"value":"fab fa-wordpress","library":"fa-brands"},"item_icon_color":"default","item_icon_primary_color":"","item_icon_secondary_color":""},{"social":"fa fa-twitter","_id":"336fe3d","link":{"url":"#","is_external":"true","nofollow":""},"social_icon":{"value":"fab fa-wordpress","library":"fa-brands"},"item_icon_color":"default","item_icon_primary_color":"","item_icon_secondary_color":""},{"social":"fa fa-pinterest","link":{"url":"#","is_external":"true","nofollow":""},"_id":"1dea089","social_icon":{"value":"fab fa-wordpress","library":"fa-brands"},"item_icon_color":"default","item_icon_primary_color":"","item_icon_secondary_color":""},{"social":"fa fa-google-plus","_id":"cbbca5e","link":{"url":"#","is_external":"true","nofollow":""},"social_icon":{"value":"fab fa-wordpress","library":"fa-brands"},"item_icon_color":"default","item_icon_primary_color":"","item_icon_secondary_color":""},{"social":"fa fa-weibo","link":{"url":"#","is_external":"true","nofollow":""},"_id":"e854315","social_icon":{"value":"fab fa-wordpress","library":"fa-brands"},"item_icon_color":"default","item_icon_primary_color":"","item_icon_secondary_color":""},{"social":"fa fa-yelp","link":{"url":"#","is_external":"true","nofollow":""},"_id":"80f3692","social_icon":{"value":"fab fa-wordpress","library":"fa-brands"},"item_icon_color":"default","item_icon_primary_color":"","item_icon_secondary_color":""},{"social":"fa fa-tumblr","link":{"url":"#","is_external":"true","nofollow":""},"_id":"aeb72c7","social_icon":{"value":"fab fa-wordpress","library":"fa-brands"},"item_icon_color":"default","item_icon_primary_color":"","item_icon_secondary_color":""},{"social":"fa fa-spotify","link":{"url":"#","is_external":"true","nofollow":""},"_id":"2612cb9","social_icon":{"value":"fab fa-wordpress","library":"fa-brands"},"item_icon_color":"default","item_icon_primary_color":"","item_icon_secondary_color":""},{"social":"fa fa-deviantart","link":{"url":"#","is_external":"true","nofollow":""},"_id":"c558533","social_icon":{"value":"fab fa-wordpress","library":"fa-brands"},"item_icon_color":"default","item_icon_primary_color":"","item_icon_secondary_color":""}],"icon_color":"custom","icon_primary_color":"rgba(255,255,255,0)","icon_secondary_color":"rgba(255,255,255,0.79)","icon_size":{"unit":"px","size":16,"sizes":[]},"icon_size_mobile":{"unit":"px","size":13,"sizes":[]},"icon_padding":{"unit":"em","size":0.5,"sizes":[]},"icon_spacing_mobile":{"unit":"px","size":0,"sizes":[]},"hover_primary_color":"rgba(255,255,255,0)","hover_secondary_color":"#ffffff"},"elements":[],"isInner":false,"widgetType":"social-icons","elType":"widget"}],"isInner":true,"elType":"column"}],"isInner":true,"elType":"section"},{"id":"626bd","settings":{"column_position":"top","padding_tablet":{"unit":"px","top":"15","right":"0","bottom":"15","left":"0","isLinked":false},"background_background":"classic","background_gradient_angle":{"unit":"deg","size":100},"sticky":"","sticky_on":["desktop","tablet","mobile"],"sticky_offset":0,"sticky_effects_offset":0,"custom_css":"","content_width":{"unit":"px","size":""},"section_sticky_active_bg":"#ffffff","margin":{"unit":"px","top":"","right":0,"bottom":"","left":0,"isLinked":true},"margin_tablet":{"unit":"px","top":"","right":0,"bottom":"","left":0,"isLinked":true},"margin_mobile":{"unit":"px","top":"0","right":0,"bottom":"0","left":0,"isLinked":false},"z_index":100,"custom_height":{"unit":"px","size":""},"background_hover_transition":{"unit":"px","size":""},"section_sticky_active_shadow_box_shadow_type":"yes","section_sticky_active_shadow_box_shadow":{"horizontal":0,"vertical":5,"blur":20,"spread":0,"color":"rgba(0,0,0,0.05)"},"padding_mobile":{"unit":"px","top":"10","right":"0","bottom":"20","left":"0","isLinked":false},"padding":{"unit":"px","top":"15","right":"0","bottom":"15","left":"0","isLinked":false}},"elements":[{"id":"5c20cff","settings":{"_column_size":100,"_inline_size":null,"padding":{"unit":"px","top":"0","right":"0","bottom":"0","left":"0","isLinked":true},"_inline_size_mobile":100,"_inline_size_tablet":100,"content_position":"center","custom_css":"","margin":{"unit":"px","top":"-2","right":"0","bottom":"0","left":"0","isLinked":false},"margin_tablet":{"unit":"px","top":"0","right":"0","bottom":"0","left":"30","isLinked":false},"margin_mobile":{"unit":"px","top":"0","right":"0","bottom":"0","left":"0","isLinked":false},"padding_mobile":{"unit":"px","top":"0","right":"0","bottom":"0","left":"0","isLinked":false}},"elements":[{"id":"46b3126d","settings":{"image":{"id":48570,"url":"https:\/\/bdthemes.net\/demo\/ready-pages\/ready-blocks\/wp-content\/uploads\/2019\/04\/logo-2.png"},"image_size":"medium_large","link_to":"custom","link":{"url":"#","is_external":"","nofollow":""},"_margin_tablet":{"unit":"px","top":"0","right":"0","bottom":"0","left":"0","isLinked":false},"_padding_mobile":{"unit":"px","top":"10","right":"0","bottom":"0","left":"0","isLinked":false},"align_tablet":"center","align":"center","width":{"unit":"%","size":70},"width_tablet":{"unit":"%","size":60},"width_mobile":{"unit":"%","size":50,"sizes":[]},"align_mobile":"center","_margin_mobile":{"unit":"px","top":"0","right":"0","bottom":"0","left":"0","isLinked":false}},"elements":[],"isInner":false,"widgetType":"image","elType":"widget"}],"isInner":false,"elType":"column"}],"isInner":false,"elType":"section"},{"id":"6acf7235","settings":{"column_position":"top","padding_tablet":{"unit":"px","top":"15","right":"0","bottom":"15","left":"0","isLinked":false},"structure":"30","background_background":"classic","background_gradient_angle":{"unit":"deg","size":100},"sticky":"","sticky_on":["desktop","tablet","mobile"],"sticky_offset":0,"sticky_effects_offset":0,"custom_css":"","content_width":{"unit":"px","size":""},"section_sticky_active_bg":"#ffffff","margin":{"unit":"px","top":"","right":0,"bottom":"","left":0,"isLinked":true},"margin_tablet":{"unit":"px","top":"","right":0,"bottom":"","left":0,"isLinked":true},"margin_mobile":{"unit":"px","top":"0","right":0,"bottom":"0","left":0,"isLinked":false},"custom_height":{"unit":"px","size":""},"background_hover_transition":{"unit":"px","size":""},"section_sticky_active_shadow_box_shadow_type":"yes","section_sticky_active_shadow_box_shadow":{"horizontal":0,"vertical":5,"blur":20,"spread":0,"color":"rgba(0,0,0,0.05)"},"padding_mobile":{"unit":"px","top":"0","right":"0","bottom":"10","left":"0","isLinked":false},"background_color":"rgba(255,255,255,0.18)"},"elements":[{"id":"27c8ac8","settings":{"_column_size":33,"_inline_size":92.018000000000000682121026329696178436279296875,"_inline_size_mobile":70,"_inline_size_tablet":70,"custom_css":"","padding":{"unit":"px","top":"0","right":"0","bottom":"0","left":"0","isLinked":false},"space_between_widgets":0,"margin_mobile":{"unit":"px","top":"0","right":"0","bottom":"0","left":"0","isLinked":false},"padding_mobile":{"unit":"px","top":"0","right":"0","bottom":"0","left":"0","isLinked":false}},"elements":[{"id":"789a890b","settings":{"navbar":"main-menu","menu_typography_normal_typography":"custom","menu_typography_normal_font_weight":"400","menu_link_color_hover":"#ffffff","menu_hover_color_active":"#bcbcbc","menu_link_color":"rgba(255,255,255,0.71)","menu_typography_normal_font_size":{"unit":"px","size":15,"sizes":[]},"hide_tablet":"hidden-tablet","hide_mobile":"hidden-phone"},"elements":[],"isInner":false,"widgetType":"bdt-navbar","elType":"widget"},{"id":"1e21a554","settings":{"sidebars":"offcanvas","button_text":"Menu","button_align_mobile":"left","offcanvas_content_color":"#ffffff","offcanvas_content_link_color":"rgba(255,255,255,0.76)","offcanvas_content_link_hover_color":"#ffffff","offcanvas_content_background_color":"#59b4e9","offcanvas_button_text_color":"rgba(255,255,255,0.73)","offcanvas_button_background_color":"rgba(89,180,233,0)","hide_desktop":"hidden-desktop","element_pack_widget_tooltip_text":"This is Tooltip","offcanvas_button_padding":{"unit":"px","top":"10","right":"16","bottom":"10","left":"16","isLinked":false},"offcanvas_button_typography_typography":"custom","offcanvas_button_typography_font_size_mobile":{"unit":"px","size":18},"element_pack_widget_tooltip":"","element_pack_widget_tooltip_placement":"top","element_pack_widget_tooltip_animation":"shift-toward","element_pack_widget_tooltip_x_offset":0,"element_pack_widget_tooltip_y_offset":0,"element_pack_widget_tooltip_arrow":"","element_pack_widget_tooltip_width":{"unit":"px","size":""},"element_pack_widget_tooltip_width_tablet":{"unit":"px","size":""},"element_pack_widget_tooltip_width_mobile":{"unit":"px","size":""},"element_pack_widget_tooltip_color":"","element_pack_widget_tooltip_background_background":"","element_pack_widget_tooltip_background_color":"","element_pack_widget_tooltip_background_color_stop":{"unit":"%","size":0},"element_pack_widget_tooltip_background_color_b":"#f2295b","element_pack_widget_tooltip_background_color_b_stop":{"unit":"%","size":100},"element_pack_widget_tooltip_background_gradient_type":"linear","element_pack_widget_tooltip_background_gradient_angle":{"unit":"deg","size":180},"element_pack_widget_tooltip_background_gradient_position":"center center","element_pack_widget_tooltip_background_image":{"url":"","id":""},"element_pack_widget_tooltip_background_position":"","element_pack_widget_tooltip_background_attachment":"","element_pack_widget_tooltip_background_repeat":"","element_pack_widget_tooltip_background_size":"","element_pack_widget_tooltip_background_video_link":"","element_pack_widget_tooltip_background_video_start":"","element_pack_widget_tooltip_background_video_end":"","element_pack_widget_tooltip_background_video_fallback":{"url":"","id":""},"element_pack_widget_tooltip_arrow_color":"","element_pack_widget_tooltip_padding":{"unit":"px","top":"","right":"","bottom":"","left":"","isLinked":true},"element_pack_widget_tooltip_padding_tablet":{"unit":"px","top":"","right":"","bottom":"","left":"","isLinked":true},"element_pack_widget_tooltip_padding_mobile":{"unit":"px","top":"","right":"","bottom":"","left":"","isLinked":true},"element_pack_widget_tooltip_border_border":"","element_pack_widget_tooltip_border_width":{"unit":"px","top":"","right":"","bottom":"","left":"","isLinked":true},"element_pack_widget_tooltip_border_color":"","element_pack_widget_tooltip_border_radius":{"unit":"px","top":"","right":"","bottom":"","left":"","isLinked":true},"element_pack_widget_tooltip_border_radius_tablet":{"unit":"px","top":"","right":"","bottom":"","left":"","isLinked":true},"element_pack_widget_tooltip_border_radius_mobile":{"unit":"px","top":"","right":"","bottom":"","left":"","isLinked":true},"element_pack_widget_tooltip_text_align":"center","element_pack_widget_tooltip_box_shadow_box_shadow_type":"","element_pack_widget_tooltip_box_shadow_box_shadow":{"horizontal":0,"vertical":0,"blur":10,"spread":0,"color":"rgba(0,0,0,0.5)"},"element_pack_widget_tooltip_box_shadow_box_shadow_position":" ","element_pack_widget_tooltip_typography_typography":"","element_pack_widget_tooltip_typography_font_family":"","element_pack_widget_tooltip_typography_font_size":{"unit":"px","size":""},"element_pack_widget_tooltip_typography_font_size_tablet":{"unit":"px","size":""},"element_pack_widget_tooltip_typography_font_size_mobile":{"unit":"px","size":""},"element_pack_widget_tooltip_typography_font_weight":"","element_pack_widget_tooltip_typography_text_transform":"","element_pack_widget_tooltip_typography_font_style":"","element_pack_widget_tooltip_typography_text_decoration":"","element_pack_widget_tooltip_typography_line_height":{"unit":"em","size":""},"element_pack_widget_tooltip_typography_line_height_tablet":{"unit":"em","size":""},"element_pack_widget_tooltip_typography_line_height_mobile":{"unit":"em","size":""},"element_pack_widget_tooltip_typography_letter_spacing":{"unit":"px","size":""},"element_pack_widget_tooltip_typography_letter_spacing_tablet":{"unit":"px","size":""},"element_pack_widget_tooltip_typography_letter_spacing_mobile":{"unit":"px","size":""},"sticky":"","sticky_on":["desktop","tablet","mobile"],"sticky_offset":0,"sticky_effects_offset":0,"sticky_parent":"","custom_css":"","_margin_tablet":{"unit":"px","top":"5","right":"0","bottom":"0","left":"20","isLinked":false},"_padding_mobile":{"unit":"px","top":"15","right":"30","bottom":"0","left":"0","isLinked":false},"offcanvas_content_shadow_box_shadow_type":"yes","offcanvas_content_shadow_box_shadow":{"horizontal":0,"vertical":10,"blur":20,"spread":0,"color":"rgba(0,0,0,0.1)"},"offcanvas_custom_id":"#bdt-custom-offcanvas","offcanvas_button_typography_font_size_tablet":{"unit":"px","size":18,"sizes":[]}},"elements":[],"isInner":false,"widgetType":"bdt-offcanvas","elType":"widget"}],"isInner":false,"elType":"column"},{"id":"2a3ba429","settings":{"_column_size":33,"_inline_size":2.718999999999999861444166526780463755130767822265625,"padding":{"unit":"px","top":"0","right":"0","bottom":"0","left":"0","isLinked":true},"_inline_size_mobile":15,"_inline_size_tablet":10,"margin":{"unit":"px","top":"25","right":"0","bottom":"0","left":"0","isLinked":false},"margin_tablet":{"unit":"px","top":"10","right":"30","bottom":"0","left":"0","isLinked":false},"custom_css":""},"elements":[{"id":"54c850b6","settings":{"skin":"modal","placeholder":"Search...","toggle_icon_size":{"unit":"px","size":21,"sizes":[]},"search_align":"center","toggle_icon_color":"#ffffff","_margin":{"unit":"px","top":"-5","right":"0","bottom":"0","left":"0","isLinked":false},"_margin_mobile":{"unit":"px","top":"10","right":"0","bottom":"0","left":"0","isLinked":false},"_padding_mobile":{"unit":"px","top":"0","right":"0","bottom":"0","left":"0","isLinked":false}},"elements":[],"isInner":false,"widgetType":"bdt-search","elType":"widget"}],"isInner":false,"elType":"column"},{"id":"40d6275e","settings":{"_column_size":33,"_inline_size":5.2590000000000003410605131648480892181396484375,"padding":{"unit":"px","top":"0","right":"0","bottom":"0","left":"0","isLinked":true},"_inline_size_mobile":15,"_inline_size_tablet":20,"margin":{"unit":"px","top":"25","right":"0","bottom":"0","left":"0","isLinked":false},"margin_tablet":{"unit":"px","top":"10","right":"30","bottom":"0","left":"0","isLinked":false},"custom_css":""},"elements":[{"id":"5ce7a3aa","settings":{"icon":"fa fa-shopping-bag","primary_color":"#ffffff","size":{"unit":"px","size":22,"sizes":[]},"align_tablet":"right","_margin_mobile":{"unit":"px","top":"13","right":"0","bottom":"0","left":"0","isLinked":false},"_padding_mobile":{"unit":"px","top":"0","right":"0","bottom":"0","left":"0","isLinked":false}},"elements":[],"isInner":false,"widgetType":"icon","elType":"widget"}],"isInner":false,"elType":"column"}],"isInner":false,"elType":"section"}],"isInner":false,"elType":"column"}],"isInner":false,"elType":"section"}],"page_settings":{"background_color_stop":{"unit":"%","size":"0","sizes":[]},"background_color_b_stop":{"unit":"%","size":"100","sizes":[]},"background_gradient_angle":{"unit":"deg","size":"180","sizes":[]},"background_xpos":{"unit":"px","size":"0","sizes":[]},"background_xpos_tablet":{"unit":"px","size":"0","sizes":[]},"background_xpos_mobile":{"unit":"px","size":"0","sizes":[]},"background_ypos":{"unit":"px","size":"0","sizes":[]},"background_ypos_tablet":{"unit":"px","size":"0","sizes":[]},"background_ypos_mobile":{"unit":"px","size":"0","sizes":[]},"background_bg_width":{"unit":"%","size":"100","sizes":[]},"background_bg_width_tablet":{"unit":"px","size":"","sizes":[]},"background_bg_width_mobile":{"unit":"px","size":"","sizes":[]},"element_pack_toolbar_typography_font_size":{"unit":"px","size":"","sizes":[]},"element_pack_toolbar_typography_font_size_tablet":{"unit":"px","size":"","sizes":[]},"element_pack_toolbar_typography_font_size_mobile":{"unit":"px","size":"","sizes":[]},"element_pack_toolbar_typography_line_height":{"unit":"em","size":"","sizes":[]},"element_pack_toolbar_typography_line_height_tablet":{"unit":"em","size":"","sizes":[]},"element_pack_toolbar_typography_line_height_mobile":{"unit":"em","size":"","sizes":[]},"element_pack_toolbar_typography_letter_spacing":{"unit":"px","size":"","sizes":[]},"element_pack_toolbar_typography_letter_spacing_tablet":{"unit":"px","size":"","sizes":[]},"element_pack_toolbar_typography_letter_spacing_mobile":{"unit":"px","size":"","sizes":[]},"element_pack_global_tooltip_width":{"unit":"px","size":"","sizes":[]},"element_pack_global_tooltip_width_tablet":{"unit":"px","size":"","sizes":[]},"element_pack_global_tooltip_width_mobile":{"unit":"px","size":"","sizes":[]},"element_pack_global_tooltip_background_color_stop":{"unit":"%","size":"0","sizes":[]},"element_pack_global_tooltip_background_color_b_stop":{"unit":"%","size":"100","sizes":[]},"element_pack_global_tooltip_background_gradient_angle":{"unit":"deg","size":"180","sizes":[]},"element_pack_global_tooltip_background_xpos":{"unit":"px","size":"0","sizes":[]},"element_pack_global_tooltip_background_xpos_tablet":{"unit":"px","size":"0","sizes":[]},"element_pack_global_tooltip_background_xpos_mobile":{"unit":"px","size":"0","sizes":[]},"element_pack_global_tooltip_background_ypos":{"unit":"px","size":"0","sizes":[]},"element_pack_global_tooltip_background_ypos_tablet":{"unit":"px","size":"0","sizes":[]},"element_pack_global_tooltip_background_ypos_mobile":{"unit":"px","size":"0","sizes":[]},"element_pack_global_tooltip_background_bg_width":{"unit":"%","size":"100","sizes":[]},"element_pack_global_tooltip_background_bg_width_tablet":{"unit":"px","size":"","sizes":[]},"element_pack_global_tooltip_background_bg_width_mobile":{"unit":"px","size":"","sizes":[]},"element_pack_global_tooltip_typography_font_size":{"unit":"px","size":"","sizes":[]},"element_pack_global_tooltip_typography_font_size_tablet":{"unit":"px","size":"","sizes":[]},"element_pack_global_tooltip_typography_font_size_mobile":{"unit":"px","size":"","sizes":[]},"element_pack_global_tooltip_typography_line_height":{"unit":"em","size":"","sizes":[]},"element_pack_global_tooltip_typography_line_height_tablet":{"unit":"em","size":"","sizes":[]},"element_pack_global_tooltip_typography_line_height_mobile":{"unit":"em","size":"","sizes":[]},"element_pack_global_tooltip_typography_letter_spacing":{"unit":"px","size":"","sizes":[]},"element_pack_global_tooltip_typography_letter_spacing_tablet":{"unit":"px","size":"","sizes":[]},"element_pack_global_tooltip_typography_letter_spacing_mobile":{"unit":"px","size":"","sizes":[]}}}