{"version":"0.4","title":"Header Demo Set 6-3","type":"section","content":[{"id":"50190c9","settings":{"layout":"full_width","background_background":"classic","background_color":"#000000","box_shadow_box_shadow":{"horizontal":0,"vertical":100,"blur":55,"spread":14,"color":"#000000"},"box_shadow_box_shadow_position":"inset","margin_mobile":{"unit":"px","top":"0","right":0,"bottom":"0","left":0,"isLinked":false},"padding_tablet":{"unit":"px","top":"0","right":"30","bottom":"0","left":"0","isLinked":false},"padding_mobile":{"unit":"px","top":"0","right":"0","bottom":"0","left":"0","isLinked":false}},"elements":[{"id":"7383a7ef","settings":{"_column_size":100,"padding":{"unit":"px","top":"0","right":"0","bottom":"0","left":"0","isLinked":false}},"elements":[{"id":"93e33df","settings":{"column_position":"top","padding_tablet":{"unit":"px","top":"15","right":"0","bottom":"15","left":"0","isLinked":false},"structure":"20","background_background":"classic","background_gradient_angle":{"unit":"deg","size":100},"sticky":"","sticky_on":["desktop","tablet","mobile"],"sticky_offset":0,"sticky_effects_offset":0,"custom_css":"","content_width":{"unit":"px","size":""},"section_sticky_active_bg":"#ffffff","margin":{"unit":"px","top":"","right":0,"bottom":"","left":0,"isLinked":true},"margin_tablet":{"unit":"px","top":"","right":0,"bottom":"","left":0,"isLinked":true},"margin_mobile":{"unit":"px","top":"","right":0,"bottom":"","left":0,"isLinked":true},"z_index":100,"section_sticky_on":"yes","custom_height":{"unit":"px","size":""},"background_hover_transition":{"unit":"px","size":""},"section_sticky_active_shadow_box_shadow_type":"yes","section_sticky_active_shadow_box_shadow":{"horizontal":0,"vertical":5,"blur":20,"spread":0,"color":"rgba(0,0,0,0.05)"},"padding_mobile":{"unit":"px","top":"10","right":"10","bottom":"0","left":"10","isLinked":false},"padding":{"unit":"px","top":"20","right":"0","bottom":"20","left":"0","isLinked":false}},"elements":[{"id":"396f3b5f","settings":{"_column_size":50,"_inline_size":77.018000000000000682121026329696178436279296875,"padding":{"unit":"px","top":"0","right":"0","bottom":"0","left":"0","isLinked":true},"_inline_size_mobile":50,"_inline_size_tablet":60,"content_position":"center","custom_css":"","margin":{"unit":"px","top":"-2","right":"0","bottom":"0","left":"0","isLinked":false},"margin_tablet":{"unit":"px","top":"0","right":"0","bottom":"0","left":"30","isLinked":false},"margin_mobile":{"unit":"px","top":"0","right":"0","bottom":"0","left":"0","isLinked":false},"padding_mobile":{"unit":"px","top":"0","right":"0","bottom":"0","left":"0","isLinked":false}},"elements":[{"id":"3d150db8","settings":{"image":{"id":48448,"url":"https:\/\/bdthemes.net\/demo\/ready-pages\/ready-blocks\/wp-content\/uploads\/2019\/04\/logo-1-1-1.png"},"image_size":"medium_large","link_to":"custom","link":{"url":"#","is_external":"","nofollow":""},"_margin_tablet":{"unit":"px","top":"0","right":"0","bottom":"0","left":"0","isLinked":false},"_padding_mobile":{"unit":"px","top":"10","right":"0","bottom":"0","left":"0","isLinked":false},"align_tablet":"left","align":"left","width":{"unit":"%","size":50},"width_tablet":{"unit":"%","size":60},"width_mobile":{"unit":"%","size":50,"sizes":[]},"align_mobile":"left","_margin_mobile":{"unit":"px","top":"0","right":"0","bottom":"0","left":"0","isLinked":false}},"elements":[],"isInner":false,"widgetType":"image","elType":"widget"}],"isInner":false,"elType":"column"},{"id":"5839a5f6","settings":{"_column_size":50,"_inline_size":22.981999999999999317878973670303821563720703125,"padding":{"unit":"px","top":"0","right":"0","bottom":"0","left":"0","isLinked":true},"_inline_size_mobile":50,"_inline_size_tablet":40,"content_position":"center","custom_css":"","margin":{"unit":"px","top":"-2","right":"0","bottom":"0","left":"0","isLinked":false},"margin_tablet":{"unit":"px","top":"0","right":"0","bottom":"0","left":"30","isLinked":false}},"elements":[{"id":"609e7d0e","settings":{"placeholder":"Search Now...","search_icon_flip":"yes","input_typography_typography":"custom","input_typography_font_size":{"unit":"px","size":14,"sizes":[]},"icon_color":"rgba(255,255,255,0.57)","input_text_color":"#ffffff","input_background_color":"rgba(255,255,255,0.1)","input_placeholder_color":"rgba(255,255,255,0.56)"},"elements":[],"isInner":false,"widgetType":"bdt-search","elType":"widget"}],"isInner":false,"elType":"column"}],"isInner":false,"elType":"section"},{"id":"1f875c1c","settings":{"column_position":"top","padding_tablet":{"unit":"px","top":"15","right":"0","bottom":"15","left":"0","isLinked":false},"background_background":"classic","background_gradient_angle":{"unit":"deg","size":100},"sticky":"","sticky_on":["desktop","tablet","mobile"],"sticky_offset":0,"sticky_effects_offset":0,"custom_css":"","content_width":{"unit":"px","size":""},"section_sticky_active_bg":"#ffffff","margin":{"unit":"px","top":"0","right":0,"bottom":"0","left":0,"isLinked":false},"margin_tablet":{"unit":"px","top":"","right":0,"bottom":"","left":0,"isLinked":true},"margin_mobile":{"unit":"px","top":"0","right":0,"bottom":"0","left":0,"isLinked":false},"custom_height":{"unit":"px","size":""},"background_hover_transition":{"unit":"px","size":""},"section_sticky_active_shadow_box_shadow_type":"yes","section_sticky_active_shadow_box_shadow":{"horizontal":0,"vertical":5,"blur":20,"spread":0,"color":"rgba(0,0,0,0.05)"},"padding_mobile":{"unit":"px","top":"10","right":"0","bottom":"10","left":"0","isLinked":false},"background_color":"rgba(255,255,255,0.08)","box_shadow_box_shadow":{"horizontal":0,"vertical":100,"blur":10,"spread":0,"color":"rgba(0,0,0,0.5)"},"padding":{"unit":"px","top":"0","right":"0","bottom":"0","left":"0","isLinked":false}},"elements":[{"id":"66e92488","settings":{"_column_size":100,"_inline_size":null,"_inline_size_mobile":100,"_inline_size_tablet":100,"custom_css":"","padding":{"unit":"px","top":"0","right":"0","bottom":"0","left":"0","isLinked":false},"space_between_widgets":0},"elements":[{"id":"7695abd7","settings":{"navbar":"main-menu","menu_typography_normal_typography":"custom","menu_typography_normal_font_weight":"400","menu_link_color_hover":"#ffffff","menu_hover_color_active":"#d3d3d3","align":"flex-start","menu_link_color":"rgba(255,255,255,0.71)","menu_typography_normal_font_size":{"unit":"px","size":15,"sizes":[]},"hide_tablet":"hidden-tablet","hide_mobile":"hidden-phone"},"elements":[],"isInner":false,"widgetType":"bdt-navbar","elType":"widget"},{"id":"54164a97","settings":{"sidebars":"offcanvas","button_text":"Menu","button_align_mobile":"left","offcanvas_content_color":"#ffffff","offcanvas_content_link_color":"rgba(255,255,255,0.76)","offcanvas_content_link_hover_color":"#ffffff","offcanvas_content_background_color":"#59b4e9","offcanvas_button_text_color":"rgba(255,255,255,0.73)","offcanvas_button_background_color":"rgba(89,180,233,0)","hide_desktop":"hidden-desktop","element_pack_widget_tooltip_text":"This is Tooltip","offcanvas_button_padding":{"unit":"px","top":"10","right":"16","bottom":"10","left":"16","isLinked":false},"offcanvas_button_typography_typography":"custom","offcanvas_button_typography_font_size_mobile":{"unit":"px","size":18},"element_pack_widget_tooltip":"","element_pack_widget_tooltip_placement":"top","element_pack_widget_tooltip_animation":"shift-toward","element_pack_widget_tooltip_x_offset":0,"element_pack_widget_tooltip_y_offset":0,"element_pack_widget_tooltip_arrow":"","element_pack_widget_tooltip_width":{"unit":"px","size":""},"element_pack_widget_tooltip_width_tablet":{"unit":"px","size":""},"element_pack_widget_tooltip_width_mobile":{"unit":"px","size":""},"element_pack_widget_tooltip_color":"","element_pack_widget_tooltip_background_background":"","element_pack_widget_tooltip_background_color":"","element_pack_widget_tooltip_background_color_stop":{"unit":"%","size":0},"element_pack_widget_tooltip_background_color_b":"#f2295b","element_pack_widget_tooltip_background_color_b_stop":{"unit":"%","size":100},"element_pack_widget_tooltip_background_gradient_type":"linear","element_pack_widget_tooltip_background_gradient_angle":{"unit":"deg","size":180},"element_pack_widget_tooltip_background_gradient_position":"center center","element_pack_widget_tooltip_background_image":{"url":"","id":""},"element_pack_widget_tooltip_background_position":"","element_pack_widget_tooltip_background_attachment":"","element_pack_widget_tooltip_background_repeat":"","element_pack_widget_tooltip_background_size":"","element_pack_widget_tooltip_background_video_link":"","element_pack_widget_tooltip_background_video_start":"","element_pack_widget_tooltip_background_video_end":"","element_pack_widget_tooltip_background_video_fallback":{"url":"","id":""},"element_pack_widget_tooltip_arrow_color":"","element_pack_widget_tooltip_padding":{"unit":"px","top":"","right":"","bottom":"","left":"","isLinked":true},"element_pack_widget_tooltip_padding_tablet":{"unit":"px","top":"","right":"","bottom":"","left":"","isLinked":true},"element_pack_widget_tooltip_padding_mobile":{"unit":"px","top":"","right":"","bottom":"","left":"","isLinked":true},"element_pack_widget_tooltip_border_border":"","element_pack_widget_tooltip_border_width":{"unit":"px","top":"","right":"","bottom":"","left":"","isLinked":true},"element_pack_widget_tooltip_border_color":"","element_pack_widget_tooltip_border_radius":{"unit":"px","top":"","right":"","bottom":"","left":"","isLinked":true},"element_pack_widget_tooltip_border_radius_tablet":{"unit":"px","top":"","right":"","bottom":"","left":"","isLinked":true},"element_pack_widget_tooltip_border_radius_mobile":{"unit":"px","top":"","right":"","bottom":"","left":"","isLinked":true},"element_pack_widget_tooltip_text_align":"center","element_pack_widget_tooltip_box_shadow_box_shadow_type":"","element_pack_widget_tooltip_box_shadow_box_shadow":{"horizontal":0,"vertical":0,"blur":10,"spread":0,"color":"rgba(0,0,0,0.5)"},"element_pack_widget_tooltip_box_shadow_box_shadow_position":" ","element_pack_widget_tooltip_typography_typography":"","element_pack_widget_tooltip_typography_font_family":"","element_pack_widget_tooltip_typography_font_size":{"unit":"px","size":""},"element_pack_widget_tooltip_typography_font_size_tablet":{"unit":"px","size":""},"element_pack_widget_tooltip_typography_font_size_mobile":{"unit":"px","size":""},"element_pack_widget_tooltip_typography_font_weight":"","element_pack_widget_tooltip_typography_text_transform":"","element_pack_widget_tooltip_typography_font_style":"","element_pack_widget_tooltip_typography_text_decoration":"","element_pack_widget_tooltip_typography_line_height":{"unit":"em","size":""},"element_pack_widget_tooltip_typography_line_height_tablet":{"unit":"em","size":""},"element_pack_widget_tooltip_typography_line_height_mobile":{"unit":"em","size":""},"element_pack_widget_tooltip_typography_letter_spacing":{"unit":"px","size":""},"element_pack_widget_tooltip_typography_letter_spacing_tablet":{"unit":"px","size":""},"element_pack_widget_tooltip_typography_letter_spacing_mobile":{"unit":"px","size":""},"sticky":"","sticky_on":["desktop","tablet","mobile"],"sticky_offset":0,"sticky_effects_offset":0,"sticky_parent":"","custom_css":"","_margin_tablet":{"unit":"px","top":"5","right":"0","bottom":"0","left":"20","isLinked":false},"_padding_mobile":{"unit":"px","top":"15","right":"0","bottom":"0","left":"0","isLinked":false},"offcanvas_content_shadow_box_shadow_type":"yes","offcanvas_content_shadow_box_shadow":{"horizontal":0,"vertical":10,"blur":20,"spread":0,"color":"rgba(0,0,0,0.1)"},"offcanvas_custom_id":"#bdt-custom-offcanvas","_margin_mobile":{"unit":"px","top":"0","right":"0","bottom":"0","left":"0","isLinked":false}},"elements":[],"isInner":false,"widgetType":"bdt-offcanvas","elType":"widget"}],"isInner":false,"elType":"column"}],"isInner":false,"elType":"section"}],"isInner":false,"elType":"column"}],"isInner":false,"elType":"section"}],"page_settings":{"background_color_stop":{"unit":"%","size":"0","sizes":[]},"background_color_b_stop":{"unit":"%","size":"100","sizes":[]},"background_gradient_angle":{"unit":"deg","size":"180","sizes":[]},"background_xpos":{"unit":"px","size":"0","sizes":[]},"background_xpos_tablet":{"unit":"px","size":"0","sizes":[]},"background_xpos_mobile":{"unit":"px","size":"0","sizes":[]},"background_ypos":{"unit":"px","size":"0","sizes":[]},"background_ypos_tablet":{"unit":"px","size":"0","sizes":[]},"background_ypos_mobile":{"unit":"px","size":"0","sizes":[]},"background_bg_width":{"unit":"%","size":"100","sizes":[]},"background_bg_width_tablet":{"unit":"px","size":"","sizes":[]},"background_bg_width_mobile":{"unit":"px","size":"","sizes":[]},"element_pack_toolbar_typography_font_size":{"unit":"px","size":"","sizes":[]},"element_pack_toolbar_typography_font_size_tablet":{"unit":"px","size":"","sizes":[]},"element_pack_toolbar_typography_font_size_mobile":{"unit":"px","size":"","sizes":[]},"element_pack_toolbar_typography_line_height":{"unit":"em","size":"","sizes":[]},"element_pack_toolbar_typography_line_height_tablet":{"unit":"em","size":"","sizes":[]},"element_pack_toolbar_typography_line_height_mobile":{"unit":"em","size":"","sizes":[]},"element_pack_toolbar_typography_letter_spacing":{"unit":"px","size":"","sizes":[]},"element_pack_toolbar_typography_letter_spacing_tablet":{"unit":"px","size":"","sizes":[]},"element_pack_toolbar_typography_letter_spacing_mobile":{"unit":"px","size":"","sizes":[]},"element_pack_global_tooltip_width":{"unit":"px","size":"","sizes":[]},"element_pack_global_tooltip_width_tablet":{"unit":"px","size":"","sizes":[]},"element_pack_global_tooltip_width_mobile":{"unit":"px","size":"","sizes":[]},"element_pack_global_tooltip_background_color_stop":{"unit":"%","size":"0","sizes":[]},"element_pack_global_tooltip_background_color_b_stop":{"unit":"%","size":"100","sizes":[]},"element_pack_global_tooltip_background_gradient_angle":{"unit":"deg","size":"180","sizes":[]},"element_pack_global_tooltip_background_xpos":{"unit":"px","size":"0","sizes":[]},"element_pack_global_tooltip_background_xpos_tablet":{"unit":"px","size":"0","sizes":[]},"element_pack_global_tooltip_background_xpos_mobile":{"unit":"px","size":"0","sizes":[]},"element_pack_global_tooltip_background_ypos":{"unit":"px","size":"0","sizes":[]},"element_pack_global_tooltip_background_ypos_tablet":{"unit":"px","size":"0","sizes":[]},"element_pack_global_tooltip_background_ypos_mobile":{"unit":"px","size":"0","sizes":[]},"element_pack_global_tooltip_background_bg_width":{"unit":"%","size":"100","sizes":[]},"element_pack_global_tooltip_background_bg_width_tablet":{"unit":"px","size":"","sizes":[]},"element_pack_global_tooltip_background_bg_width_mobile":{"unit":"px","size":"","sizes":[]},"element_pack_global_tooltip_typography_font_size":{"unit":"px","size":"","sizes":[]},"element_pack_global_tooltip_typography_font_size_tablet":{"unit":"px","size":"","sizes":[]},"element_pack_global_tooltip_typography_font_size_mobile":{"unit":"px","size":"","sizes":[]},"element_pack_global_tooltip_typography_line_height":{"unit":"em","size":"","sizes":[]},"element_pack_global_tooltip_typography_line_height_tablet":{"unit":"em","size":"","sizes":[]},"element_pack_global_tooltip_typography_line_height_mobile":{"unit":"em","size":"","sizes":[]},"element_pack_global_tooltip_typography_letter_spacing":{"unit":"px","size":"","sizes":[]},"element_pack_global_tooltip_typography_letter_spacing_tablet":{"unit":"px","size":"","sizes":[]},"element_pack_global_tooltip_typography_letter_spacing_mobile":{"unit":"px","size":"","sizes":[]}}}