{"version":"0.4","title":"Header Demo Set 4-9","type":"section","content":[{"id":"733d27a6","settings":{"structure":"33","padding":{"unit":"px","top":"0","right":"50","bottom":"0","left":"50","isLinked":false},"layout":"full_width","padding_tablet":{"unit":"px","top":"0","right":"0","bottom":"0","left":"0","isLinked":false},"section_sticky_active_bg":"#000000","item_border_radius":{"unit":"px","top":"0","right":"50","bottom":"0","left":"50","isLinked":false},"margin_mobile":{"unit":"px","top":"","right":0,"bottom":"","left":0,"isLinked":true},"padding_mobile":{"unit":"px","top":"0","right":"0","bottom":"0","left":"0","isLinked":false},"background_background":"classic","background_image":{"url":"https:\/\/bdthemes.net\/demo\/ready-pages\/ready-blocks\/wp-content\/uploads\/2019\/04\/garden-header-bg.jpg","id":48573},"background_size":"cover","background_overlay_background":"classic","background_overlay_color":"#000000"},"elements":[{"id":"40f1c422","settings":{"_column_size":25,"_inline_size":null,"_inline_size_tablet":100,"padding_tablet":{"unit":"px","top":"0","right":"0","bottom":"0","left":"40","isLinked":false},"padding":{"unit":"px","top":"0","right":"0","bottom":"0","left":"0","isLinked":false},"content_position":"center"},"elements":[{"id":"469b75ca","settings":{"title":"<strong>Gardener<\/strong>","link":{"url":"#","is_external":"","nofollow":""},"header_size":"h3","align":"left","title_color":"#ffffff","typography_typography":"custom","typography_font_weight":"400","align_tablet":"center","align_mobile":"center","_margin_tablet":{"unit":"px","top":"20","right":"0","bottom":"0","left":"-30","isLinked":false},"_margin_mobile":{"unit":"px","top":"20","right":"0","bottom":"0","left":"-45","isLinked":false}},"elements":[],"isInner":false,"widgetType":"heading","elType":"widget"}],"isInner":true,"elType":"column"},{"id":"27a1d148","settings":{"_column_size":50,"_inline_size":null,"_inline_size_tablet":100},"elements":[{"id":"6d274d67","settings":{"sidebars":"offcanvas","button_text":"","button_align_mobile":"center","offcanvas_content_color":"#ffffff","offcanvas_content_background_color":"#777777","offcanvas_button_text_color":"#ffffff","offcanvas_button_background_color":"rgba(35,164,85,0.03)","hide_desktop":"hidden-desktop","hide_tablet":"hidden-tablet","offcanvas_custom_id":"#bdt-custom-offcanvas"},"elements":[],"isInner":false,"widgetType":"bdt-offcanvas","elType":"widget"},{"id":"2e334015","settings":{"navs":[{"nav_title":"Home","nav_link":{"url":"#home","is_external":"","nofollow":""},"_id":"620ce66","nav_icon":""},{"nav_title":"Features","nav_link":{"url":"#features","is_external":"","nofollow":""},"_id":"4eb0c9f","nav_icon":""},{"nav_title":"Gallery","nav_link":{"url":"#gallery","is_external":"","nofollow":""},"_id":"d0b23a3","nav_icon":""},{"nav_title":"Services","nav_link":{"url":"#services","is_external":"","nofollow":""},"_id":"7bf3de1","nav_icon":""},{"nav_title":"Contact Us","nav_link":{"url":"#contact-us","is_external":"","nofollow":""},"_id":"84f741f","nav_icon":""}],"nav_color":"#efefef","nav_spacing":{"unit":"px","top":"0","right":"10","bottom":"0","left":"10","isLinked":false},"nav_typography_typography":"custom","nav_typography_font_weight":"500","nav_spacing_mobile":{"unit":"px","top":"0","right":"0","bottom":"0","left":"0","isLinked":true},"section_schedule_start_date":"2017-11-30 00:00","section_schedule_end_date":"2017-11-30 00:00","nav_active_color":"#ffffff","_margin_tablet":{"unit":"px","top":"0","right":"0","bottom":"-15","left":"0","isLinked":false},"nav_typography_font_size":{"unit":"px","size":14},"nav_typography_text_transform":"uppercase","nav_hover_color":"#ffffff","alignment":"center","hide_mobile":"hidden-phone"},"elements":[],"isInner":false,"widgetType":"bdt-scrollnav","elType":"widget"}],"isInner":true,"elType":"column"},{"id":"77085cd5","settings":{"_column_size":25,"_inline_size":null,"_inline_size_tablet":100,"content_position":"center","padding":{"unit":"px","top":"0","right":"0","bottom":"0","left":"0","isLinked":false},"padding_tablet":{"unit":"px","top":"15","right":"0","bottom":"0","left":"0","isLinked":false},"_inline_size_mobile":100},"elements":[{"id":"78ae81aa","settings":{"text":"Get A Quote","align":"right","align_mobile":"center","size":"md","typography_typography":"custom","typography_font_weight":"700","background_color":"rgba(255,255,255,0)","text_padding":{"unit":"px","top":"12","right":"30","bottom":"12","left":"30","isLinked":false},"button_text_color":"#ffffff","hover_color":"#ffffff","button_background_hover_color":"#96c93d","border_border":"solid","border_width":{"unit":"px","top":"2","right":"2","bottom":"2","left":"2","isLinked":true},"border_color":"#ffffff","button_hover_border_color":"#96c93d","align_tablet":"center","icon_align":"right","icon_indent":{"unit":"px","size":10},"border_radius":{"unit":"px","top":"3","right":"3","bottom":"3","left":"3","isLinked":true},"_margin_tablet":{"unit":"px","top":"10","right":"0","bottom":"20","left":"0","isLinked":false},"_margin_mobile":{"unit":"px","top":"-40","right":"0","bottom":"20","left":"0","isLinked":false}},"elements":[],"isInner":false,"widgetType":"button","elType":"widget"}],"isInner":true,"elType":"column"}],"isInner":true,"elType":"section"}],"page_settings":{"background_color_stop":{"unit":"%","size":"0","sizes":[]},"background_color_b_stop":{"unit":"%","size":"100","sizes":[]},"background_gradient_angle":{"unit":"deg","size":"180","sizes":[]},"background_xpos":{"unit":"px","size":"0","sizes":[]},"background_xpos_tablet":{"unit":"px","size":"0","sizes":[]},"background_xpos_mobile":{"unit":"px","size":"0","sizes":[]},"background_ypos":{"unit":"px","size":"0","sizes":[]},"background_ypos_tablet":{"unit":"px","size":"0","sizes":[]},"background_ypos_mobile":{"unit":"px","size":"0","sizes":[]},"background_bg_width":{"unit":"%","size":"100","sizes":[]},"background_bg_width_tablet":{"unit":"px","size":"","sizes":[]},"background_bg_width_mobile":{"unit":"px","size":"","sizes":[]},"element_pack_toolbar_typography_font_size":{"unit":"px","size":"","sizes":[]},"element_pack_toolbar_typography_font_size_tablet":{"unit":"px","size":"","sizes":[]},"element_pack_toolbar_typography_font_size_mobile":{"unit":"px","size":"","sizes":[]},"element_pack_toolbar_typography_line_height":{"unit":"em","size":"","sizes":[]},"element_pack_toolbar_typography_line_height_tablet":{"unit":"em","size":"","sizes":[]},"element_pack_toolbar_typography_line_height_mobile":{"unit":"em","size":"","sizes":[]},"element_pack_toolbar_typography_letter_spacing":{"unit":"px","size":"","sizes":[]},"element_pack_toolbar_typography_letter_spacing_tablet":{"unit":"px","size":"","sizes":[]},"element_pack_toolbar_typography_letter_spacing_mobile":{"unit":"px","size":"","sizes":[]},"element_pack_global_tooltip_width":{"unit":"px","size":"","sizes":[]},"element_pack_global_tooltip_width_tablet":{"unit":"px","size":"","sizes":[]},"element_pack_global_tooltip_width_mobile":{"unit":"px","size":"","sizes":[]},"element_pack_global_tooltip_background_color_stop":{"unit":"%","size":"0","sizes":[]},"element_pack_global_tooltip_background_color_b_stop":{"unit":"%","size":"100","sizes":[]},"element_pack_global_tooltip_background_gradient_angle":{"unit":"deg","size":"180","sizes":[]},"element_pack_global_tooltip_background_xpos":{"unit":"px","size":"0","sizes":[]},"element_pack_global_tooltip_background_xpos_tablet":{"unit":"px","size":"0","sizes":[]},"element_pack_global_tooltip_background_xpos_mobile":{"unit":"px","size":"0","sizes":[]},"element_pack_global_tooltip_background_ypos":{"unit":"px","size":"0","sizes":[]},"element_pack_global_tooltip_background_ypos_tablet":{"unit":"px","size":"0","sizes":[]},"element_pack_global_tooltip_background_ypos_mobile":{"unit":"px","size":"0","sizes":[]},"element_pack_global_tooltip_background_bg_width":{"unit":"%","size":"100","sizes":[]},"element_pack_global_tooltip_background_bg_width_tablet":{"unit":"px","size":"","sizes":[]},"element_pack_global_tooltip_background_bg_width_mobile":{"unit":"px","size":"","sizes":[]},"element_pack_global_tooltip_typography_font_size":{"unit":"px","size":"","sizes":[]},"element_pack_global_tooltip_typography_font_size_tablet":{"unit":"px","size":"","sizes":[]},"element_pack_global_tooltip_typography_font_size_mobile":{"unit":"px","size":"","sizes":[]},"element_pack_global_tooltip_typography_line_height":{"unit":"em","size":"","sizes":[]},"element_pack_global_tooltip_typography_line_height_tablet":{"unit":"em","size":"","sizes":[]},"element_pack_global_tooltip_typography_line_height_mobile":{"unit":"em","size":"","sizes":[]},"element_pack_global_tooltip_typography_letter_spacing":{"unit":"px","size":"","sizes":[]},"element_pack_global_tooltip_typography_letter_spacing_tablet":{"unit":"px","size":"","sizes":[]},"element_pack_global_tooltip_typography_letter_spacing_mobile":{"unit":"px","size":"","sizes":[]}}}