{"version":"0.4","title":"Header Demo Set 4-1","type":"section","content":[{"id":"29dc212a","settings":{"structure":"33","padding":{"unit":"px","top":"30","right":"0","bottom":"30","left":"0","isLinked":false},"layout":"full_width","section_sticky_active_bg":"#000000","padding_tablet":{"unit":"px","top":"0","right":"0","bottom":"0","left":"0","isLinked":false},"content_width":{"unit":"px","size":1600},"item_border_radius":{"unit":"px","top":"0","right":"50","bottom":"0","left":"50","isLinked":false},"background_color_stop":{"unit":"%","size":25,"sizes":[]},"background_gradient_angle":{"unit":"deg","size":100,"sizes":[]},"background_background":"gradient","background_color":"#7363df","background_color_b":"#7e9dd6","margin_tablet":{"unit":"px","top":"0","right":0,"bottom":"0","left":0,"isLinked":false},"margin_mobile":{"unit":"px","top":"0","right":0,"bottom":"0","left":0,"isLinked":false},"padding_mobile":{"unit":"px","top":"0","right":"0","bottom":"10","left":"30","isLinked":false}},"elements":[{"id":"36d310ea","settings":{"_column_size":25,"_inline_size":null,"_inline_size_tablet":25,"padding":{"unit":"px","top":"0","right":"0","bottom":"0","left":"0","isLinked":true},"_inline_size_mobile":60,"padding_tablet":{"unit":"px","top":"0","right":"0","bottom":"0","left":"30","isLinked":false},"padding_mobile":{"unit":"px","top":"0","right":"0","bottom":"0","left":"0","isLinked":false},"content_position":"center"},"elements":[{"id":"272fd925","settings":{"image":{"id":48488,"url":"https:\/\/bdthemes.net\/demo\/ready-pages\/ready-blocks\/wp-content\/uploads\/2019\/04\/01-6-1.png"},"align":"left","align_mobile":"center","image_size":"shop_catalog","_margin_mobile":{"unit":"px","top":"-10","right":"0","bottom":"0","left":"0","isLinked":false},"_padding_mobile":{"unit":"px","top":"0","right":"0","bottom":"0","left":"0","isLinked":false}},"elements":[],"isInner":false,"widgetType":"image","elType":"widget"}],"isInner":true,"elType":"column"},{"id":"3d1bf419","settings":{"_column_size":50,"_inline_size":60.10000000000000142108547152020037174224853515625,"_inline_size_tablet":40,"_inline_size_mobile":20,"margin_tablet":{"unit":"px","top":"20","right":"0","bottom":"0","left":"0","isLinked":false}},"elements":[{"id":"73afce73","settings":{"sidebars":"offcanvas","button_text":"","button_align_tablet":"center","button_align_mobile":"center","offcanvas_content_background_color":"#7f7f7f","offcanvas_button_background_color":"rgba(0,0,0,0)","hide_desktop":"hidden-desktop","offcanvas_content_color":"#ffffff","offcanvas_custom_id":"#bdt-custom-offcanvas","_margin_mobile":{"unit":"px","top":"0","right":"0","bottom":"0","left":"0","isLinked":false},"_padding_mobile":{"unit":"px","top":"0","right":"0","bottom":"0","left":"0","isLinked":false}},"elements":[],"isInner":false,"widgetType":"bdt-offcanvas","elType":"widget"},{"id":"5c9d0543","settings":{"navs":[{"nav_title":"Home","nav_link":{"url":"#section-hero","is_external":"","nofollow":""},"_id":"620ce66","nav_icon":""},{"nav_title":"Whay Choose","nav_link":{"url":"#why-choose-us","is_external":"","nofollow":""},"_id":"4eb0c9f","nav_icon":""},{"nav_title":"Features","nav_link":{"url":"#features","is_external":"","nofollow":""},"_id":"d0b23a3","nav_icon":""},{"nav_title":"Team","nav_link":{"url":"#team","is_external":"","nofollow":""},"_id":"17e01c1","nav_icon":""},{"nav_title":"Blog","nav_link":{"url":"#blog","is_external":"","nofollow":""},"_id":"84f741f","nav_icon":""},{"nav_title":"Contact","nav_link":{"url":"#contact","is_external":"","nofollow":""},"_id":"aee994b","nav_icon":""}],"nav_color":"#efefef","nav_spacing":{"unit":"px","top":"0","right":"15","bottom":"0","left":"15","isLinked":false},"nav_typography_typography":"custom","nav_typography_font_weight":"500","nav_spacing_mobile":{"unit":"px","top":"0","right":"0","bottom":"0","left":"0","isLinked":true},"alignment":"right","section_schedule_start_date":"2017-11-30 00:00","section_schedule_end_date":"2017-11-30 00:00","nav_active_color":"#ffffff","_margin_tablet":{"unit":"px","top":"0","right":"0","bottom":"-15","left":"0","isLinked":false},"nav_typography_font_size":{"unit":"px","size":14},"nav_typography_text_transform":"uppercase","nav_hover_color":"#ffffff","hide_tablet":"hidden-tablet","hide_mobile":"hidden-phone"},"elements":[],"isInner":false,"widgetType":"bdt-scrollnav","elType":"widget"}],"isInner":true,"elType":"column"},{"id":"76066172","settings":{"_column_size":25,"_inline_size":14.9000000000000003552713678800500929355621337890625,"_inline_size_tablet":35,"content_position":"center","padding":{"unit":"px","top":"0","right":"0","bottom":"0","left":"0","isLinked":true},"_inline_size_mobile":20,"margin_tablet":{"unit":"px","top":"-35","right":"0","bottom":"0","left":"0","isLinked":false},"margin_mobile":{"unit":"px","top":"-35","right":"20","bottom":"0","left":"0","isLinked":false},"padding_tablet":{"unit":"px","top":"30","right":"30","bottom":"0","left":"0","isLinked":false}},"elements":[{"id":"6e6b396e","settings":{"placeholder":"","search_icon_flip":"yes","search_align":"right","search_icon_color":"#ffffff","input_text_color":"#ffffff","input_background_color":"rgba(35,164,85,0)","input_placeholder_color":"rgba(255,255,255,0.6)","search_align_mobile":"center","icon_color":"#ffffff"},"elements":[],"isInner":false,"widgetType":"bdt-search","elType":"widget"}],"isInner":true,"elType":"column"}],"isInner":true,"elType":"section"}],"page_settings":{"background_color_stop":{"unit":"%","size":"0","sizes":[]},"background_color_b_stop":{"unit":"%","size":"100","sizes":[]},"background_gradient_angle":{"unit":"deg","size":"180","sizes":[]},"background_xpos":{"unit":"px","size":"0","sizes":[]},"background_xpos_tablet":{"unit":"px","size":"0","sizes":[]},"background_xpos_mobile":{"unit":"px","size":"0","sizes":[]},"background_ypos":{"unit":"px","size":"0","sizes":[]},"background_ypos_tablet":{"unit":"px","size":"0","sizes":[]},"background_ypos_mobile":{"unit":"px","size":"0","sizes":[]},"background_bg_width":{"unit":"%","size":"100","sizes":[]},"background_bg_width_tablet":{"unit":"px","size":"","sizes":[]},"background_bg_width_mobile":{"unit":"px","size":"","sizes":[]},"element_pack_toolbar_typography_font_size":{"unit":"px","size":"","sizes":[]},"element_pack_toolbar_typography_font_size_tablet":{"unit":"px","size":"","sizes":[]},"element_pack_toolbar_typography_font_size_mobile":{"unit":"px","size":"","sizes":[]},"element_pack_toolbar_typography_line_height":{"unit":"em","size":"","sizes":[]},"element_pack_toolbar_typography_line_height_tablet":{"unit":"em","size":"","sizes":[]},"element_pack_toolbar_typography_line_height_mobile":{"unit":"em","size":"","sizes":[]},"element_pack_toolbar_typography_letter_spacing":{"unit":"px","size":"","sizes":[]},"element_pack_toolbar_typography_letter_spacing_tablet":{"unit":"px","size":"","sizes":[]},"element_pack_toolbar_typography_letter_spacing_mobile":{"unit":"px","size":"","sizes":[]},"element_pack_global_tooltip_width":{"unit":"px","size":"","sizes":[]},"element_pack_global_tooltip_width_tablet":{"unit":"px","size":"","sizes":[]},"element_pack_global_tooltip_width_mobile":{"unit":"px","size":"","sizes":[]},"element_pack_global_tooltip_background_color_stop":{"unit":"%","size":"0","sizes":[]},"element_pack_global_tooltip_background_color_b_stop":{"unit":"%","size":"100","sizes":[]},"element_pack_global_tooltip_background_gradient_angle":{"unit":"deg","size":"180","sizes":[]},"element_pack_global_tooltip_background_xpos":{"unit":"px","size":"0","sizes":[]},"element_pack_global_tooltip_background_xpos_tablet":{"unit":"px","size":"0","sizes":[]},"element_pack_global_tooltip_background_xpos_mobile":{"unit":"px","size":"0","sizes":[]},"element_pack_global_tooltip_background_ypos":{"unit":"px","size":"0","sizes":[]},"element_pack_global_tooltip_background_ypos_tablet":{"unit":"px","size":"0","sizes":[]},"element_pack_global_tooltip_background_ypos_mobile":{"unit":"px","size":"0","sizes":[]},"element_pack_global_tooltip_background_bg_width":{"unit":"%","size":"100","sizes":[]},"element_pack_global_tooltip_background_bg_width_tablet":{"unit":"px","size":"","sizes":[]},"element_pack_global_tooltip_background_bg_width_mobile":{"unit":"px","size":"","sizes":[]},"element_pack_global_tooltip_typography_font_size":{"unit":"px","size":"","sizes":[]},"element_pack_global_tooltip_typography_font_size_tablet":{"unit":"px","size":"","sizes":[]},"element_pack_global_tooltip_typography_font_size_mobile":{"unit":"px","size":"","sizes":[]},"element_pack_global_tooltip_typography_line_height":{"unit":"em","size":"","sizes":[]},"element_pack_global_tooltip_typography_line_height_tablet":{"unit":"em","size":"","sizes":[]},"element_pack_global_tooltip_typography_line_height_mobile":{"unit":"em","size":"","sizes":[]},"element_pack_global_tooltip_typography_letter_spacing":{"unit":"px","size":"","sizes":[]},"element_pack_global_tooltip_typography_letter_spacing_tablet":{"unit":"px","size":"","sizes":[]},"element_pack_global_tooltip_typography_letter_spacing_mobile":{"unit":"px","size":"","sizes":[]}}}