{"version":"0.4","title":"Post Template 3","type":"page","content":[{"id":"75abaac","settings":[],"elements":[{"id":"1b5a4a16","settings":{"_column_size":100},"elements":[{"id":"7837a941","settings":{"space":{"unit":"px","size":5}},"elements":[],"isInner":false,"widgetType":"spacer","elType":"widget"}],"isInner":false,"elType":"column"}],"isInner":false,"elType":"section"},{"id":"11bf0137","settings":{"gap":"wide","structure":"22"},"elements":[{"id":"6ceaed28","settings":{"_column_size":66,"_inline_size":null},"elements":[{"id":"411d9e89","settings":{"meta_left":"date","meta_typography_typography":"custom","meta_typography_font_size":{"unit":"px","size":14}},"elements":[],"isInner":false,"widgetType":"epic_post_meta_elementor","elType":"widget"},{"id":"33d78df3","settings":{"title_color":"#1f2d3d","title_typography_typography":"custom","title_typography_font_size":{"unit":"px","size":36},"title_typography_font_weight":"600","_padding":{"unit":"%","top":"","right":"","bottom":"","left":"","isLinked":true}},"elements":[],"isInner":false,"widgetType":"epic_post_title_elementor","elType":"widget"},{"id":"78739689","settings":{"meta_left":"author,category","meta_right":"comment","meta_typography_typography":"custom","meta_typography_font_size":{"unit":"px","size":14}},"elements":[],"isInner":false,"widgetType":"epic_post_meta_elementor","elType":"widget"},{"id":"7f9367ea","settings":{"image_size":"1140x570"},"elements":[],"isInner":false,"widgetType":"epic_post_feature_elementor","elType":"widget"},{"id":"693af2af","settings":{"content_typography_typography":"custom","content_typography_font_size":{"unit":"px","size":17}},"elements":[],"isInner":false,"widgetType":"epic_post_content_elementor","elType":"widget"},{"id":"14b72bd7","settings":{"font_size":"12px","bg_color":"#f8f9fe"},"elements":[],"isInner":false,"widgetType":"epic_post_tag_elementor","elType":"widget"},{"id":"5a7fa2f3","settings":{"style":"style_2","nav_color":"#4054b2"},"elements":[],"isInner":false,"widgetType":"epic_post_sequence_elementor","elType":"widget"},{"id":"224c9e27","settings":[],"elements":[],"isInner":false,"widgetType":"epic_post_comment_elementor","elType":"widget"}],"isInner":false,"elType":"column"},{"id":"288b4ad","settings":{"_column_size":33,"_inline_size":null},"elements":[{"id":"33591bab","settings":{"sidebar":"sidebar-1"},"elements":[],"isInner":false,"widgetType":"sidebar","elType":"widget"},{"id":"3444d154","settings":{"first_title":"RECOMMENDED","header_type":"heading_8","header_filter_text":"All","number_post":{"unit":"px","size":4},"date_format_custom":"Y\/m\/d","column_width":"4"},"elements":[],"isInner":false,"widgetType":"epic_block_21_elementor","elType":"widget"},{"id":"78006ca","settings":{"first_title":"POPULAR POSTS","header_type":"heading_8","header_filter_text":"All","date_format_custom":"Y\/m\/d","column_width":"4"},"elements":[],"isInner":false,"widgetType":"epic_block_19_elementor","elType":"widget"}],"isInner":false,"elType":"column"}],"isInner":false,"elType":"section"}]}