{"version":"0.4","title":"Post Template 1","type":"page","content":[{"id":"1a9519a1","settings":[],"elements":[{"id":"11f8332d","settings":{"_column_size":100,"padding":{"unit":"%","top":"0","right":"12","bottom":"0","left":"12","isLinked":false}},"elements":[{"id":"5aec3b09","settings":{"space":{"unit":"px","size":40}},"elements":[],"isInner":false,"widgetType":"spacer","elType":"widget"},{"id":"3911ab78","settings":{"title_color":"#1f2d3d","title_typography_typography":"custom","title_typography_font_weight":"600","_padding":{"unit":"%","top":"","right":"","bottom":"","left":"","isLinked":true}},"elements":[],"isInner":false,"widgetType":"epic_post_title_elementor","elType":"widget"},{"id":"5833c151","settings":{"meta_left":"author,date","meta_right":"comment","meta_typography_typography":"custom","meta_typography_font_size":{"unit":"px","size":15}},"elements":[],"isInner":false,"widgetType":"epic_post_meta_elementor","elType":"widget"},{"id":"58d978b8","settings":{"space":{"unit":"px","size":30}},"elements":[],"isInner":false,"widgetType":"spacer","elType":"widget"}],"isInner":false,"elType":"column"}],"isInner":false,"elType":"section"},{"id":"6597b75f","settings":[],"elements":[{"id":"5d7a2fe2","settings":{"_column_size":100},"elements":[{"id":"4f2f9902","settings":{"image_size":"1140x570"},"elements":[],"isInner":false,"widgetType":"epic_post_feature_elementor","elType":"widget"}],"isInner":false,"elType":"column"}],"isInner":false,"elType":"section"},{"id":"51811694","settings":[],"elements":[{"id":"7808c77d","settings":{"_column_size":100,"padding":{"unit":"%","top":"0","right":"12","bottom":"0","left":"12","isLinked":false}},"elements":[{"id":"3c2f094c","settings":{"space":{"unit":"px","size":30}},"elements":[],"isInner":false,"widgetType":"spacer","elType":"widget"},{"id":"7f3f7d9f","settings":{"content_typography_typography":"custom","content_typography_font_size":{"unit":"px","size":17}},"elements":[],"isInner":false,"widgetType":"epic_post_content_elementor","elType":"widget"},{"id":"5295ec67","settings":{"font_size":"12px","bg_color":"#f8f9fe","text_color_hover":"#ffffff","bg_color_hover":"#0f36a5"},"elements":[],"isInner":false,"widgetType":"epic_post_tag_elementor","elType":"widget"}],"isInner":false,"elType":"column"}],"isInner":false,"elType":"section"},{"id":"1aa7059c","settings":{"stretch_section":"section-stretched","background_background":"classic","background_color":"#f8f9fe","margin":{"unit":"px","top":"40","right":0,"bottom":"0","left":0,"isLinked":false}},"elements":[{"id":"be08c30","settings":{"_column_size":100},"elements":[{"id":"4f8d1867","settings":{"space":{"unit":"px","size":30}},"elements":[],"isInner":false,"widgetType":"spacer","elType":"widget"},{"id":"55d5777a","settings":{"title":"RECOMMENDED","header_size":"h3","align":"center","typography_typography":"custom","typography_font_size":{"unit":"px","size":16},"typography_font_weight":"700","title_color":"#3e4957","_margin":{"unit":"px","top":"0","right":"0","bottom":"30","left":"0","isLinked":false}},"elements":[],"isInner":false,"widgetType":"heading","elType":"widget"},{"id":"6a61c476","settings":{"first_title":"","second_title":"","match":"category","header_type":"heading_8","number":{"unit":"px","size":3},"template":"15","date_custom":"Y\/m\/d"},"elements":[],"isInner":false,"widgetType":"epic_post_related_elementor","elType":"widget"},{"id":"5105ef72","settings":[],"elements":[{"id":"32657b13","settings":{"_column_size":100,"padding":{"unit":"%","top":"0","right":"12","bottom":"0","left":"12","isLinked":false}},"elements":[{"id":"72b5f516","settings":[],"elements":[],"isInner":false,"widgetType":"epic_post_comment_elementor","elType":"widget"}],"isInner":true,"elType":"column"}],"isInner":true,"elType":"section"}],"isInner":false,"elType":"column"}],"isInner":false,"elType":"section"}]}