{"version":"0.4","title":"Post Template 2","type":"page","content":[{"id":"6c1aac0f","settings":{"structure":"20"},"elements":[{"id":"2d73c888","settings":{"_column_size":50,"_inline_size":null},"elements":[],"isInner":false,"elType":"column"},{"id":"2a195774","settings":{"_column_size":50,"_inline_size":null},"elements":[],"isInner":false,"elType":"column"}],"isInner":false,"elType":"section"},{"id":"7e985d46","settings":{"layout":"full_width","structure":"20","reverse_order_mobile":"reverse-mobile"},"elements":[{"id":"46b9928d","settings":{"_column_size":50,"_inline_size":null,"_inline_size_tablet":100,"content_position":"center"},"elements":[{"id":"7d54982e","settings":[],"elements":[{"id":"5b446333","settings":{"_column_size":100,"_inline_size":null,"margin":{"unit":"%","top":"0","right":"10","bottom":"0","left":"20","isLinked":false},"margin_tablet":{"unit":"px","top":"0","right":"20","bottom":"10","left":"20","isLinked":false}},"elements":[{"id":"46f9f8a0","settings":{"title_color":"#1f2d3d","title_typography_typography":"custom","title_typography_font_family":"Playfair Display","title_typography_font_size":{"unit":"px","size":56},"title_typography_font_size_tablet":{"unit":"px","size":42},"title_typography_font_size_mobile":{"unit":"px","size":36},"title_typography_font_weight":"600","title_typography_line_height":{"unit":"em","size":1.3},"_padding":{"unit":"%","top":"","right":"","bottom":"","left":"","isLinked":true}},"elements":[],"isInner":false,"widgetType":"epic_post_title_elementor","elType":"widget"},{"id":"7d72b0ea","settings":{"meta_left":"date,category","show_avatar":"","meta_typography_typography":"custom","meta_typography_font_size":{"unit":"px","size":16},"meta_typography_font_size_mobile":{"unit":"px","size":13},"_margin":{"unit":"px","top":"30","right":"0","bottom":"0","left":"0","isLinked":false}},"elements":[],"isInner":false,"widgetType":"epic_post_meta_elementor","elType":"widget"}],"isInner":true,"elType":"column"}],"isInner":true,"elType":"section"}],"isInner":false,"elType":"column"},{"id":"3c441380","settings":{"_column_size":50,"_inline_size":null,"_inline_size_tablet":100,"padding":{"unit":"px","top":"0","right":"0","bottom":"0","left":"0","isLinked":true}},"elements":[{"id":"5d5137f5","settings":{"image_size":"1140x815"},"elements":[],"isInner":false,"widgetType":"epic_post_feature_elementor","elType":"widget"}],"isInner":false,"elType":"column"}],"isInner":false,"elType":"section"},{"id":"33c25fec","settings":{"content_width":{"unit":"px","size":700}},"elements":[{"id":"1049c59b","settings":{"_column_size":100},"elements":[{"id":"6f8a7cd7","settings":{"space":{"unit":"px","size":40},"space_tablet":{"unit":"px","size":20},"space_mobile":{"unit":"px","size":0}},"elements":[],"isInner":false,"widgetType":"spacer","elType":"widget"},{"id":"1ca563aa","settings":{"content_typography_typography":"custom","content_typography_font_family":"Lora","content_typography_font_size":{"unit":"px","size":18}},"elements":[],"isInner":false,"widgetType":"epic_post_content_elementor","elType":"widget"},{"id":"3ab4be13","settings":[],"elements":[],"isInner":false,"widgetType":"epic_post_sequence_elementor","elType":"widget"},{"id":"560f3206","settings":[],"elements":[],"isInner":false,"widgetType":"epic_post_author_elementor","elType":"widget"}],"isInner":false,"elType":"column"}],"isInner":false,"elType":"section"},{"id":"2047ef96","settings":{"border_width":{"unit":"px","top":"1","right":"0","bottom":"0","left":"0","isLinked":false},"border_color":"#eeeeee"},"elements":[{"id":"1690a545","settings":{"_column_size":100},"elements":[{"id":"48acbd1c","settings":{"title":"RECOMMENDED","header_size":"h3","align":"center","typography_typography":"custom","typography_font_size":{"unit":"px","size":16},"typography_font_weight":"700","title_color":"#3e4957","_margin":{"unit":"px","top":"0","right":"0","bottom":"30","left":"0","isLinked":false}},"elements":[],"isInner":false,"widgetType":"heading","elType":"widget"},{"id":"4072d86b","settings":{"header_filter_text":"All","number_post":{"unit":"px","size":3},"exclude_post":"5555","date_format_custom":"Y\/m\/d"},"elements":[],"isInner":false,"widgetType":"epic_block_37_elementor","elType":"widget"},{"id":"6e09bb84","settings":{"content_width":{"unit":"px","size":700}},"elements":[{"id":"28fe4ced","settings":{"_column_size":100,"_inline_size":null},"elements":[{"id":"27a7f493","settings":[],"elements":[],"isInner":false,"widgetType":"epic_post_comment_elementor","elType":"widget"}],"isInner":true,"elType":"column"}],"isInner":true,"elType":"section"}],"isInner":false,"elType":"column"}],"isInner":false,"elType":"section"}]}