{"version":"0.4","title":"countdown-blocks-1","type":"section","content":[{"id":"4bc6d987","settings":{"gap":"wider","structure":"20","background_background":"classic","background_color":"#54595f","padding":{"unit":"px","top":"100","right":"0","bottom":"90","left":"0","isLinked":false},"background_image":{"id":47651,"url":"https:\/\/bdthemes.net\/demo\/ready-pages\/ready-blocks\/wp-content\/uploads\/2019\/04\/laptop.jpg"},"background_position":"center center","background_repeat":"no-repeat","background_size":"cover","padding_tablet":{"unit":"px","top":"70","right":"50","bottom":"70","left":"70","isLinked":false},"padding_mobile":{"unit":"px","top":"50","right":"30","bottom":"50","left":"30","isLinked":false}},"elements":[{"id":"4ff2e466","settings":{"_column_size":50,"_inline_size":null,"_inline_size_tablet":100,"_inline_size_mobile":100,"margin_mobile":{"unit":"px","top":"0","right":"0","bottom":"0","left":"0","isLinked":false},"padding_mobile":{"unit":"px","top":"0","right":"0","bottom":"0","left":"0","isLinked":true}},"elements":[{"id":"fb55ff4","settings":{"title":"6 Days Free Online\nCoaching Training Now","title_color":"#ffffff","typography_typography":"custom","typography_font_size":{"unit":"px","size":47},"typography_font_weight":"500","typography_line_height":{"unit":"em","size":1.1999999999999999555910790149937383830547332763671875},"typography_font_size_mobile":{"unit":"px","size":26}},"elements":[],"isInner":false,"widgetType":"heading","elType":"widget"},{"id":"38ae79e4","settings":{"color":"rgba(119,174,215,0.5)","width":{"unit":"%","size":15},"gap":{"unit":"px","size":2}},"elements":[],"isInner":false,"widgetType":"divider","elType":"widget"},{"id":"42ec56c2","settings":{"editor":"<p>Phasellus a nibh vel nunc maximus commodo in id eros. In blandit est et vehicula vestibulum. Nunc venenatis eros tellus, vel scelerisque nisl facilisis et. Curabitur sed pretium neque.\u00a0<\/p>","text_color":"rgba(255,255,255,0.62)"},"elements":[],"isInner":false,"widgetType":"text-editor","elType":"widget"},{"id":"40d78d8","settings":{"count_gap":"small","number_label_gap":{"unit":"px","size":-30},"container_width":{"unit":"%","size":80},"content_align":"left","bdt_event_countdown_event_button_text":"VIEW DETAILS","label_days":"Days","label_hours":"Hours","label_minutes":"Minutes","label_seconds":"Seconds","count_background_color":"rgba(0,0,0,0)","count_padding":{"unit":"px","top":"0","right":"0","bottom":"0","left":"0","isLinked":false},"number_background":"rgba(0,0,0,0)","number_typography_typography":"custom","number_typography_font_size":{"unit":"px","size":42},"number_typography_font_weight":"500","label_color":"rgba(255,255,255,0.61)","due_date":"2021-01-02 03:18","label_typography_typography":"custom","label_typography_font_size":{"unit":"px","size":16},"_margin":{"unit":"px","top":"-30","right":"0","bottom":"0","left":"-30","isLinked":false}},"elements":[],"isInner":false,"widgetType":"bdt-countdown","elType":"widget"},{"id":"51396cb4","settings":{"color":"rgba(119,174,215,0.5)","gap":{"unit":"px","size":2}},"elements":[],"isInner":false,"widgetType":"divider","elType":"widget"},{"id":"3281f8d9","settings":{"text":"Get started","advanced_button_text_color":"#ffffff","button_background_background":"classic","button_background_color":"#ef5d5e","button_border_style":"none","advanced_button_radius":{"unit":"px","top":"3","right":"3","bottom":"3","left":"3","isLinked":true},"advanced_button_padding":{"unit":"px","top":"14","right":"30","bottom":"11","left":"30","isLinked":false},"advanced_button_typography_typography":"custom","advanced_button_typography_font_size":{"unit":"px","size":14},"advanced_button_typography_text_transform":"capitalize","advanced_button_hover_text_color":"#000000","button_hover_background_background":"classic","button_hover_background_color":"#ffffff","button_hover_border_style":"none","advanced_button_hover_radius":{"unit":"px","top":"3","right":"3","bottom":"3","left":"3","isLinked":true}},"elements":[],"isInner":false,"widgetType":"bdt-advanced-button","elType":"widget"}],"isInner":false,"elType":"column"},{"id":"725c56bd","settings":{"_column_size":50,"_inline_size":null},"elements":[],"isInner":false,"elType":"column"}],"isInner":false,"elType":"section"}],"page_settings":{"background_color_stop":{"unit":"%","size":"0","sizes":[]},"background_color_b_stop":{"unit":"%","size":"100","sizes":[]},"background_gradient_angle":{"unit":"deg","size":"180","sizes":[]},"background_xpos":{"unit":"px","size":"0","sizes":[]},"background_xpos_tablet":{"unit":"px","size":"0","sizes":[]},"background_xpos_mobile":{"unit":"px","size":"0","sizes":[]},"background_ypos":{"unit":"px","size":"0","sizes":[]},"background_ypos_tablet":{"unit":"px","size":"0","sizes":[]},"background_ypos_mobile":{"unit":"px","size":"0","sizes":[]},"background_bg_width":{"unit":"%","size":"100","sizes":[]},"background_bg_width_tablet":{"unit":"px","size":"","sizes":[]},"background_bg_width_mobile":{"unit":"px","size":"","sizes":[]},"element_pack_toolbar_typography_font_size":{"unit":"px","size":"","sizes":[]},"element_pack_toolbar_typography_font_size_tablet":{"unit":"px","size":"","sizes":[]},"element_pack_toolbar_typography_font_size_mobile":{"unit":"px","size":"","sizes":[]},"element_pack_toolbar_typography_line_height":{"unit":"em","size":"","sizes":[]},"element_pack_toolbar_typography_line_height_tablet":{"unit":"em","size":"","sizes":[]},"element_pack_toolbar_typography_line_height_mobile":{"unit":"em","size":"","sizes":[]},"element_pack_toolbar_typography_letter_spacing":{"unit":"px","size":"","sizes":[]},"element_pack_toolbar_typography_letter_spacing_tablet":{"unit":"px","size":"","sizes":[]},"element_pack_toolbar_typography_letter_spacing_mobile":{"unit":"px","size":"","sizes":[]},"element_pack_global_tooltip_width":{"unit":"px","size":"","sizes":[]},"element_pack_global_tooltip_width_tablet":{"unit":"px","size":"","sizes":[]},"element_pack_global_tooltip_width_mobile":{"unit":"px","size":"","sizes":[]},"element_pack_global_tooltip_background_color_stop":{"unit":"%","size":"0","sizes":[]},"element_pack_global_tooltip_background_color_b_stop":{"unit":"%","size":"100","sizes":[]},"element_pack_global_tooltip_background_gradient_angle":{"unit":"deg","size":"180","sizes":[]},"element_pack_global_tooltip_background_xpos":{"unit":"px","size":"0","sizes":[]},"element_pack_global_tooltip_background_xpos_tablet":{"unit":"px","size":"0","sizes":[]},"element_pack_global_tooltip_background_xpos_mobile":{"unit":"px","size":"0","sizes":[]},"element_pack_global_tooltip_background_ypos":{"unit":"px","size":"0","sizes":[]},"element_pack_global_tooltip_background_ypos_tablet":{"unit":"px","size":"0","sizes":[]},"element_pack_global_tooltip_background_ypos_mobile":{"unit":"px","size":"0","sizes":[]},"element_pack_global_tooltip_background_bg_width":{"unit":"%","size":"100","sizes":[]},"element_pack_global_tooltip_background_bg_width_tablet":{"unit":"px","size":"","sizes":[]},"element_pack_global_tooltip_background_bg_width_mobile":{"unit":"px","size":"","sizes":[]},"element_pack_global_tooltip_typography_font_size":{"unit":"px","size":"","sizes":[]},"element_pack_global_tooltip_typography_font_size_tablet":{"unit":"px","size":"","sizes":[]},"element_pack_global_tooltip_typography_font_size_mobile":{"unit":"px","size":"","sizes":[]},"element_pack_global_tooltip_typography_line_height":{"unit":"em","size":"","sizes":[]},"element_pack_global_tooltip_typography_line_height_tablet":{"unit":"em","size":"","sizes":[]},"element_pack_global_tooltip_typography_line_height_mobile":{"unit":"em","size":"","sizes":[]},"element_pack_global_tooltip_typography_letter_spacing":{"unit":"px","size":"","sizes":[]},"element_pack_global_tooltip_typography_letter_spacing_tablet":{"unit":"px","size":"","sizes":[]},"element_pack_global_tooltip_typography_letter_spacing_mobile":{"unit":"px","size":"","sizes":[]}}}