{"version":"0.4","title":"Footer Demo Set 16-4","type":"section","content":[{"id":"4d636f63","settings":{"layout":"full_width","background_background":"classic","background_color":"#1d262d"},"elements":[{"id":"aadb0c3","settings":{"_column_size":100,"_inline_size_tablet":100,"_inline_size_mobile":100,"padding":{"unit":"px","top":"0","right":"0","bottom":"0","left":"0","isLinked":true}},"elements":[{"id":"76f64b8","settings":{"content_width":{"unit":"px","size":1600,"sizes":[]},"gap":"wider","structure":"40","padding":{"unit":"px","top":"100","right":"0","bottom":"100","left":"0","isLinked":false},"padding_tablet":{"unit":"px","top":"80","right":"30","bottom":"80","left":"30","isLinked":false},"padding_mobile":{"unit":"px","top":"50","right":"15","bottom":"50","left":"15","isLinked":false}},"elements":[{"id":"47d64caa","settings":{"_column_size":25,"_inline_size":null,"_inline_size_tablet":50,"_inline_size_mobile":100},"elements":[{"id":"697bd6d4","settings":{"title":"Clavusef.","header_size":"h3","title_color":"#ffffff","typography_typography":"custom","typography_font_size":{"unit":"px","size":45,"sizes":[]},"_margin":{"unit":"px","top":"0","right":"0","bottom":"0","left":"0","isLinked":false}},"elements":[],"isInner":false,"widgetType":"heading","elType":"widget"},{"id":"7b1ed367","settings":{"editor":"<p>One morning, when Gregor Samsa woke from troubled dreams, he found himself transformed in his bed into a horrible vermin.<\/p>","align":"left","text_color":"rgba(255,255,255,0.8)","align_tablet":"left","align_mobile":"left","_padding_mobile":{"unit":"px","top":"0","right":"0","bottom":"0","left":"0","isLinked":false}},"elements":[],"isInner":false,"widgetType":"text-editor","elType":"widget"},{"id":"47aa951b","settings":{"social_icon_list":[{"social":"fa fa-facebook","_id":"e844ad0","link":{"url":"#","is_external":"true","nofollow":""},"social_icon":{"value":"fab fa-wordpress","library":"fa-brands"},"item_icon_color":"default","item_icon_primary_color":"","item_icon_secondary_color":""},{"social":"fa fa-twitter","_id":"5b0a563","link":{"url":"#","is_external":"true","nofollow":""},"social_icon":{"value":"fab fa-wordpress","library":"fa-brands"},"item_icon_color":"default","item_icon_primary_color":"","item_icon_secondary_color":""},{"social":"fa fa-google-plus","_id":"bf55821","link":{"url":"#","is_external":"true","nofollow":""},"social_icon":{"value":"fab fa-wordpress","library":"fa-brands"},"item_icon_color":"default","item_icon_primary_color":"","item_icon_secondary_color":""},{"social":"fa fa-linkedin","_id":"98537db","link":{"url":"#","is_external":"true","nofollow":""},"social_icon":{"value":"fab fa-wordpress","library":"fa-brands"},"item_icon_color":"default","item_icon_primary_color":"","item_icon_secondary_color":""}],"align_mobile":"left","icon_color":"custom","icon_primary_color":"rgba(255,255,255,0.4)","icon_size":{"unit":"px","size":15,"sizes":[]},"icon_size_mobile":{"unit":"px","size":13,"sizes":[]},"icon_padding":{"unit":"em","size":0.90000000000000002220446049250313080847263336181640625,"sizes":[]},"icon_spacing":{"unit":"px","size":7,"sizes":[]},"icon_spacing_mobile":{"unit":"px","size":8,"sizes":[]},"hover_animation":"push","shape":"circle","align_tablet":"left","align":"left"},"elements":[],"isInner":false,"widgetType":"social-icons","elType":"widget"}],"isInner":true,"elType":"column"},{"id":"3e9afb8","settings":{"_column_size":25,"_inline_size":null,"_inline_size_tablet":25,"_inline_size_mobile":100},"elements":[{"id":"5e237efa","settings":{"title":"Features","title_color":"#ffffff","typography_typography":"custom","typography_font_size":{"unit":"px","size":18,"sizes":[]},"header_size":"h3","_margin":{"unit":"px","top":"0","right":"0","bottom":"15","left":"0","isLinked":false}},"elements":[],"isInner":false,"widgetType":"heading","elType":"widget"},{"id":"5fc17043","settings":{"navs":[{"nav_title":"Cool Stuff","nav_link":{"url":"#section-1"},"_id":"f1c5b54","nav_icon":""},{"nav_title":"Random Feature","nav_link":{"url":"#section-1"},"_id":"48391cb","nav_icon":""},{"nav_title":"Team Feature","nav_link":{"url":"#section-1"},"_id":"f97ecc1","nav_icon":""},{"nav_title":"Stuff for Developers","nav_link":{"url":"#section-1"},"_id":"5547261","nav_icon":""},{"nav_title":"Another One","nav_link":{"url":"#section-1"},"_id":"e8fa243","nav_icon":""}],"vertical_nav":"yes","icon_indent":{"unit":"px","size":50,"sizes":[]},"nav_color":"rgba(255,255,255,0.8)","nav_typography_typography":"custom","nav_typography_font_family":"Roboto","nav_typography_font_size":{"unit":"px","size":14,"sizes":[]},"nav_typography_font_weight":"400","nav_hover_color":"#45afff","nav_padding_tablet":{"unit":"px","top":"0","right":"8","bottom":"0","left":"8","isLinked":false},"nav_padding_mobile":{"unit":"px","top":"0","right":"4","bottom":"0","left":"4","isLinked":false}},"elements":[],"isInner":false,"widgetType":"bdt-scrollnav","elType":"widget"}],"isInner":true,"elType":"column"},{"id":"16c44762","settings":{"_column_size":25,"_inline_size":null,"_inline_size_tablet":25,"_inline_size_mobile":100},"elements":[{"id":"205a173e","settings":{"title":"Resources","title_color":"#ffffff","typography_typography":"custom","typography_font_size":{"unit":"px","size":18,"sizes":[]},"header_size":"h3","_margin":{"unit":"px","top":"0","right":"0","bottom":"15","left":"0","isLinked":false}},"elements":[],"isInner":false,"widgetType":"heading","elType":"widget"},{"id":"5e11a8a0","settings":{"navs":[{"nav_title":"Resource","nav_link":{"url":"#section-1"},"_id":"f1c5b54","nav_icon":""},{"nav_title":"Resource Name","nav_link":{"url":"#section-1"},"_id":"48391cb","nav_icon":""},{"nav_title":"Another resource","nav_link":{"url":"#section-1"},"_id":"f97ecc1","nav_icon":""},{"nav_title":"Final resource","nav_link":{"url":"#section-1"},"_id":"5547261","nav_icon":""},{"nav_title":"Last Time","nav_link":{"url":"#section-1"},"_id":"61a647d","nav_icon":""}],"vertical_nav":"yes","icon_indent":{"unit":"px","size":50,"sizes":[]},"nav_color":"rgba(255,255,255,0.8)","nav_typography_typography":"custom","nav_typography_font_family":"Roboto","nav_typography_font_size":{"unit":"px","size":14,"sizes":[]},"nav_typography_font_weight":"400","nav_hover_color":"#45afff","nav_padding_tablet":{"unit":"px","top":"0","right":"8","bottom":"0","left":"8","isLinked":false},"nav_padding_mobile":{"unit":"px","top":"0","right":"4","bottom":"0","left":"4","isLinked":false}},"elements":[],"isInner":false,"widgetType":"bdt-scrollnav","elType":"widget"}],"isInner":true,"elType":"column"},{"id":"795aa8d8","settings":{"_column_size":25,"_inline_size":null,"_inline_size_tablet":100,"_inline_size_mobile":100},"elements":[{"id":"6767ad15","settings":{"title":"About Us","title_color":"#ffffff","typography_typography":"custom","typography_font_size":{"unit":"px","size":18,"sizes":[]},"header_size":"h3","_margin":{"unit":"px","top":"0","right":"0","bottom":"15","left":"0","isLinked":false}},"elements":[],"isInner":false,"widgetType":"heading","elType":"widget"},{"id":"44c36885","settings":{"email_field_placeholder":"Email *","button_text":"SIGNUP","space":"collapse","input_radius":{"unit":"px","top":"100","right":"0","bottom":"0","left":"100","isLinked":false},"input_padding":{"unit":"px","top":"28","right":"28","bottom":"28","left":"28","isLinked":true},"button_text_color":"#ffffff","background_color":"#0091ff","border_border":"solid","border_width":{"unit":"px","top":"0","right":"0","bottom":"0","left":"2","isLinked":false},"border_color":"#0091ff","radius":{"unit":"px","top":"0","right":"100","bottom":"100","left":"0","isLinked":false},"text_padding":{"unit":"px","top":"8","right":"50","bottom":"8","left":"50","isLinked":false},"button_background_hover_color":"#45afff","input_background":"rgba(255,255,255,0.97)","input_placeholder_color":"#000000","button_typography_typography":"custom","button_typography_font_size":{"unit":"px","size":13},"button_typography_font_weight":"600","hover_color":"#ffffff","button_hover_border_color":"#45afff"},"elements":[],"isInner":false,"widgetType":"bdt-mailchimp","elType":"widget"},{"id":"5bb9e8be","settings":{"editor":"<p>Recieve our latest news straight to your inbox<\/p>","align":"left","text_color":"rgba(255,255,255,0.8)","align_tablet":"left","align_mobile":"left","_padding_mobile":{"unit":"px","top":"0","right":"0","bottom":"0","left":"0","isLinked":false}},"elements":[],"isInner":false,"widgetType":"text-editor","elType":"widget"}],"isInner":true,"elType":"column"}],"isInner":true,"elType":"section"},{"id":"2917c86d","settings":{"content_width":{"unit":"px","size":1600,"sizes":[]},"structure":"30","background_background":"classic","background_color":"#1b2329","padding_tablet":{"unit":"px","top":"30","right":"30","bottom":"30","left":"30","isLinked":false},"padding_mobile":{"unit":"px","top":"0","right":"30","bottom":"0","left":"30","isLinked":false}},"elements":[{"id":"4024c4a1","settings":{"_column_size":33,"_inline_size":null,"padding_mobile":{"unit":"px","top":"0","right":"0","bottom":"0","left":"0","isLinked":false},"_inline_size_tablet":50,"_inline_size_mobile":100},"elements":[{"id":"5b7d42ce","settings":{"editor":"<p>\u00a9 Copyright 2019 All Rights Reserved by <a href=\"http:\/\/bdthemes.com\" target=\"_blank\" rel=\"noopener\">bdthemes.com<\/a><\/p>","align":"left","text_color":"rgba(255,255,255,0.8)","align_tablet":"left","align_mobile":"left","_padding_mobile":{"unit":"px","top":"0","right":"0","bottom":"0","left":"0","isLinked":false},"_margin":{"unit":"px","top":"30","right":"0","bottom":"0","left":"0","isLinked":false},"_margin_tablet":{"unit":"px","top":"27","right":"0","bottom":"0","left":"0","isLinked":false}},"elements":[],"isInner":false,"widgetType":"text-editor","elType":"widget"}],"isInner":true,"elType":"column"},{"id":"24d0445e","settings":{"_column_size":33,"_inline_size":null,"_inline_size_tablet":50,"_inline_size_mobile":100,"padding_mobile":{"unit":"px","top":"0","right":"0","bottom":"0","left":"0","isLinked":true}},"elements":[{"id":"5d256780","settings":{"navs":[{"nav_title":"Homepage \/","nav_link":{"url":"#section-1"},"_id":"f1c5b54","nav_icon":""},{"nav_title":"About Us \/","nav_link":{"url":"#section-1"},"_id":"48391cb","nav_icon":""},{"nav_title":"Features \/","nav_link":{"url":"#section-1"},"_id":"f97ecc1","nav_icon":""},{"nav_title":"Contact Us ","nav_link":{"url":"#section-1"},"_id":"5547261","nav_icon":""}],"icon_indent":{"unit":"px","size":50,"sizes":[]},"nav_color":"rgba(255,255,255,0.8)","nav_typography_typography":"custom","nav_typography_font_family":"Roboto","nav_typography_font_size":{"unit":"px","size":14,"sizes":[]},"nav_typography_font_weight":"400","nav_hover_color":"#45afff","alignment":"right","nav_padding_tablet":{"unit":"px","top":"0","right":"5","bottom":"0","left":"5","isLinked":false},"nav_padding_mobile":{"unit":"px","top":"0","right":"2","bottom":"0","left":"2","isLinked":false}},"elements":[],"isInner":false,"widgetType":"bdt-scrollnav","elType":"widget"}],"isInner":true,"elType":"column"},{"id":"5bdbee25","settings":{"_column_size":33,"_inline_size":null,"content_position":"center","_inline_size_tablet":100,"_inline_size_mobile":100,"padding_mobile":{"unit":"px","top":"0","right":"0","bottom":"0","left":"0","isLinked":true}},"elements":[{"id":"608c8429","settings":{"navs":[{"nav_title":"Terms of Use \/","nav_link":{"url":"#section-1"},"_id":"f1c5b54","nav_icon":""},{"nav_title":"Privacy & Policy \/","nav_link":{"url":"#section-1"},"_id":"48391cb","nav_icon":""},{"nav_title":"Special Security ","nav_link":{"url":"#section-1"},"_id":"f97ecc1","nav_icon":""}],"icon_indent":{"unit":"px","size":50,"sizes":[]},"nav_color":"rgba(255,255,255,0.8)","nav_typography_typography":"custom","nav_typography_font_family":"Roboto","nav_typography_font_size":{"unit":"px","size":14,"sizes":[]},"nav_typography_font_weight":"400","nav_hover_color":"#45afff","alignment":"center","nav_padding_tablet":{"unit":"px","top":"0","right":"8","bottom":"0","left":"8","isLinked":false},"nav_padding_mobile":{"unit":"px","top":"0","right":"2","bottom":"0","left":"2","isLinked":false}},"elements":[],"isInner":false,"widgetType":"bdt-scrollnav","elType":"widget"}],"isInner":true,"elType":"column"}],"isInner":true,"elType":"section"}],"isInner":false,"elType":"column"}],"isInner":false,"elType":"section"}],"page_settings":{"background_color_stop":{"unit":"%","size":"0","sizes":[]},"background_color_b_stop":{"unit":"%","size":"100","sizes":[]},"background_gradient_angle":{"unit":"deg","size":"180","sizes":[]},"background_xpos":{"unit":"px","size":"0","sizes":[]},"background_xpos_tablet":{"unit":"px","size":"0","sizes":[]},"background_xpos_mobile":{"unit":"px","size":"0","sizes":[]},"background_ypos":{"unit":"px","size":"0","sizes":[]},"background_ypos_tablet":{"unit":"px","size":"0","sizes":[]},"background_ypos_mobile":{"unit":"px","size":"0","sizes":[]},"background_bg_width":{"unit":"%","size":"100","sizes":[]},"background_bg_width_tablet":{"unit":"px","size":"","sizes":[]},"background_bg_width_mobile":{"unit":"px","size":"","sizes":[]},"element_pack_toolbar_typography_font_size":{"unit":"px","size":"","sizes":[]},"element_pack_toolbar_typography_font_size_tablet":{"unit":"px","size":"","sizes":[]},"element_pack_toolbar_typography_font_size_mobile":{"unit":"px","size":"","sizes":[]},"element_pack_toolbar_typography_line_height":{"unit":"em","size":"","sizes":[]},"element_pack_toolbar_typography_line_height_tablet":{"unit":"em","size":"","sizes":[]},"element_pack_toolbar_typography_line_height_mobile":{"unit":"em","size":"","sizes":[]},"element_pack_toolbar_typography_letter_spacing":{"unit":"px","size":"","sizes":[]},"element_pack_toolbar_typography_letter_spacing_tablet":{"unit":"px","size":"","sizes":[]},"element_pack_toolbar_typography_letter_spacing_mobile":{"unit":"px","size":"","sizes":[]},"element_pack_global_tooltip_width":{"unit":"px","size":"","sizes":[]},"element_pack_global_tooltip_width_tablet":{"unit":"px","size":"","sizes":[]},"element_pack_global_tooltip_width_mobile":{"unit":"px","size":"","sizes":[]},"element_pack_global_tooltip_background_color_stop":{"unit":"%","size":"0","sizes":[]},"element_pack_global_tooltip_background_color_b_stop":{"unit":"%","size":"100","sizes":[]},"element_pack_global_tooltip_background_gradient_angle":{"unit":"deg","size":"180","sizes":[]},"element_pack_global_tooltip_background_xpos":{"unit":"px","size":"0","sizes":[]},"element_pack_global_tooltip_background_xpos_tablet":{"unit":"px","size":"0","sizes":[]},"element_pack_global_tooltip_background_xpos_mobile":{"unit":"px","size":"0","sizes":[]},"element_pack_global_tooltip_background_ypos":{"unit":"px","size":"0","sizes":[]},"element_pack_global_tooltip_background_ypos_tablet":{"unit":"px","size":"0","sizes":[]},"element_pack_global_tooltip_background_ypos_mobile":{"unit":"px","size":"0","sizes":[]},"element_pack_global_tooltip_background_bg_width":{"unit":"%","size":"100","sizes":[]},"element_pack_global_tooltip_background_bg_width_tablet":{"unit":"px","size":"","sizes":[]},"element_pack_global_tooltip_background_bg_width_mobile":{"unit":"px","size":"","sizes":[]},"element_pack_global_tooltip_typography_font_size":{"unit":"px","size":"","sizes":[]},"element_pack_global_tooltip_typography_font_size_tablet":{"unit":"px","size":"","sizes":[]},"element_pack_global_tooltip_typography_font_size_mobile":{"unit":"px","size":"","sizes":[]},"element_pack_global_tooltip_typography_line_height":{"unit":"em","size":"","sizes":[]},"element_pack_global_tooltip_typography_line_height_tablet":{"unit":"em","size":"","sizes":[]},"element_pack_global_tooltip_typography_line_height_mobile":{"unit":"em","size":"","sizes":[]},"element_pack_global_tooltip_typography_letter_spacing":{"unit":"px","size":"","sizes":[]},"element_pack_global_tooltip_typography_letter_spacing_tablet":{"unit":"px","size":"","sizes":[]},"element_pack_global_tooltip_typography_letter_spacing_mobile":{"unit":"px","size":"","sizes":[]}}}