{"version":"0.4","title":"Footer Demo Set 16-5","type":"section","content":[{"id":"533817d0","settings":{"layout":"full_width","background_background":"classic","background_image":{"url":"https:\/\/bdthemes.net\/demo\/ready-pages\/ready-blocks\/wp-content\/uploads\/2019\/04\/footer-bg.jpg","id":49841},"background_position":"bottom right","background_size":"cover","padding":{"unit":"px","top":"100","right":"0","bottom":"100","left":"0","isLinked":false},"padding_tablet":{"unit":"px","top":"80","right":"30","bottom":"80","left":"30","isLinked":false},"padding_mobile":{"unit":"px","top":"50","right":"15","bottom":"50","left":"15","isLinked":false}},"elements":[{"id":"7d67df02","settings":{"_column_size":100,"_inline_size_tablet":100,"_inline_size_mobile":100},"elements":[{"id":"45b9962d","settings":{"content_width":{"unit":"px","size":1600,"sizes":[]},"structure":"50"},"elements":[{"id":"3315db6","settings":{"_column_size":20,"_inline_size":null,"_inline_size_tablet":50,"_inline_size_mobile":100},"elements":[{"id":"553b4e82","settings":{"image":{"url":"https:\/\/bdthemes.net\/demo\/ready-pages\/ready-blocks\/wp-content\/uploads\/2019\/04\/large-pro-network-logo.png","id":49859},"image_size":"full","align_tablet":"left","align_mobile":"left","_margin_tablet":{"unit":"px","top":"0","right":"0","bottom":"0","left":"-15","isLinked":false},"_margin_mobile":{"unit":"px","top":"0","right":"0","bottom":"0","left":"-15","isLinked":false}},"elements":[],"isInner":false,"widgetType":"image","elType":"widget"}],"isInner":true,"elType":"column"},{"id":"65cea31f","settings":{"_column_size":20,"_inline_size":18.0030000000000001136868377216160297393798828125,"_inline_size_tablet":50,"_inline_size_mobile":100,"margin_mobile":{"unit":"px","top":"20","right":"0","bottom":"0","left":"0","isLinked":false}},"elements":[{"id":"3faf3dc9","settings":{"title":"Quick Contact","title_color":"#000000","typography_typography":"custom","typography_font_size":{"unit":"px","size":24,"sizes":[]},"header_size":"h3","_margin":{"unit":"px","top":"0","right":"0","bottom":"15","left":"0","isLinked":false},"typography_font_family":"Montserrat Alternates"},"elements":[],"isInner":false,"widgetType":"heading","elType":"widget"},{"id":"5d66c7e","settings":{"editor":"<p class=\"clr-black mb-15\">3561 Aaron Smith Drive,\u00a0<br \/>Columbia<\/p><p class=\"clr-black mb-15\">Pennsylvania, USA 17512<\/p><p class=\"clr-black mb-15\">info@sitename.com<\/p>","align":"left","text_color":"rgba(0,0,0,0.8)","align_tablet":"left","align_mobile":"left","_padding_mobile":{"unit":"px","top":"0","right":"0","bottom":"0","left":"0","isLinked":false},"typography_typography":"custom"},"elements":[],"isInner":false,"widgetType":"text-editor","elType":"widget"}],"isInner":true,"elType":"column"},{"id":"213d8df7","settings":{"_column_size":20,"_inline_size":16.9729999999999989768184605054557323455810546875,"_inline_size_tablet":50,"_inline_size_mobile":100,"margin_mobile":{"unit":"px","top":"10","right":"0","bottom":"0","left":"0","isLinked":false}},"elements":[{"id":"12d81df9","settings":{"title":"Useful Link\n","title_color":"#000000","typography_typography":"custom","typography_font_size":{"unit":"px","size":24,"sizes":[]},"header_size":"h3","_margin":{"unit":"px","top":"0","right":"0","bottom":"15","left":"0","isLinked":false},"typography_font_family":"Montserrat Alternates"},"elements":[],"isInner":false,"widgetType":"heading","elType":"widget"},{"id":"42a7fec2","settings":{"navs":[{"nav_title":"Resource","nav_link":{"url":"#section-1"},"_id":"f1c5b54","nav_icon":"fa fa-angle-double-right"},{"nav_title":"Resource Name","nav_link":{"url":"#section-1"},"_id":"48391cb","nav_icon":"fa fa-angle-double-right"},{"nav_title":"Another resource","nav_link":{"url":"#section-1"},"_id":"f97ecc1","nav_icon":"fa fa-angle-double-right"},{"nav_title":"Final resource","nav_link":{"url":"#section-1"},"_id":"5547261","nav_icon":"fa fa-angle-double-right"},{"nav_title":"Last Time","nav_link":{"url":"#section-1"},"_id":"61a647d","nav_icon":"fa fa-angle-double-right"}],"vertical_nav":"yes","icon_indent":{"unit":"px","size":50,"sizes":[]},"nav_color":"rgba(0,0,0,0.8)","nav_typography_typography":"custom","nav_typography_font_size":{"unit":"px","size":16,"sizes":[]},"nav_typography_font_weight":"400","nav_hover_color":"#56ab2f","nav_padding_tablet":{"unit":"px","top":"0","right":"8","bottom":"0","left":"8","isLinked":false},"nav_padding_mobile":{"unit":"px","top":"0","right":"4","bottom":"0","left":"4","isLinked":false}},"elements":[],"isInner":false,"widgetType":"bdt-scrollnav","elType":"widget"}],"isInner":true,"elType":"column"},{"id":"35661f75","settings":{"_column_size":20,"_inline_size":14.977000000000000312638803734444081783294677734375,"_inline_size_tablet":50,"_inline_size_mobile":100,"margin_mobile":{"unit":"px","top":"20","right":"0","bottom":"0","left":"0","isLinked":false}},"elements":[{"id":"606d9145","settings":{"title":"Company","title_color":"#000000","typography_typography":"custom","typography_font_size":{"unit":"px","size":24,"sizes":[]},"header_size":"h3","_margin":{"unit":"px","top":"0","right":"0","bottom":"15","left":"0","isLinked":false},"typography_font_family":"Montserrat Alternates"},"elements":[],"isInner":false,"widgetType":"heading","elType":"widget"},{"id":"43a2ba34","settings":{"navs":[{"nav_title":"Homepage","nav_link":{"url":"#section-1"},"_id":"f1c5b54","nav_icon":"fa fa-angle-double-right"},{"nav_title":"About Us","nav_link":{"url":"#section-1"},"_id":"48391cb","nav_icon":"fa fa-angle-double-right"},{"nav_title":"Features","nav_link":{"url":"#section-1"},"_id":"f97ecc1","nav_icon":"fa fa-angle-double-right"},{"nav_title":"Services","nav_link":{"url":"#section-1"},"_id":"5547261","nav_icon":"fa fa-angle-double-right"},{"nav_title":"Contact Us","nav_link":{"url":"#section-1"},"_id":"61a647d","nav_icon":"fa fa-angle-double-right"}],"vertical_nav":"yes","icon_indent":{"unit":"px","size":50,"sizes":[]},"nav_color":"rgba(0,0,0,0.8)","nav_typography_typography":"custom","nav_typography_font_size":{"unit":"px","size":16,"sizes":[]},"nav_typography_font_weight":"400","nav_hover_color":"#56ab2f","nav_padding_tablet":{"unit":"px","top":"0","right":"8","bottom":"0","left":"8","isLinked":false},"nav_padding_mobile":{"unit":"px","top":"0","right":"4","bottom":"0","left":"4","isLinked":false}},"elements":[],"isInner":false,"widgetType":"bdt-scrollnav","elType":"widget"}],"isInner":true,"elType":"column"},{"id":"5347d3fb","settings":{"_column_size":20,"_inline_size":30.04299999999999926103555480949580669403076171875,"_inline_size_tablet":100,"_inline_size_mobile":100,"margin_tablet":{"unit":"px","top":"20","right":"0","bottom":"0","left":"0","isLinked":false},"margin_mobile":{"unit":"px","top":"20","right":"0","bottom":"0","left":"0","isLinked":false}},"elements":[{"id":"62e75c95","settings":{"title":"Newsletter Form","title_color":"#000000","typography_typography":"custom","typography_font_size":{"unit":"px","size":24,"sizes":[]},"header_size":"h3","_margin":{"unit":"px","top":"0","right":"0","bottom":"15","left":"0","isLinked":false},"typography_font_family":"Montserrat Alternates"},"elements":[],"isInner":false,"widgetType":"heading","elType":"widget"},{"id":"94f5ad2","settings":{"email_field_placeholder":"Email *","button_text":"SIGNUP","space":"collapse","input_radius":{"unit":"px","top":"0","right":"0","bottom":"0","left":"0","isLinked":true},"input_padding":{"unit":"px","top":"28","right":"28","bottom":"28","left":"28","isLinked":true},"button_text_color":"#ffffff","background_color":"#a8e063","border_border":"solid","border_width":{"unit":"px","top":"0","right":"0","bottom":"0","left":"2","isLinked":false},"border_color":"#a8e063","radius":{"unit":"px","top":"0","right":"0","bottom":"0","left":"0","isLinked":true},"text_padding":{"unit":"px","top":"8","right":"50","bottom":"8","left":"50","isLinked":false},"button_background_hover_color":"#56ab2f","input_background":"rgba(255,255,255,0.85)","input_placeholder_color":"rgba(0,0,0,0.8)","button_typography_typography":"custom","button_typography_font_size":{"unit":"px","size":13},"button_typography_font_weight":"600","hover_color":"#ffffff","button_hover_border_color":"#56ab2f","_margin":{"unit":"px","top":"20","right":"0","bottom":"0","left":"0","isLinked":false},"input_color":"#000000"},"elements":[],"isInner":false,"widgetType":"bdt-mailchimp","elType":"widget"}],"isInner":true,"elType":"column"}],"isInner":true,"elType":"section"},{"id":"3d74a2c","settings":{"content_width":{"unit":"px","size":1600,"sizes":[]},"structure":"20","padding":{"unit":"px","top":"50","right":"0","bottom":"0","left":"0","isLinked":false}},"elements":[{"id":"69d3ad6a","settings":{"_column_size":50,"_inline_size":null,"_inline_size_tablet":50,"_inline_size_mobile":100,"margin_tablet":{"unit":"px","top":"0","right":"0","bottom":"0","left":"10","isLinked":false},"padding":{"unit":"px","top":"0","right":"0","bottom":"0","left":"0","isLinked":false}},"elements":[{"id":"4a14092a","settings":{"editor":"<p>\u00a9 Copyright 2019 All Rights Reserved by <a href=\"http:\/\/bdthemes.com\" target=\"_blank\" rel=\"noopener\">bdthemes.com<\/a><\/p>","align":"left","text_color":"rgba(0,0,0,0.8)","align_tablet":"left","align_mobile":"left","_padding_mobile":{"unit":"px","top":"0","right":"0","bottom":"0","left":"10","isLinked":false},"_margin":{"unit":"px","top":"0","right":"0","bottom":"0","left":"50","isLinked":false},"_margin_tablet":{"unit":"px","top":"0","right":"0","bottom":"0","left":"0","isLinked":false}},"elements":[],"isInner":false,"widgetType":"text-editor","elType":"widget"}],"isInner":true,"elType":"column"},{"id":"75d8217d","settings":{"_column_size":50,"_inline_size":null,"_inline_size_tablet":50,"_inline_size_mobile":100},"elements":[{"id":"3e0d3972","settings":{"social_icon_list":[{"social":"fa fa-facebook","_id":"e844ad0","link":{"url":"#","is_external":"true","nofollow":""},"social_icon":{"value":"fab fa-wordpress","library":"fa-brands"},"item_icon_color":"default","item_icon_primary_color":"","item_icon_secondary_color":""},{"social":"fa fa-twitter","_id":"5b0a563","link":{"url":"#","is_external":"true","nofollow":""},"social_icon":{"value":"fab fa-wordpress","library":"fa-brands"},"item_icon_color":"default","item_icon_primary_color":"","item_icon_secondary_color":""},{"social":"fa fa-google-plus","_id":"bf55821","link":{"url":"#","is_external":"true","nofollow":""},"social_icon":{"value":"fab fa-wordpress","library":"fa-brands"},"item_icon_color":"default","item_icon_primary_color":"","item_icon_secondary_color":""},{"social":"fa fa-linkedin","_id":"98537db","link":{"url":"#","is_external":"true","nofollow":""},"social_icon":{"value":"fab fa-wordpress","library":"fa-brands"},"item_icon_color":"default","item_icon_primary_color":"","item_icon_secondary_color":""}],"align_mobile":"left","icon_color":"custom","icon_primary_color":"#a8e063","icon_size":{"unit":"px","size":12,"sizes":[]},"icon_size_mobile":{"unit":"px","size":13,"sizes":[]},"icon_padding":{"unit":"em","size":1,"sizes":[]},"icon_spacing":{"unit":"px","size":7,"sizes":[]},"icon_spacing_mobile":{"unit":"px","size":8,"sizes":[]},"hover_animation":"push","shape":"square","align_tablet":"right","align":"right","_margin":{"unit":"px","top":"-15","right":"0","bottom":"0","left":"0","isLinked":false},"_margin_tablet":{"unit":"px","top":"0","right":"0","bottom":"0","left":"0","isLinked":false}},"elements":[],"isInner":false,"widgetType":"social-icons","elType":"widget"}],"isInner":true,"elType":"column"}],"isInner":true,"elType":"section"}],"isInner":false,"elType":"column"}],"isInner":false,"elType":"section"}],"page_settings":{"background_color_stop":{"unit":"%","size":"0","sizes":[]},"background_color_b_stop":{"unit":"%","size":"100","sizes":[]},"background_gradient_angle":{"unit":"deg","size":"180","sizes":[]},"background_xpos":{"unit":"px","size":"0","sizes":[]},"background_xpos_tablet":{"unit":"px","size":"0","sizes":[]},"background_xpos_mobile":{"unit":"px","size":"0","sizes":[]},"background_ypos":{"unit":"px","size":"0","sizes":[]},"background_ypos_tablet":{"unit":"px","size":"0","sizes":[]},"background_ypos_mobile":{"unit":"px","size":"0","sizes":[]},"background_bg_width":{"unit":"%","size":"100","sizes":[]},"background_bg_width_tablet":{"unit":"px","size":"","sizes":[]},"background_bg_width_mobile":{"unit":"px","size":"","sizes":[]},"element_pack_toolbar_typography_font_size":{"unit":"px","size":"","sizes":[]},"element_pack_toolbar_typography_font_size_tablet":{"unit":"px","size":"","sizes":[]},"element_pack_toolbar_typography_font_size_mobile":{"unit":"px","size":"","sizes":[]},"element_pack_toolbar_typography_line_height":{"unit":"em","size":"","sizes":[]},"element_pack_toolbar_typography_line_height_tablet":{"unit":"em","size":"","sizes":[]},"element_pack_toolbar_typography_line_height_mobile":{"unit":"em","size":"","sizes":[]},"element_pack_toolbar_typography_letter_spacing":{"unit":"px","size":"","sizes":[]},"element_pack_toolbar_typography_letter_spacing_tablet":{"unit":"px","size":"","sizes":[]},"element_pack_toolbar_typography_letter_spacing_mobile":{"unit":"px","size":"","sizes":[]},"element_pack_global_tooltip_width":{"unit":"px","size":"","sizes":[]},"element_pack_global_tooltip_width_tablet":{"unit":"px","size":"","sizes":[]},"element_pack_global_tooltip_width_mobile":{"unit":"px","size":"","sizes":[]},"element_pack_global_tooltip_background_color_stop":{"unit":"%","size":"0","sizes":[]},"element_pack_global_tooltip_background_color_b_stop":{"unit":"%","size":"100","sizes":[]},"element_pack_global_tooltip_background_gradient_angle":{"unit":"deg","size":"180","sizes":[]},"element_pack_global_tooltip_background_xpos":{"unit":"px","size":"0","sizes":[]},"element_pack_global_tooltip_background_xpos_tablet":{"unit":"px","size":"0","sizes":[]},"element_pack_global_tooltip_background_xpos_mobile":{"unit":"px","size":"0","sizes":[]},"element_pack_global_tooltip_background_ypos":{"unit":"px","size":"0","sizes":[]},"element_pack_global_tooltip_background_ypos_tablet":{"unit":"px","size":"0","sizes":[]},"element_pack_global_tooltip_background_ypos_mobile":{"unit":"px","size":"0","sizes":[]},"element_pack_global_tooltip_background_bg_width":{"unit":"%","size":"100","sizes":[]},"element_pack_global_tooltip_background_bg_width_tablet":{"unit":"px","size":"","sizes":[]},"element_pack_global_tooltip_background_bg_width_mobile":{"unit":"px","size":"","sizes":[]},"element_pack_global_tooltip_typography_font_size":{"unit":"px","size":"","sizes":[]},"element_pack_global_tooltip_typography_font_size_tablet":{"unit":"px","size":"","sizes":[]},"element_pack_global_tooltip_typography_font_size_mobile":{"unit":"px","size":"","sizes":[]},"element_pack_global_tooltip_typography_line_height":{"unit":"em","size":"","sizes":[]},"element_pack_global_tooltip_typography_line_height_tablet":{"unit":"em","size":"","sizes":[]},"element_pack_global_tooltip_typography_line_height_mobile":{"unit":"em","size":"","sizes":[]},"element_pack_global_tooltip_typography_letter_spacing":{"unit":"px","size":"","sizes":[]},"element_pack_global_tooltip_typography_letter_spacing_tablet":{"unit":"px","size":"","sizes":[]},"element_pack_global_tooltip_typography_letter_spacing_mobile":{"unit":"px","size":"","sizes":[]}}}