{"version":"0.4","title":"Footer Demo Set 16-2","type":"section","content":[{"id":"7f206f44","settings":{"layout":"full_width","background_background":"classic"},"elements":[{"id":"6e305fc8","settings":{"_column_size":100,"_inline_size_tablet":100,"_inline_size_mobile":100,"padding":{"unit":"px","top":"0","right":"0","bottom":"0","left":"0","isLinked":true}},"elements":[{"id":"11af7fe6","settings":{"content_width":{"unit":"px","size":1600,"sizes":[]},"gap":"wider","structure":"30","padding":{"unit":"px","top":"100","right":"0","bottom":"0","left":"0","isLinked":false},"padding_tablet":{"unit":"px","top":"80","right":"30","bottom":"0","left":"30","isLinked":false},"padding_mobile":{"unit":"px","top":"50","right":"15","bottom":"0","left":"15","isLinked":false}},"elements":[{"id":"3a1fc8cb","settings":{"_column_size":33,"_inline_size":30,"_inline_size_tablet":50,"_inline_size_mobile":100},"elements":[{"id":"5e9b6ca1","settings":{"title":"HIRE","header_size":"h3","title_color":"#000000","typography_typography":"custom","typography_font_size":{"unit":"px","size":18,"sizes":[]},"_margin":{"unit":"px","top":"0","right":"0","bottom":"15","left":"0","isLinked":false},"typography_font_weight":"400"},"elements":[],"isInner":false,"widgetType":"heading","elType":"widget"},{"id":"34ddc133","settings":{"navs":[{"nav_title":"Documentation","nav_link":{"url":"#section-1"},"_id":"f1c5b54","nav_icon":""},{"nav_title":"Feedback","nav_link":{"url":"#section-1"},"_id":"48391cb","nav_icon":""},{"nav_title":"Plugins","nav_link":{"url":"#section-1"},"_id":"f97ecc1","nav_icon":""},{"nav_title":"Support","nav_link":{"url":"#section-1"},"_id":"5547261","nav_icon":""}],"vertical_nav":"yes","icon_indent":{"unit":"px","size":50,"sizes":[]},"nav_color":"rgba(0,0,0,0.8)","nav_typography_typography":"custom","nav_typography_font_family":"Roboto","nav_typography_font_size":{"unit":"px","size":14,"sizes":[]},"nav_typography_font_weight":"400","nav_hover_color":"#45afff","nav_padding_tablet":{"unit":"px","top":"0","right":"8","bottom":"0","left":"8","isLinked":false},"nav_padding_mobile":{"unit":"px","top":"0","right":"4","bottom":"0","left":"4","isLinked":false}},"elements":[],"isInner":false,"widgetType":"bdt-scrollnav","elType":"widget"}],"isInner":true,"elType":"column"},{"id":"1c8e5c7d","settings":{"_column_size":33,"_inline_size":29.666000000000000369482222595252096652984619140625,"_inline_size_tablet":50,"_inline_size_mobile":100},"elements":[{"id":"552eb6f4","settings":{"title":"COMMUNITY","title_color":"#000000","typography_typography":"custom","typography_font_size":{"unit":"px","size":18,"sizes":[]},"header_size":"h3","_margin":{"unit":"px","top":"0","right":"0","bottom":"15","left":"0","isLinked":false},"typography_font_weight":"400"},"elements":[],"isInner":false,"widgetType":"heading","elType":"widget"},{"id":"1c7eed9c","settings":{"navs":[{"nav_title":"Terms of Use","nav_link":{"url":"#section-1"},"_id":"f1c5b54","nav_icon":""},{"nav_title":"Privacy & Policy","nav_link":{"url":"#section-1"},"_id":"48391cb","nav_icon":""},{"nav_title":"Our Mission","nav_link":{"url":"#section-1"},"_id":"f97ecc1","nav_icon":""},{"nav_title":"My Account","nav_link":{"url":"#section-1"},"_id":"5547261","nav_icon":""}],"vertical_nav":"yes","icon_indent":{"unit":"px","size":50,"sizes":[]},"nav_color":"rgba(0,0,0,0.8)","nav_typography_typography":"custom","nav_typography_font_family":"Roboto","nav_typography_font_size":{"unit":"px","size":14,"sizes":[]},"nav_typography_font_weight":"400","nav_hover_color":"#45afff","nav_padding_tablet":{"unit":"px","top":"0","right":"8","bottom":"0","left":"8","isLinked":false},"nav_padding_mobile":{"unit":"px","top":"0","right":"4","bottom":"0","left":"4","isLinked":false}},"elements":[],"isInner":false,"widgetType":"bdt-scrollnav","elType":"widget"}],"isInner":true,"elType":"column"},{"id":"1a0ce9a4","settings":{"_column_size":33,"_inline_size":40,"_inline_size_tablet":100,"_inline_size_mobile":100},"elements":[{"id":"3d031ca4","settings":{"title":"CONNECT SOCIALLY","title_color":"#000000","typography_typography":"custom","typography_font_size":{"unit":"px","size":18,"sizes":[]},"header_size":"h3","_margin":{"unit":"px","top":"0","right":"0","bottom":"15","left":"0","isLinked":false},"typography_font_weight":"400"},"elements":[],"isInner":false,"widgetType":"heading","elType":"widget"},{"id":"7c0d08ec","settings":{"social_icon_list":[{"social":"fa fa-facebook","_id":"e844ad0","link":{"url":"#","is_external":"true","nofollow":""},"social_icon":{"value":"fab fa-wordpress","library":"fa-brands"},"item_icon_color":"default","item_icon_primary_color":"","item_icon_secondary_color":""},{"social":"fa fa-twitter","_id":"5b0a563","link":{"url":"#","is_external":"true","nofollow":""},"social_icon":{"value":"fab fa-wordpress","library":"fa-brands"},"item_icon_color":"default","item_icon_primary_color":"","item_icon_secondary_color":""},{"social":"fa fa-google-plus","_id":"bf55821","link":{"url":"#","is_external":"true","nofollow":""},"social_icon":{"value":"fab fa-wordpress","library":"fa-brands"},"item_icon_color":"default","item_icon_primary_color":"","item_icon_secondary_color":""},{"social":"fa fa-linkedin","_id":"98537db","link":{"url":"#","is_external":"true","nofollow":""},"social_icon":{"value":"fab fa-wordpress","library":"fa-brands"},"item_icon_color":"default","item_icon_primary_color":"","item_icon_secondary_color":""}],"align_mobile":"left","icon_color":"custom","icon_primary_color":"#54525f","icon_size":{"unit":"px","size":15,"sizes":[]},"icon_size_mobile":{"unit":"px","size":13,"sizes":[]},"icon_padding":{"unit":"em","size":0.90000000000000002220446049250313080847263336181640625,"sizes":[]},"icon_spacing":{"unit":"px","size":7,"sizes":[]},"icon_spacing_mobile":{"unit":"px","size":8,"sizes":[]},"hover_animation":"push","shape":"square","align_tablet":"left","align":"left"},"elements":[],"isInner":false,"widgetType":"social-icons","elType":"widget"},{"id":"8adaa32","settings":{"email_field_placeholder":"Email *","button_text":"SIGNUP","space":"collapse","input_radius":{"unit":"px","top":"0","right":"0","bottom":"0","left":"0","isLinked":true},"input_padding":{"unit":"px","top":"28","right":"28","bottom":"28","left":"28","isLinked":true},"button_text_color":"#ffffff","background_color":"#0091ff","border_border":"solid","border_width":{"unit":"px","top":"0","right":"0","bottom":"0","left":"2","isLinked":false},"border_color":"#0091ff","radius":{"unit":"px","top":"0","right":"0","bottom":"0","left":"0","isLinked":true},"text_padding":{"unit":"px","top":"8","right":"50","bottom":"8","left":"50","isLinked":false},"button_background_hover_color":"#45afff","input_background":"rgba(0,145,255,0.15)","input_placeholder_color":"#000000","button_typography_typography":"custom","button_typography_font_size":{"unit":"px","size":13},"button_typography_font_weight":"600","hover_color":"#ffffff","button_hover_border_color":"#45afff","_margin":{"unit":"px","top":"20","right":"0","bottom":"0","left":"0","isLinked":false}},"elements":[],"isInner":false,"widgetType":"bdt-mailchimp","elType":"widget"},{"id":"238f49fb","settings":{"editor":"<p>Newsletter Subscription form your mailing options.<\/p>","text_color":"rgba(0,0,0,0.8)","typography_typography":"custom","typography_font_family":"Roboto","typography_font_size":{"unit":"px","size":14,"sizes":[]}},"elements":[],"isInner":false,"widgetType":"text-editor","elType":"widget"}],"isInner":true,"elType":"column"}],"isInner":true,"elType":"section"},{"id":"2ad91008","settings":{"content_width":{"unit":"px","size":1600,"sizes":[]},"gap":"wider","structure":"20","margin":{"unit":"px","top":"0","right":0,"bottom":"100","left":0,"isLinked":false},"margin_mobile":{"unit":"px","top":"0","right":0,"bottom":"0","left":0,"isLinked":true},"padding_tablet":{"unit":"px","top":"80","right":"30","bottom":"80","left":"30","isLinked":false},"padding_mobile":{"unit":"px","top":"50","right":"15","bottom":"20","left":"15","isLinked":false}},"elements":[{"id":"74855807","settings":{"_column_size":50,"_inline_size":null,"_inline_size_tablet":100,"_inline_size_mobile":100,"margin":{"unit":"px","top":"-105","right":"0","bottom":"0","left":"0","isLinked":false}},"elements":[{"id":"33dcbf6f","settings":{"color":"rgba(122,122,122,0.2)","width":{"unit":"%","size":80,"sizes":[]},"width_tablet":{"unit":"%","size":91,"sizes":[]},"gap":{"unit":"px","size":0,"sizes":[]}},"elements":[],"isInner":false,"widgetType":"divider","elType":"widget"},{"id":"74715463","settings":{"icon_list":[{"text":"Info@dbthemes.com,","icon":"fa fa-envelope-o","_id":"078c7ca","link":{"url":"#","is_external":"","nofollow":""},"selected_icon":{"value":"fas fa-check","library":"fa-solid"}},{"text":"(+96) 111 222 55 Mon - Fri,","icon":"fa fa-phone","_id":"be9b3eb","link":{"url":"#","is_external":"","nofollow":""},"selected_icon":{"value":"fas fa-check","library":"fa-solid"}},{"text":" USA 587, Road-12. First Floor","icon":"fa fa-location-arrow","_id":"278f8f2","link":{"url":"#","is_external":"","nofollow":""},"selected_icon":{"value":"fas fa-check","library":"fa-solid"}}],"space_between":{"unit":"px","size":15},"text_color":"rgba(0,0,0,0.8)","text_color_hover":"#000000","text_indent":{"unit":"px","size":13},"icon_typography_typography":"custom","icon_color":"rgba(0,0,0,0.8)","icon_typography_font_size":{"unit":"px","size":14,"sizes":[]},"view":"inline","icon_color_hover":"#000000","icon_typography_font_family":"Roboto"},"elements":[],"isInner":false,"widgetType":"icon-list","elType":"widget"}],"isInner":true,"elType":"column"},{"id":"55163e77","settings":{"_column_size":50,"_inline_size":null,"_inline_size_mobile":100},"elements":[],"isInner":true,"elType":"column"}],"isInner":true,"elType":"section"}],"isInner":false,"elType":"column"}],"isInner":false,"elType":"section"}],"page_settings":{"background_color_stop":{"unit":"%","size":"0","sizes":[]},"background_color_b_stop":{"unit":"%","size":"100","sizes":[]},"background_gradient_angle":{"unit":"deg","size":"180","sizes":[]},"background_xpos":{"unit":"px","size":"0","sizes":[]},"background_xpos_tablet":{"unit":"px","size":"0","sizes":[]},"background_xpos_mobile":{"unit":"px","size":"0","sizes":[]},"background_ypos":{"unit":"px","size":"0","sizes":[]},"background_ypos_tablet":{"unit":"px","size":"0","sizes":[]},"background_ypos_mobile":{"unit":"px","size":"0","sizes":[]},"background_bg_width":{"unit":"%","size":"100","sizes":[]},"background_bg_width_tablet":{"unit":"px","size":"","sizes":[]},"background_bg_width_mobile":{"unit":"px","size":"","sizes":[]},"element_pack_toolbar_typography_font_size":{"unit":"px","size":"","sizes":[]},"element_pack_toolbar_typography_font_size_tablet":{"unit":"px","size":"","sizes":[]},"element_pack_toolbar_typography_font_size_mobile":{"unit":"px","size":"","sizes":[]},"element_pack_toolbar_typography_line_height":{"unit":"em","size":"","sizes":[]},"element_pack_toolbar_typography_line_height_tablet":{"unit":"em","size":"","sizes":[]},"element_pack_toolbar_typography_line_height_mobile":{"unit":"em","size":"","sizes":[]},"element_pack_toolbar_typography_letter_spacing":{"unit":"px","size":"","sizes":[]},"element_pack_toolbar_typography_letter_spacing_tablet":{"unit":"px","size":"","sizes":[]},"element_pack_toolbar_typography_letter_spacing_mobile":{"unit":"px","size":"","sizes":[]},"element_pack_global_tooltip_width":{"unit":"px","size":"","sizes":[]},"element_pack_global_tooltip_width_tablet":{"unit":"px","size":"","sizes":[]},"element_pack_global_tooltip_width_mobile":{"unit":"px","size":"","sizes":[]},"element_pack_global_tooltip_background_color_stop":{"unit":"%","size":"0","sizes":[]},"element_pack_global_tooltip_background_color_b_stop":{"unit":"%","size":"100","sizes":[]},"element_pack_global_tooltip_background_gradient_angle":{"unit":"deg","size":"180","sizes":[]},"element_pack_global_tooltip_background_xpos":{"unit":"px","size":"0","sizes":[]},"element_pack_global_tooltip_background_xpos_tablet":{"unit":"px","size":"0","sizes":[]},"element_pack_global_tooltip_background_xpos_mobile":{"unit":"px","size":"0","sizes":[]},"element_pack_global_tooltip_background_ypos":{"unit":"px","size":"0","sizes":[]},"element_pack_global_tooltip_background_ypos_tablet":{"unit":"px","size":"0","sizes":[]},"element_pack_global_tooltip_background_ypos_mobile":{"unit":"px","size":"0","sizes":[]},"element_pack_global_tooltip_background_bg_width":{"unit":"%","size":"100","sizes":[]},"element_pack_global_tooltip_background_bg_width_tablet":{"unit":"px","size":"","sizes":[]},"element_pack_global_tooltip_background_bg_width_mobile":{"unit":"px","size":"","sizes":[]},"element_pack_global_tooltip_typography_font_size":{"unit":"px","size":"","sizes":[]},"element_pack_global_tooltip_typography_font_size_tablet":{"unit":"px","size":"","sizes":[]},"element_pack_global_tooltip_typography_font_size_mobile":{"unit":"px","size":"","sizes":[]},"element_pack_global_tooltip_typography_line_height":{"unit":"em","size":"","sizes":[]},"element_pack_global_tooltip_typography_line_height_tablet":{"unit":"em","size":"","sizes":[]},"element_pack_global_tooltip_typography_line_height_mobile":{"unit":"em","size":"","sizes":[]},"element_pack_global_tooltip_typography_letter_spacing":{"unit":"px","size":"","sizes":[]},"element_pack_global_tooltip_typography_letter_spacing_tablet":{"unit":"px","size":"","sizes":[]},"element_pack_global_tooltip_typography_letter_spacing_mobile":{"unit":"px","size":"","sizes":[]}}}