{"version":"0.4","title":"Travelling Features 1","type":"section","content":[{"id":"5f6b2721","settings":{"content_width":{"unit":"px","size":""},"background_background":"classic","background_position":"top center","padding":{"unit":"px","top":"150","right":"0","bottom":"150","left":"0","isLinked":false},"padding_tablet":{"unit":"px","top":"80","right":"30","bottom":"80","left":"30","isLinked":false},"padding_mobile":{"unit":"px","top":"50","right":"15","bottom":"50","left":"15","isLinked":false},"border_border":"solid","border_width":{"unit":"px","top":"1","right":"0","bottom":"0","left":"0","isLinked":false},"border_color":"#e8e8e8"},"elements":[{"id":"3b130e47","settings":{"_column_size":100,"_inline_size_tablet":100,"_inline_size_mobile":100,"padding":{"unit":"px","top":"0","right":"0","bottom":"0","left":"0","isLinked":true}},"elements":[{"id":"2f7368b1","settings":{"gap":"wide","sticky":"","sticky_on":["desktop","tablet","mobile"],"sticky_offset":0,"sticky_effects_offset":0,"custom_css":"","margin_tablet":{"unit":"px","top":"","right":0,"bottom":"","left":0,"isLinked":true},"margin_mobile":{"unit":"px","top":"","right":0,"bottom":"","left":0,"isLinked":true},"content_width":{"unit":"px","size":710,"sizes":[]}},"elements":[{"id":"531fae1f","settings":{"_column_size":100,"_inline_size":null,"_inline_size_tablet":50,"_inline_size_mobile":100,"custom_css":""},"elements":[{"id":"60a40771","settings":{"space":{"unit":"px","size":2}},"elements":[],"isInner":false,"widgetType":"spacer","elType":"widget"},{"id":"59f866ad","settings":{"title":"Curated getaways, tailored to you.","align":"center","typography_typography":"custom","typography_font_size_mobile":{"unit":"px","size":24},"title_color":"#666666","typography_font_size":{"unit":"px","size":36,"sizes":[]},"typography_font_weight":"300"},"elements":[],"isInner":false,"widgetType":"heading","elType":"widget"},{"id":"62cc15e1","settings":{"editor":"<p>Whether you\u2019re building a welcome mat for your SaaS or a clean, corporate portfolio, Stack has your design needs covered.<\/p>","align":"center"},"elements":[],"isInner":false,"widgetType":"text-editor","elType":"widget"}],"isInner":true,"elType":"column"}],"isInner":true,"elType":"section"},{"id":"1e269a99","settings":{"gap":"wide","structure":"20","sticky":"","sticky_on":["desktop","tablet","mobile"],"sticky_offset":0,"sticky_effects_offset":0,"custom_css":"","margin_tablet":{"unit":"px","top":"","right":0,"bottom":"","left":0,"isLinked":true},"margin_mobile":{"unit":"px","top":"","right":0,"bottom":"","left":0,"isLinked":true}},"elements":[{"id":"5a48ddfe","settings":{"_column_size":50,"_inline_size":null,"_inline_size_tablet":50,"_inline_size_mobile":100,"custom_css":""},"elements":[{"id":"10552230","settings":{"pre_title":"DUBLIN CITY","title":"Republic of Ireland","content":"","origin":"bottom-center","align":"center","height":{"unit":"px","size":702},"link_type":"item","button_text":"View Details","pre_title_color":"#ffffff","pre_title_typography_typography":"custom","pre_title_typography_font_size":{"unit":"px","size":30},"title_color":"#ffffff","title_typography_typography":"custom","title_typography_font_family":"Maven Pro","title_typography_font_size":{"unit":"px","size":25},"text_color":"#ffffff","text_typography_typography":"custom","text_typography_font_family":"Maven Pro","text_typography_font_weight":"500","item_animation":"scale-up","_background_background":"classic","_background_image":{"id":47557,"url":"http:\/\/192.168.1.100\/others-ready-pages\/wp-content\/uploads\/2019\/04\/destination-1.jpg"},"_border_radius":{"unit":"px","top":"10","right":"10","bottom":"10","left":"10","isLinked":true},"width":{"unit":"px","size":1200}},"elements":[],"isInner":false,"widgetType":"bdt-trailer-box","elType":"widget"}],"isInner":true,"elType":"column"},{"id":"2644e103","settings":{"_column_size":50,"_inline_size":null,"_inline_size_tablet":50,"_inline_size_mobile":100,"custom_css":""},"elements":[{"id":"49b592b9","settings":{"pre_title":"MOSCOW CITY ","title":"Russia","content":"","origin":"bottom-center","align":"center","height":{"unit":"px","size":330},"link_type":"item","button_text":"View Details","pre_title_color":"#ffffff","pre_title_typography_typography":"custom","pre_title_typography_font_size":{"unit":"px","size":30},"title_color":"#ffffff","title_typography_typography":"custom","title_typography_font_family":"Maven Pro","title_typography_font_size":{"unit":"px","size":25},"text_color":"#ffffff","text_typography_typography":"custom","text_typography_font_family":"Maven Pro","text_typography_font_weight":"500","item_animation":"scale-up","_background_background":"classic","_background_image":{"id":47558,"url":"http:\/\/192.168.1.100\/others-ready-pages\/wp-content\/uploads\/2019\/04\/destination-5.jpg"},"_border_radius":{"unit":"px","top":"10","right":"10","bottom":"10","left":"10","isLinked":true}},"elements":[],"isInner":false,"widgetType":"bdt-trailer-box","elType":"widget"},{"id":"443eeaf9","settings":{"space":{"unit":"px","size":2}},"elements":[],"isInner":false,"widgetType":"spacer","elType":"widget"},{"id":"35efbe7a","settings":{"pre_title":"CAIRNS","title":"Australia","content":"","origin":"bottom-center","align":"center","height":{"unit":"px","size":330},"link_type":"item","button_text":"View Details","pre_title_color":"#ffffff","pre_title_typography_typography":"custom","pre_title_typography_font_size":{"unit":"px","size":30},"title_color":"#ffffff","title_typography_typography":"custom","title_typography_font_family":"Maven Pro","title_typography_font_size":{"unit":"px","size":25},"text_color":"#ffffff","text_typography_typography":"custom","text_typography_font_family":"Maven Pro","text_typography_font_weight":"500","item_animation":"scale-up","_background_background":"classic","_background_image":{"id":47559,"url":"http:\/\/192.168.1.100\/others-ready-pages\/wp-content\/uploads\/2019\/04\/destination-4.jpg"},"_border_radius":{"unit":"px","top":"10","right":"10","bottom":"10","left":"10","isLinked":true}},"elements":[],"isInner":false,"widgetType":"bdt-trailer-box","elType":"widget"}],"isInner":true,"elType":"column"}],"isInner":true,"elType":"section"}],"isInner":false,"elType":"column"}],"isInner":false,"elType":"section"}],"page_settings":{"background_color_stop":{"unit":"%","size":"0","sizes":[]},"background_color_b_stop":{"unit":"%","size":"100","sizes":[]},"background_gradient_angle":{"unit":"deg","size":"180","sizes":[]},"background_xpos":{"unit":"px","size":"0","sizes":[]},"background_xpos_tablet":{"unit":"px","size":"0","sizes":[]},"background_xpos_mobile":{"unit":"px","size":"0","sizes":[]},"background_ypos":{"unit":"px","size":"0","sizes":[]},"background_ypos_tablet":{"unit":"px","size":"0","sizes":[]},"background_ypos_mobile":{"unit":"px","size":"0","sizes":[]},"background_bg_width":{"unit":"%","size":"100","sizes":[]},"background_bg_width_tablet":{"unit":"px","size":"","sizes":[]},"background_bg_width_mobile":{"unit":"px","size":"","sizes":[]},"element_pack_toolbar_typography_font_size":{"unit":"px","size":"","sizes":[]},"element_pack_toolbar_typography_font_size_tablet":{"unit":"px","size":"","sizes":[]},"element_pack_toolbar_typography_font_size_mobile":{"unit":"px","size":"","sizes":[]},"element_pack_toolbar_typography_line_height":{"unit":"em","size":"","sizes":[]},"element_pack_toolbar_typography_line_height_tablet":{"unit":"em","size":"","sizes":[]},"element_pack_toolbar_typography_line_height_mobile":{"unit":"em","size":"","sizes":[]},"element_pack_toolbar_typography_letter_spacing":{"unit":"px","size":"","sizes":[]},"element_pack_toolbar_typography_letter_spacing_tablet":{"unit":"px","size":"","sizes":[]},"element_pack_toolbar_typography_letter_spacing_mobile":{"unit":"px","size":"","sizes":[]},"element_pack_global_tooltip_width":{"unit":"px","size":"","sizes":[]},"element_pack_global_tooltip_width_tablet":{"unit":"px","size":"","sizes":[]},"element_pack_global_tooltip_width_mobile":{"unit":"px","size":"","sizes":[]},"element_pack_global_tooltip_background_color_stop":{"unit":"%","size":"0","sizes":[]},"element_pack_global_tooltip_background_color_b_stop":{"unit":"%","size":"100","sizes":[]},"element_pack_global_tooltip_background_gradient_angle":{"unit":"deg","size":"180","sizes":[]},"element_pack_global_tooltip_background_xpos":{"unit":"px","size":"0","sizes":[]},"element_pack_global_tooltip_background_xpos_tablet":{"unit":"px","size":"0","sizes":[]},"element_pack_global_tooltip_background_xpos_mobile":{"unit":"px","size":"0","sizes":[]},"element_pack_global_tooltip_background_ypos":{"unit":"px","size":"0","sizes":[]},"element_pack_global_tooltip_background_ypos_tablet":{"unit":"px","size":"0","sizes":[]},"element_pack_global_tooltip_background_ypos_mobile":{"unit":"px","size":"0","sizes":[]},"element_pack_global_tooltip_background_bg_width":{"unit":"%","size":"100","sizes":[]},"element_pack_global_tooltip_background_bg_width_tablet":{"unit":"px","size":"","sizes":[]},"element_pack_global_tooltip_background_bg_width_mobile":{"unit":"px","size":"","sizes":[]},"element_pack_global_tooltip_typography_font_size":{"unit":"px","size":"","sizes":[]},"element_pack_global_tooltip_typography_font_size_tablet":{"unit":"px","size":"","sizes":[]},"element_pack_global_tooltip_typography_font_size_mobile":{"unit":"px","size":"","sizes":[]},"element_pack_global_tooltip_typography_line_height":{"unit":"em","size":"","sizes":[]},"element_pack_global_tooltip_typography_line_height_tablet":{"unit":"em","size":"","sizes":[]},"element_pack_global_tooltip_typography_line_height_mobile":{"unit":"em","size":"","sizes":[]},"element_pack_global_tooltip_typography_letter_spacing":{"unit":"px","size":"","sizes":[]},"element_pack_global_tooltip_typography_letter_spacing_tablet":{"unit":"px","size":"","sizes":[]},"element_pack_global_tooltip_typography_letter_spacing_mobile":{"unit":"px","size":"","sizes":[]}}}