{"version":"0.4","title":"Travelling Features 2","type":"section","content":[{"id":"3e7ccd60","settings":{"layout":"full_width","background_background":"classic","background_image":{"url":"https:\/\/bdthemes.net\/demo\/ready-pages\/ready-blocks\/wp-content\/uploads\/2019\/05\/travel-features.jpg","id":50450},"background_position":"center center","background_size":"cover","background_overlay_background":"classic","background_overlay_color":"#000000","padding":{"unit":"px","top":"120","right":"0","bottom":"120","left":"0","isLinked":false},"padding_tablet":{"unit":"px","top":"80","right":"30","bottom":"80","left":"30","isLinked":false},"padding_mobile":{"unit":"px","top":"50","right":"15","bottom":"50","left":"15","isLinked":false},"animation":"fadeIn"},"elements":[{"id":"35b6d860","settings":{"_column_size":100,"_inline_size_tablet":100,"_inline_size_mobile":100,"padding_tablet":{"unit":"px","top":"0","right":"0","bottom":"0","left":"0","isLinked":true}},"elements":[{"id":"40ff0834","settings":{"content_width":{"unit":"px","size":750,"sizes":[]}},"elements":[{"id":"3aa41963","settings":{"_column_size":100,"_inline_size":null,"_inline_size_tablet":100,"_inline_size_mobile":100},"elements":[{"id":"64227122","settings":{"heading_layout":"typed","pre_heading":"Best Discount Travel","animated_heading":"Tickets,Cars,Hotels","post_heading":"","animated_heading_color":"#ffffff","animated_heading_typography_typography":"custom","animated_heading_typography_font_size":{"unit":"px","size":48,"sizes":[]}},"elements":[],"isInner":false,"widgetType":"bdt-animated-heading","elType":"widget"},{"id":"41cfdc89","settings":{"editor":"<p>We worked alongside the team at Nike Active to deliver an attention-grabbing campaign that permeated social media and delivered an increased up-tick in user involvement.<\/p>","align":"center","text_color":"rgba(255,255,255,0.71)","_padding_tablet":{"unit":"px","top":"0","right":"80","bottom":"0","left":"80","isLinked":false},"_padding_mobile":{"unit":"px","top":"0","right":"0","bottom":"0","left":"0","isLinked":false}},"elements":[],"isInner":false,"widgetType":"text-editor","elType":"widget"},{"id":"525f349c","settings":{"email_field_placeholder":"Email *","button_text":"SIGNUP","space":"small","input_radius":{"unit":"px","top":"100","right":"100","bottom":"100","left":"100","isLinked":true},"input_padding":{"unit":"px","top":"28","right":"28","bottom":"28","left":"28","isLinked":true},"button_text_color":"#ffffff","background_color":"rgba(255,255,255,0.35)","border_border":"solid","border_width":{"unit":"px","top":"0","right":"0","bottom":"0","left":"2","isLinked":false},"border_color":"rgba(255,255,255,0.35)","radius":{"unit":"px","top":"100","right":"100","bottom":"100","left":"100","isLinked":true},"text_padding":{"unit":"px","top":"8","right":"50","bottom":"8","left":"50","isLinked":false},"button_background_hover_color":"#ffffff","input_background":"rgba(255,255,255,0.35)","input_placeholder_color":"rgba(255,255,255,0.66)","input_color":"#ffffff","button_typography_typography":"custom","button_typography_font_size":{"unit":"px","size":13},"button_typography_font_weight":"600","hover_color":"#000000"},"elements":[],"isInner":false,"widgetType":"bdt-mailchimp","elType":"widget"}],"isInner":true,"elType":"column"}],"isInner":true,"elType":"section"}],"isInner":false,"elType":"column"}],"isInner":false,"elType":"section"}],"page_settings":{"background_color_stop":{"unit":"%","size":"0","sizes":[]},"background_color_b_stop":{"unit":"%","size":"100","sizes":[]},"background_gradient_angle":{"unit":"deg","size":"180","sizes":[]},"background_xpos":{"unit":"px","size":"0","sizes":[]},"background_xpos_tablet":{"unit":"px","size":"0","sizes":[]},"background_xpos_mobile":{"unit":"px","size":"0","sizes":[]},"background_ypos":{"unit":"px","size":"0","sizes":[]},"background_ypos_tablet":{"unit":"px","size":"0","sizes":[]},"background_ypos_mobile":{"unit":"px","size":"0","sizes":[]},"background_bg_width":{"unit":"%","size":"100","sizes":[]},"background_bg_width_tablet":{"unit":"px","size":"","sizes":[]},"background_bg_width_mobile":{"unit":"px","size":"","sizes":[]},"element_pack_toolbar_typography_font_size":{"unit":"px","size":"","sizes":[]},"element_pack_toolbar_typography_font_size_tablet":{"unit":"px","size":"","sizes":[]},"element_pack_toolbar_typography_font_size_mobile":{"unit":"px","size":"","sizes":[]},"element_pack_toolbar_typography_line_height":{"unit":"em","size":"","sizes":[]},"element_pack_toolbar_typography_line_height_tablet":{"unit":"em","size":"","sizes":[]},"element_pack_toolbar_typography_line_height_mobile":{"unit":"em","size":"","sizes":[]},"element_pack_toolbar_typography_letter_spacing":{"unit":"px","size":"","sizes":[]},"element_pack_toolbar_typography_letter_spacing_tablet":{"unit":"px","size":"","sizes":[]},"element_pack_toolbar_typography_letter_spacing_mobile":{"unit":"px","size":"","sizes":[]},"element_pack_global_tooltip_width":{"unit":"px","size":"","sizes":[]},"element_pack_global_tooltip_width_tablet":{"unit":"px","size":"","sizes":[]},"element_pack_global_tooltip_width_mobile":{"unit":"px","size":"","sizes":[]},"element_pack_global_tooltip_background_color_stop":{"unit":"%","size":"0","sizes":[]},"element_pack_global_tooltip_background_color_b_stop":{"unit":"%","size":"100","sizes":[]},"element_pack_global_tooltip_background_gradient_angle":{"unit":"deg","size":"180","sizes":[]},"element_pack_global_tooltip_background_xpos":{"unit":"px","size":"0","sizes":[]},"element_pack_global_tooltip_background_xpos_tablet":{"unit":"px","size":"0","sizes":[]},"element_pack_global_tooltip_background_xpos_mobile":{"unit":"px","size":"0","sizes":[]},"element_pack_global_tooltip_background_ypos":{"unit":"px","size":"0","sizes":[]},"element_pack_global_tooltip_background_ypos_tablet":{"unit":"px","size":"0","sizes":[]},"element_pack_global_tooltip_background_ypos_mobile":{"unit":"px","size":"0","sizes":[]},"element_pack_global_tooltip_background_bg_width":{"unit":"%","size":"100","sizes":[]},"element_pack_global_tooltip_background_bg_width_tablet":{"unit":"px","size":"","sizes":[]},"element_pack_global_tooltip_background_bg_width_mobile":{"unit":"px","size":"","sizes":[]},"element_pack_global_tooltip_typography_font_size":{"unit":"px","size":"","sizes":[]},"element_pack_global_tooltip_typography_font_size_tablet":{"unit":"px","size":"","sizes":[]},"element_pack_global_tooltip_typography_font_size_mobile":{"unit":"px","size":"","sizes":[]},"element_pack_global_tooltip_typography_line_height":{"unit":"em","size":"","sizes":[]},"element_pack_global_tooltip_typography_line_height_tablet":{"unit":"em","size":"","sizes":[]},"element_pack_global_tooltip_typography_line_height_mobile":{"unit":"em","size":"","sizes":[]},"element_pack_global_tooltip_typography_letter_spacing":{"unit":"px","size":"","sizes":[]},"element_pack_global_tooltip_typography_letter_spacing_tablet":{"unit":"px","size":"","sizes":[]},"element_pack_global_tooltip_typography_letter_spacing_mobile":{"unit":"px","size":"","sizes":[]}}}