{"version":"0.4","title":"Header Demo Set 2-8","type":"section","content":[{"id":"463e3c77","settings":{"structure":"34","padding_tablet":{"unit":"px","top":"0","right":"0","bottom":"0","left":"0","isLinked":false},"z_index":100,"content_width":{"unit":"px","size":1500},"section_sticky_active_bg":"#000000","item_border_radius":{"unit":"px","top":"0","right":"0","bottom":"0","left":"0","isLinked":false},"background_overlay_opacity":{"unit":"px","size":0.85999999999999998667732370449812151491641998291015625,"sizes":[]},"background_background":"classic","background_color":"#ba486c","background_image":{"url":"https:\/\/bdthemes.net\/demo\/ready-pages\/ready-blocks\/wp-content\/uploads\/2019\/04\/agency-header-bg.jpg","id":48328},"background_size":"cover","background_overlay_background":"gradient","background_overlay_color":"#ba0941","background_overlay_color_b":"#70155a","padding_mobile":{"unit":"px","top":"20","right":"0","bottom":"0","left":"0","isLinked":false}},"elements":[{"id":"7b06e588","settings":{"_column_size":16,"_inline_size":null,"_inline_size_tablet":33.3299999999999982946974341757595539093017578125,"content_position":"center","_inline_size_mobile":100,"padding":{"unit":"px","top":"0","right":"0","bottom":"0","left":"0","isLinked":false}},"elements":[{"id":"7a02cdd1","settings":{"title":"<strong>Convention <\/strong> Hall.\n","link":{"url":"#","is_external":"","nofollow":""},"header_size":"h3","align":"left","title_color":"#ffffff","typography_typography":"custom","typography_font_weight":"normal","align_tablet":"center","_margin_mobile":{"unit":"px","top":"0","right":"0","bottom":"20","left":"0","isLinked":false}},"elements":[],"isInner":false,"widgetType":"heading","elType":"widget"}],"isInner":true,"elType":"column"},{"id":"118ae3fc","settings":{"_column_size":66,"_inline_size":null,"_inline_size_tablet":33.3299999999999982946974341757595539093017578125,"content_position":"center","_inline_size_mobile":50,"padding_mobile":{"unit":"px","top":"0","right":"0","bottom":"0","left":"0","isLinked":false}},"elements":[{"id":"72d5f596","settings":{"button_text":"Menu","offcanvas_button_background_color":"rgba(0,0,0,0)","offcanvas_button_border_border":"solid","offcanvas_button_border_width":{"unit":"px","top":"2","right":"2","bottom":"2","left":"2","isLinked":true},"offcanvas_button_border_radius":{"unit":"px","top":"3","right":"3","bottom":"3","left":"3","isLinked":true},"hide_desktop":"hidden-desktop","sidebars":"offcanvas","button_align_mobile":"center","offcanvas_content_color":"#ffffff","offcanvas_content_link_hover_color":"#f12184","button_align_tablet":"center","_margin_tablet":{"unit":"px","top":"20","right":"0","bottom":"0","left":"0","isLinked":false},"offcanvas_custom_id":"#bdt-custom-offcanvas","_margin_mobile":{"unit":"px","top":"0","right":"0","bottom":"0","left":"0","isLinked":false},"_padding_mobile":{"unit":"px","top":"0","right":"0","bottom":"0","left":"0","isLinked":false}},"elements":[],"isInner":false,"widgetType":"bdt-offcanvas","elType":"widget"},{"id":"b2193d4","settings":{"navs":[{"nav_title":"EVENT","nav_link":{"url":"#event","is_external":"","nofollow":""},"_id":"620ce66","nav_icon":""},{"nav_title":"SHEDULE","nav_link":{"url":"#shedule","is_external":"","nofollow":""},"_id":"a803d46","nav_icon":""},{"nav_title":"SPEAKERS","nav_link":{"url":"#speakers","is_external":"","nofollow":""},"_id":"c87c43b","nav_icon":""},{"nav_title":"REGISTRATION","nav_link":{"url":"#registration","is_external":"","nofollow":""},"_id":"aa049cd","nav_icon":""},{"nav_title":"SPONSORD","nav_link":{"url":"#sponsord","is_external":"","nofollow":""},"_id":"4df8b7b","nav_icon":""},{"nav_title":"COMING EVENT","nav_link":{"url":"#coming-event","is_external":"","nofollow":""},"_id":"3f02d2d","nav_icon":""},{"nav_title":"GET IN TOUCH","nav_link":{"url":"#get-in-touch","is_external":"","nofollow":""},"_id":"bbc44fb","nav_icon":""}],"alignment":"center","nav_spacing":{"unit":"px","top":"0","right":"0","bottom":"0","left":"0","isLinked":true},"nav_typography_typography":"custom","nav_typography_font_weight":"700","nav_active_color":"#ffffff","nav_color":"rgba(255,255,255,0.6)","nav_typography_font_size":{"unit":"px","size":14},"nav_hover_color":"#ffffff","hide_mobile":"hidden-phone","hide_tablet":"hidden-tablet"},"elements":[],"isInner":false,"widgetType":"bdt-scrollnav","elType":"widget"}],"isInner":true,"elType":"column"},{"id":"6e743995","settings":{"_column_size":16,"_inline_size":null,"_inline_size_tablet":33.3299999999999982946974341757595539093017578125,"content_position":"center","padding_tablet":{"unit":"px","top":"20","right":"0","bottom":"0","left":"0","isLinked":false},"_inline_size_mobile":50,"padding_mobile":{"unit":"px","top":"0","right":"0","bottom":"0","left":"0","isLinked":false}},"elements":[{"id":"59489e3","settings":{"text":"Sign Up","align":"center","align_mobile":"center","size":"md","typography_typography":"custom","typography_font_weight":"700","background_color":"rgba(79,101,202,0)","text_padding":{"unit":"px","top":"12","right":"30","bottom":"12","left":"30","isLinked":false},"button_text_color":"#ffffff","hover_color":"#000000","button_background_hover_color":"#ffffff","border_border":"solid","border_width":{"unit":"px","top":"2","right":"2","bottom":"2","left":"2","isLinked":true},"border_color":"#ffffff","typography_font_size":{"unit":"px","size":15},"button_hover_border_color":"#ffffff","border_radius":{"unit":"px","top":"3","right":"3","bottom":"3","left":"3","isLinked":true},"_margin_tablet":{"unit":"px","top":"-20","right":"0","bottom":"0","left":"0","isLinked":false}},"elements":[],"isInner":false,"widgetType":"button","elType":"widget"}],"isInner":true,"elType":"column"}],"isInner":true,"elType":"section"}]}