{"version":"0.4","title":"Header Demo Set 2-2","type":"section","content":[{"id":"382751ef","settings":{"structure":"33","padding":{"unit":"px","top":"30","right":"50","bottom":"20","left":"50","isLinked":false},"layout":"full_width","padding_tablet":{"unit":"px","top":"10","right":"0","bottom":"0","left":"0","isLinked":false},"section_sticky_active_bg":"#000000","item_border_radius":{"unit":"px","top":"0","right":"50","bottom":"0","left":"50","isLinked":false},"margin_mobile":{"unit":"px","top":"","right":0,"bottom":"","left":0,"isLinked":true},"padding_mobile":{"unit":"px","top":"0","right":"0","bottom":"0","left":"0","isLinked":false},"background_background":"classic","background_image":{"url":"https:\/\/bdthemes.net\/demo\/ready-pages\/ready-blocks\/wp-content\/uploads\/2019\/04\/plumber-header-bg-1.jpg","id":48295},"background_size":"cover","background_overlay_background":"classic","background_overlay_color":"#262626"},"elements":[{"id":"29654b70","settings":{"_column_size":25,"_inline_size":null,"_inline_size_tablet":100,"padding_tablet":{"unit":"px","top":"0","right":"0","bottom":"0","left":"40","isLinked":false},"padding":{"unit":"px","top":"0","right":"0","bottom":"0","left":"0","isLinked":false},"content_position":"center"},"elements":[{"id":"56d1703a","settings":{"image":{"id":48263,"url":"https:\/\/bdthemes.net\/demo\/ready-pages\/ready-blocks\/wp-content\/uploads\/2019\/04\/logo-1.png"},"align":"left","align_tablet":"center","width":{"unit":"%","size":50},"width_tablet":{"unit":"%","size":20},"_margin_tablet":{"unit":"px","top":"0","right":"0","bottom":"0","left":"-40","isLinked":false},"width_mobile":{"unit":"%","size":40},"_padding_mobile":{"unit":"px","top":"20","right":"0","bottom":"0","left":"0","isLinked":false}},"elements":[],"isInner":false,"widgetType":"image","elType":"widget"}],"isInner":true,"elType":"column"},{"id":"6d4a5620","settings":{"_column_size":50,"_inline_size":null,"_inline_size_tablet":100},"elements":[{"id":"2c4e9070","settings":{"sidebars":"offcanvas","button_text":"","button_align_mobile":"center","offcanvas_content_color":"#ffffff","offcanvas_content_background_color":"#777777","offcanvas_button_text_color":"#ffffff","offcanvas_button_background_color":"rgba(35,164,85,0.03)","hide_desktop":"hidden-desktop","hide_tablet":"hidden-tablet","offcanvas_custom_id":"#bdt-custom-offcanvas"},"elements":[],"isInner":false,"widgetType":"bdt-offcanvas","elType":"widget"},{"id":"24e06877","settings":{"navs":[{"nav_title":"Home","nav_link":{"url":"#home","is_external":"","nofollow":""},"_id":"620ce66","nav_icon":""},{"nav_title":"Features","nav_link":{"url":"#features","is_external":"","nofollow":""},"_id":"4eb0c9f","nav_icon":""},{"nav_title":"Services","nav_link":{"url":"#services","is_external":"","nofollow":""},"_id":"5298611","nav_icon":""},{"nav_title":"Gallery","nav_link":{"url":"#gallery","is_external":"","nofollow":""},"_id":"d0b23a3","nav_icon":""},{"nav_title":"Contact Us","nav_link":{"url":"#contact-us","is_external":"","nofollow":""},"_id":"84f741f","nav_icon":""}],"nav_color":"#efefef","nav_spacing":{"unit":"px","top":"0","right":"10","bottom":"0","left":"10","isLinked":false},"nav_typography_typography":"custom","nav_typography_font_weight":"500","nav_spacing_mobile":{"unit":"px","top":"0","right":"0","bottom":"0","left":"0","isLinked":true},"section_schedule_start_date":"2017-11-30 00:00","section_schedule_end_date":"2017-11-30 00:00","nav_active_color":"#ffffff","_margin_tablet":{"unit":"px","top":"0","right":"0","bottom":"-15","left":"0","isLinked":false},"nav_typography_font_size":{"unit":"px","size":14},"nav_typography_text_transform":"uppercase","nav_hover_color":"#ffffff","alignment":"center","hide_mobile":"hidden-phone"},"elements":[],"isInner":false,"widgetType":"bdt-scrollnav","elType":"widget"}],"isInner":true,"elType":"column"},{"id":"898bdcc","settings":{"_column_size":25,"_inline_size":null,"_inline_size_tablet":100,"content_position":"center","padding":{"unit":"px","top":"0","right":"50","bottom":"0","left":"0","isLinked":false},"padding_tablet":{"unit":"px","top":"15","right":"0","bottom":"0","left":"0","isLinked":false},"_inline_size_mobile":100},"elements":[{"id":"5cd5f3a0","settings":{"text":"Get A Quote","align":"right","align_mobile":"center","size":"md","typography_typography":"custom","typography_font_weight":"700","background_color":"rgba(255,255,255,0)","text_padding":{"unit":"px","top":"10","right":"25","bottom":"10","left":"25","isLinked":false},"button_text_color":"#ffffff","hover_color":"#ffffff","button_background_hover_color":"#1bbde8","border_border":"solid","border_width":{"unit":"px","top":"2","right":"2","bottom":"2","left":"2","isLinked":true},"border_color":"#ffffff","button_hover_border_color":"#1bbde8","align_tablet":"center","icon_align":"right","icon_indent":{"unit":"px","size":10},"border_radius":{"unit":"px","top":"3","right":"3","bottom":"3","left":"3","isLinked":true},"_margin_tablet":{"unit":"px","top":"10","right":"0","bottom":"20","left":"0","isLinked":false},"_margin_mobile":{"unit":"px","top":"-40","right":"0","bottom":"20","left":"0","isLinked":false},"typography_font_size":{"unit":"px","size":14}},"elements":[],"isInner":false,"widgetType":"button","elType":"widget"}],"isInner":true,"elType":"column"}],"isInner":true,"elType":"section"}]}