{"version":"0.4","title":"Header Demo Set 2-9","type":"section","content":[{"id":"72c7366e","settings":{"structure":"40","margin":{"unit":"px","top":"","right":0,"bottom":"","left":0,"isLinked":true},"padding_tablet":{"unit":"px","top":"40","right":"20","bottom":"40","left":"20","isLinked":false},"layout":"full_width","section_sticky_active_bg":"#000000","item_border_radius":{"unit":"px","top":"10","right":"50","bottom":"10","left":"50","isLinked":false},"background_background":"classic","background_color":"#4054b2","padding":{"unit":"px","top":"0","right":"0","bottom":"0","left":"0","isLinked":false},"content_position":"middle"},"elements":[{"id":"636c110a","settings":{"_column_size":25,"_inline_size":null,"_inline_size_tablet":25,"padding":{"unit":"px","top":"0","right":"0","bottom":"0","left":"0","isLinked":true},"margin":{"unit":"px","top":"0","right":"0","bottom":"0","left":"80","isLinked":false},"_inline_size_mobile":100,"content_position":"center"},"elements":[{"id":"47cbbbe8","settings":{"title":"<strong>Home <\/strong> Painter","link":{"url":"#","is_external":"","nofollow":""},"header_size":"h3","align":"left","title_color":"#ffffff","typography_typography":"custom","typography_font_weight":"400","align_tablet":"center","align_mobile":"center","_margin_tablet":{"unit":"px","top":"0","right":"0","bottom":"20","left":"-100","isLinked":false},"_padding_mobile":{"unit":"px","top":"10","right":"0","bottom":"0","left":"0","isLinked":false}},"elements":[],"isInner":false,"widgetType":"heading","elType":"widget"}],"isInner":true,"elType":"column"},{"id":"16152dc8","settings":{"_column_size":25,"_inline_size":37.25800000000000267164068645797669887542724609375,"_inline_size_tablet":5,"_inline_size_mobile":5,"padding":{"unit":"px","top":"0","right":"0","bottom":"0","left":"0","isLinked":false}},"elements":[{"id":"1eac0eb1","settings":{"navs":[{"nav_title":"Home","nav_link":{"url":"#section1","is_external":"","nofollow":""},"_id":"620ce66","nav_icon":""},{"nav_title":"About Us","nav_link":{"url":"#section2","is_external":"","nofollow":""},"_id":"4eb0c9f","nav_icon":""},{"nav_title":"Features","nav_link":{"url":"#section3","is_external":"","nofollow":""},"_id":"169d82b","nav_icon":""},{"nav_title":"History","nav_link":{"url":"#section4","is_external":"","nofollow":""},"_id":"d3d7e6f","nav_icon":""},{"nav_title":"Services","nav_link":{"url":"#section5","is_external":"","nofollow":""},"_id":"d0b23a3","nav_icon":""}],"nav_color":"#dddddd","nav_spacing":{"unit":"px","top":"0","right":"15","bottom":"0","left":"15","isLinked":false},"nav_typography_typography":"custom","nav_typography_font_weight":"500","nav_spacing_mobile":{"unit":"px","top":"0","right":"0","bottom":"0","left":"0","isLinked":true},"alignment":"center","section_schedule_start_date":"2017-11-30 00:00","section_schedule_end_date":"2017-11-30 00:00","nav_active_color":"#ffffff","_margin_tablet":{"unit":"px","top":"0","right":"0","bottom":"-15","left":"0","isLinked":false},"nav_typography_font_size":{"unit":"px","size":14},"nav_typography_text_transform":"uppercase","nav_hover_color":"#ffffff","hide_tablet":"hidden-tablet","hide_mobile":"hidden-phone"},"elements":[],"isInner":false,"widgetType":"bdt-scrollnav","elType":"widget"}],"isInner":true,"elType":"column"},{"id":"935132f","settings":{"_column_size":25,"_inline_size":25,"_inline_size_tablet":35,"_inline_size_mobile":50,"content_position":"center","padding_tablet":{"unit":"px","top":"0","right":"0","bottom":"0","left":"0","isLinked":true}},"elements":[{"id":"5da1e03b","settings":{"text":"Contact Us","align":"center","align_tablet":"left","button_effect":"c","advanced_button_text_color":"#000000","button_background_background":"classic","button_background_color":"#ffffff","button_border_color":"#ffffff","advanced_button_radius":{"unit":"px","top":"50","right":"50","bottom":"50","left":"50","isLinked":true},"advanced_button_padding":{"unit":"px","top":"6","right":"25","bottom":"6","left":"25","isLinked":false},"advanced_button_typography_typography":"custom","button_hover_background_background":"classic","button_hover_background_color":"#4c3aad","advanced_button_typography_font_size_mobile":{"unit":"px","size":11},"advanced_button_hover_text_color":"#ffffff","_margin_tablet":{"unit":"px","top":"0","right":"0","bottom":"0","left":"0","isLinked":false}},"elements":[],"isInner":false,"widgetType":"bdt-advanced-button","elType":"widget"}],"isInner":true,"elType":"column"},{"id":"3ce87984","settings":{"_column_size":25,"_inline_size":12.742000000000000881072992342524230480194091796875,"_inline_size_tablet":35,"content_position":"center","padding_tablet":{"unit":"px","top":"0","right":"0","bottom":"0","left":"0","isLinked":true},"_inline_size_mobile":40},"elements":[{"id":"69a3c665","settings":{"sidebars":"offcanvas","button_text":"","button_align_tablet":"right","offcanvas_button_background_color":"rgba(255,255,255,0.99)","offcanvas_content_color":"#ffffff","offcanvas_button_text_color":"#000000","offcanvas_button_border_border":"solid","offcanvas_button_border_width":{"unit":"px","top":"2","right":"2","bottom":"2","left":"2","isLinked":true},"offcanvas_button_border_color":"#ffffff","offcanvas_button_border_radius":{"unit":"px","top":"100","right":"100","bottom":"100","left":"100","isLinked":true},"offcanvas_button_padding":{"unit":"px","top":"10","right":"40","bottom":"10","left":"40","isLinked":false},"offcanvas_custom_id":"#bdt-custom-offcanvas"},"elements":[],"isInner":false,"widgetType":"bdt-offcanvas","elType":"widget"}],"isInner":true,"elType":"column"}],"isInner":true,"elType":"section"}]}