{"version":"0.4","title":"Header Demo Set 2-3","type":"section","content":[{"id":"bbdfa79","settings":{"layout":"full_width","structure":"30","background_background":"classic","background_image":{"url":"https:\/\/bdthemes.net\/demo\/ready-pages\/ready-blocks\/wp-content\/uploads\/2019\/04\/agency-header-bg.jpg","id":48328},"background_size":"cover","background_overlay_background":"classic","background_overlay_color":"#000c03","padding":{"unit":"px","top":"30","right":"30","bottom":"0","left":"30","isLinked":false},"padding_tablet":{"unit":"px","top":"30","right":"20","bottom":"20","left":"20","isLinked":false}},"elements":[{"id":"118489a1","settings":{"_column_size":33,"_inline_size":22.376999999999998891553332214243710041046142578125,"_inline_size_tablet":30,"_inline_size_mobile":30},"elements":[{"id":"17df7d96","settings":{"image":{"id":48344,"url":"https:\/\/bdthemes.net\/demo\/ready-pages\/ready-blocks\/wp-content\/uploads\/2019\/04\/logo2.png"},"align":"left","width":{"unit":"%","size":45},"width_tablet":{"unit":"%","size":61},"link_to":"custom","link":{"url":"#","is_external":"","nofollow":""},"width_mobile":{"unit":"%","size":100}},"elements":[],"isInner":false,"widgetType":"image","elType":"widget"}],"isInner":true,"elType":"column"},{"id":"496c1291","settings":{"_column_size":33,"_inline_size":55.9260000000000019326762412674725055694580078125,"_inline_size_tablet":30,"_inline_size_mobile":20},"elements":[{"id":"1289a4d6","settings":{"navbar":"main-menu","_margin":{"unit":"px","top":"-20","right":"0","bottom":"0","left":"0","isLinked":false},"align":"center","menu_link_color":"#ffffff","menu_typography_normal_typography":"custom","menu_typography_normal_font_size":{"unit":"px","size":16},"menu_typography_normal_font_weight":"400","hide_tablet":"hidden-tablet","hide_mobile":"hidden-phone","menu_typography_normal_font_family":"Poppins"},"elements":[],"isInner":false,"widgetType":"bdt-navbar","elType":"widget"},{"id":"1b484531","settings":{"sidebars":"offcanvas","button_text":"","offcanvas_button_text_color":"#ffffff","offcanvas_button_background_color":"rgba(0,0,0,0)","hide_desktop":"hidden-desktop","offcanvas_content_color":"#ffffff","offcanvas_content_background_color":"#2dd47c","offcanvas_custom_id":"#bdt-custom-offcanvas"},"elements":[],"isInner":false,"widgetType":"bdt-offcanvas","elType":"widget"}],"isInner":true,"elType":"column"},{"id":"998ae3d","settings":{"_column_size":33,"_inline_size":21.693000000000001392663762089796364307403564453125,"_inline_size_tablet":40,"_inline_size_mobile":50},"elements":[{"id":"35757fa4","settings":{"text":"FREE CONSULTATION","align":"right","size":"md","typography_typography":"custom","typography_font_size":{"unit":"px","size":14},"background_color":"rgba(0,0,0,0)","border_border":"solid","border_width":{"unit":"px","top":"1","right":"1","bottom":"1","left":"1","isLinked":true},"border_color":"#2cd37c","border_radius":{"unit":"px","top":"50","right":"50","bottom":"50","left":"50","isLinked":true},"typography_font_weight":"500","typography_letter_spacing":{"unit":"px","size":1},"button_text_color":"#ffffff","text_padding":{"unit":"px","top":"8","right":"40","bottom":"8","left":"40","isLinked":false},"typography_font_size_mobile":{"unit":"px","size":10},"text_padding_mobile":{"unit":"px","top":"8","right":"20","bottom":"8","left":"20","isLinked":false},"typography_font_family":"Poppins","hover_color":"#2cd37c","button_background_hover_color":"#ffffff"},"elements":[],"isInner":false,"widgetType":"button","elType":"widget"},{"id":"6ff454af","settings":{"editor":"Or call us <span style=\"color: #2CD37C\">0011 36598<\/span>","align":"right","text_color":"#ffffff","typography_typography":"custom","typography_font_size":{"unit":"px","size":13},"_margin":{"unit":"px","top":"-20","right":"0","bottom":"0","left":"0","isLinked":false},"typography_font_size_mobile":{"unit":"px","size":10}},"elements":[],"isInner":false,"widgetType":"text-editor","elType":"widget"}],"isInner":true,"elType":"column"}],"isInner":true,"elType":"section"}]}