{"version":"0.4","title":"Header Demo Set 2-10","type":"section","content":[{"id":"322a20a8","settings":{"layout":"full_width","structure":"30","background_background":"classic","background_image":{"url":"https:\/\/bdthemes.net\/demo\/ready-pages\/ready-blocks\/wp-content\/uploads\/2019\/04\/three-header-bg.jpg","id":48483},"content_position":"middle","background_size":"cover","margin_tablet":{"unit":"px","top":"0","right":0,"bottom":"0","left":0,"isLinked":false},"margin_mobile":{"unit":"px","top":"0","right":0,"bottom":"0","left":0,"isLinked":false},"padding":{"unit":"px","top":"0","right":"0","bottom":"0","left":"0","isLinked":false},"padding_tablet":{"unit":"px","top":"50","right":"0","bottom":"0","left":"0","isLinked":false},"padding_mobile":{"unit":"px","top":"20","right":"0","bottom":"15","left":"0","isLinked":false}},"elements":[{"id":"50a7ce3e","settings":{"_column_size":33,"_inline_size":16.172000000000000596855898038484156131744384765625,"_inline_size_tablet":50,"_inline_size_mobile":50,"background_background":"classic"},"elements":[{"id":"6890cf0f","settings":{"image":{"id":48472,"url":"https:\/\/bdthemes.net\/demo\/ready-pages\/ready-blocks\/wp-content\/uploads\/2019\/04\/01-9.png"},"align":"left","width":{"unit":"%","size":45},"width_tablet":{"unit":"%","size":30},"width_mobile":{"unit":"%","size":44,"sizes":[]},"_margin_tablet":{"unit":"px","top":"0","right":"0","bottom":"0","left":"0","isLinked":false},"_padding_tablet":{"unit":"px","top":"0","right":"0","bottom":"0","left":"0","isLinked":false}},"elements":[],"isInner":false,"widgetType":"image","elType":"widget"}],"isInner":true,"elType":"column"},{"id":"58c60342","settings":{"_column_size":33,"_inline_size":50.49199999999999732835931354202330112457275390625,"_inline_size_tablet":50,"_inline_size_mobile":50,"margin_tablet":{"unit":"px","top":"0","right":"0","bottom":"0","left":"0","isLinked":false},"padding_tablet":{"unit":"px","top":"0","right":"0","bottom":"0","left":"0","isLinked":false}},"elements":[{"id":"7f6445","settings":{"navbar":"main-menu","_margin":{"unit":"px","top":"15","right":"0","bottom":"0","left":"0","isLinked":false},"menu_link_color":"#000000","menu_height":{"unit":"px","size":80,"sizes":[]},"hide_tablet":"hidden-tablet","hide_mobile":"hidden-phone"},"elements":[],"isInner":false,"widgetType":"bdt-navbar","elType":"widget"},{"id":"54202d47","settings":{"offcanvas_custom_id":"#bdt-custom-offcanvas","button_text":"","button_align":"right","offcanvas_button_text_color":"#000000","offcanvas_button_background_color":"rgba(0,0,0,0)","hide_desktop":"hidden-desktop","sidebars":"offcanvas","_margin_tablet":{"unit":"px","top":"10","right":"0","bottom":"0","left":"0","isLinked":false},"_padding_tablet":{"unit":"px","top":"0","right":"0","bottom":"0","left":"0","isLinked":false}},"elements":[],"isInner":false,"widgetType":"bdt-offcanvas","elType":"widget"}],"isInner":true,"elType":"column"},{"id":"62c900dc","settings":{"_column_size":33,"_inline_size":null,"background_background":"classic","hide_mobile":"hidden-phone"},"elements":[{"id":"327b03b9","settings":{"text":"START A PROJECT","align":"right","size":"md","typography_typography":"custom","typography_font_size":{"unit":"px","size":12},"background_color":"#ff6c00","border_border":"solid","border_width":{"unit":"px","top":"1","right":"1","bottom":"1","left":"1","isLinked":true},"border_color":"#ffffff","border_radius":{"unit":"px","top":"50","right":"50","bottom":"50","left":"50","isLinked":true},"hide_mobile":"hidden-phone","button_background_hover_color":"#000000"},"elements":[],"isInner":false,"widgetType":"button","elType":"widget"}],"isInner":true,"elType":"column"}],"isInner":true,"elType":"section"}]}