{"version":"0.4","title":"Technology Blocks 4","type":"section","content":[{"id":"34d9e0df","settings":{"gap":"wider","content_position":"middle","structure":"20","background_background":"classic","background_image":{"url":"https:\/\/bdthemes.net\/demo\/ready-pages\/ready-blocks\/wp-content\/uploads\/2019\/05\/get-in-touch.jpg","id":51113},"background_size":"cover","padding":{"unit":"px","top":"100","right":"0","bottom":"100","left":"0","isLinked":false},"padding_tablet":{"unit":"px","top":"80","right":"30","bottom":"80","left":"30","isLinked":false},"padding_mobile":{"unit":"px","top":"50","right":"10","bottom":"50","left":"10","isLinked":false}},"elements":[{"id":"2180866b","settings":{"_column_size":50,"_inline_size":null,"background_background":"classic","background_color":"#ffffff","border_radius":{"unit":"px","top":"10","right":"10","bottom":"10","left":"10","isLinked":true},"margin":{"unit":"px","top":"0","right":"50","bottom":"0","left":"0","isLinked":false},"padding":{"unit":"px","top":"50","right":"50","bottom":"50","left":"50","isLinked":true},"_inline_size_tablet":100,"margin_tablet":{"unit":"px","top":"0","right":"0","bottom":"0","left":"0","isLinked":false}},"elements":[{"id":"148128ea","settings":{"title":"Get In Touch","align":"center","typography_typography":"custom","typography_font_family":"Titillium Web","typography_font_size":{"unit":"px","size":42,"sizes":[]},"typography_font_weight":"300"},"elements":[],"isInner":false,"widgetType":"heading","elType":"widget"},{"id":"5764e6e8","settings":{"show_labels":"","name_email_field_inline":"yes","button_text":"Send","user_name_label":"Name*","user_name_placeholder":"John Doe","contact_label":"Contact Number","contact_placeholder":"Your contact number","subject_label":"Subject*","subject_placeholder":"Your message subject","email_address_label":"Email*","email_placeholder":"example@email.com","message_label":"Your Message*","additional_message":"Note: You have to fill-up above all respective field, then click below button for send your message","field_typography_typography":"custom","field_typography_font_size":{"unit":"px","size":14,"sizes":[]},"button_typography_typography":"custom","button_typography_font_family":"Titillium Web","button_background_color_background":"classic","button_background_color_color":"#07a35c","button_text_padding":{"unit":"px","top":"12","right":"50","bottom":"12","left":"50","isLinked":false},"button_background_hover_color_background":"classic","button_background_hover_color_color":"rgba(7,163,92,0.7)"},"elements":[],"isInner":false,"widgetType":"bdt-contact-form","elType":"widget"}],"isInner":false,"elType":"column"},{"id":"79273f3b","settings":{"_column_size":50,"_inline_size":null,"_inline_size_tablet":100},"elements":[{"id":"2a64b38b","settings":{"sub_heading":"ADDRESS","main_heading":"New York City eight the door opened","split_text":"Splite Text","align":"left","advanced_heading":"","sub_heading_color":"#ffffff","sub_heading_typography_typography":"custom","sub_heading_typography_font_family":"Open Sans","sub_heading_typography_font_size":{"unit":"px","size":14,"sizes":[]},"sub_heading_typography_letter_spacing":{"unit":"px","size":1.100000000000000088817841970012523233890533447265625,"sizes":[]},"main_heading_color":"#ffffff","main_heading_typography_typography":"custom","main_heading_typography_font_family":"Titillium Web","main_heading_typography_font_size":{"unit":"px","size":32,"sizes":[]},"main_heading_typography_font_weight":"300"},"elements":[],"isInner":false,"widgetType":"bdt-advanced-heading","elType":"widget"},{"id":"2914331d","settings":{"sub_heading":"PHONE","main_heading":"309-735-5112\n","split_text":"Splite Text","align":"left","advanced_heading":"","sub_heading_color":"#ffffff","sub_heading_typography_typography":"custom","sub_heading_typography_font_family":"Open Sans","sub_heading_typography_font_size":{"unit":"px","size":14,"sizes":[]},"sub_heading_typography_letter_spacing":{"unit":"px","size":1.100000000000000088817841970012523233890533447265625,"sizes":[]},"main_heading_color":"#ffffff","main_heading_typography_typography":"custom","main_heading_typography_font_family":"Titillium Web","main_heading_typography_font_size":{"unit":"px","size":32,"sizes":[]},"main_heading_typography_font_weight":"300"},"elements":[],"isInner":false,"widgetType":"bdt-advanced-heading","elType":"widget"},{"id":"4292b3b0","settings":{"sub_heading":"EMAIL","main_heading":"demo@yourdomain.com\n","split_text":"Splite Text","align":"left","advanced_heading":"","sub_heading_color":"#ffffff","sub_heading_typography_typography":"custom","sub_heading_typography_font_family":"Open Sans","sub_heading_typography_font_size":{"unit":"px","size":14,"sizes":[]},"sub_heading_typography_letter_spacing":{"unit":"px","size":1.100000000000000088817841970012523233890533447265625,"sizes":[]},"main_heading_color":"#ffffff","main_heading_typography_typography":"custom","main_heading_typography_font_family":"Titillium Web","main_heading_typography_font_size":{"unit":"px","size":32,"sizes":[]},"main_heading_typography_font_weight":"300"},"elements":[],"isInner":false,"widgetType":"bdt-advanced-heading","elType":"widget"}],"isInner":false,"elType":"column"}],"isInner":false,"elType":"section"}],"page_settings":{"background_color_stop":{"unit":"%","size":"0","sizes":[]},"background_color_b_stop":{"unit":"%","size":"100","sizes":[]},"background_gradient_angle":{"unit":"deg","size":"180","sizes":[]},"background_xpos":{"unit":"px","size":"0","sizes":[]},"background_xpos_tablet":{"unit":"px","size":"0","sizes":[]},"background_xpos_mobile":{"unit":"px","size":"0","sizes":[]},"background_ypos":{"unit":"px","size":"0","sizes":[]},"background_ypos_tablet":{"unit":"px","size":"0","sizes":[]},"background_ypos_mobile":{"unit":"px","size":"0","sizes":[]},"background_bg_width":{"unit":"%","size":"100","sizes":[]},"background_bg_width_tablet":{"unit":"px","size":"","sizes":[]},"background_bg_width_mobile":{"unit":"px","size":"","sizes":[]},"element_pack_toolbar_typography_font_size":{"unit":"px","size":"","sizes":[]},"element_pack_toolbar_typography_font_size_tablet":{"unit":"px","size":"","sizes":[]},"element_pack_toolbar_typography_font_size_mobile":{"unit":"px","size":"","sizes":[]},"element_pack_toolbar_typography_line_height":{"unit":"em","size":"","sizes":[]},"element_pack_toolbar_typography_line_height_tablet":{"unit":"em","size":"","sizes":[]},"element_pack_toolbar_typography_line_height_mobile":{"unit":"em","size":"","sizes":[]},"element_pack_toolbar_typography_letter_spacing":{"unit":"px","size":"","sizes":[]},"element_pack_toolbar_typography_letter_spacing_tablet":{"unit":"px","size":"","sizes":[]},"element_pack_toolbar_typography_letter_spacing_mobile":{"unit":"px","size":"","sizes":[]},"element_pack_global_tooltip_width":{"unit":"px","size":"","sizes":[]},"element_pack_global_tooltip_width_tablet":{"unit":"px","size":"","sizes":[]},"element_pack_global_tooltip_width_mobile":{"unit":"px","size":"","sizes":[]},"element_pack_global_tooltip_background_color_stop":{"unit":"%","size":"0","sizes":[]},"element_pack_global_tooltip_background_color_b_stop":{"unit":"%","size":"100","sizes":[]},"element_pack_global_tooltip_background_gradient_angle":{"unit":"deg","size":"180","sizes":[]},"element_pack_global_tooltip_background_xpos":{"unit":"px","size":"0","sizes":[]},"element_pack_global_tooltip_background_xpos_tablet":{"unit":"px","size":"0","sizes":[]},"element_pack_global_tooltip_background_xpos_mobile":{"unit":"px","size":"0","sizes":[]},"element_pack_global_tooltip_background_ypos":{"unit":"px","size":"0","sizes":[]},"element_pack_global_tooltip_background_ypos_tablet":{"unit":"px","size":"0","sizes":[]},"element_pack_global_tooltip_background_ypos_mobile":{"unit":"px","size":"0","sizes":[]},"element_pack_global_tooltip_background_bg_width":{"unit":"%","size":"100","sizes":[]},"element_pack_global_tooltip_background_bg_width_tablet":{"unit":"px","size":"","sizes":[]},"element_pack_global_tooltip_background_bg_width_mobile":{"unit":"px","size":"","sizes":[]},"element_pack_global_tooltip_typography_font_size":{"unit":"px","size":"","sizes":[]},"element_pack_global_tooltip_typography_font_size_tablet":{"unit":"px","size":"","sizes":[]},"element_pack_global_tooltip_typography_font_size_mobile":{"unit":"px","size":"","sizes":[]},"element_pack_global_tooltip_typography_line_height":{"unit":"em","size":"","sizes":[]},"element_pack_global_tooltip_typography_line_height_tablet":{"unit":"em","size":"","sizes":[]},"element_pack_global_tooltip_typography_line_height_mobile":{"unit":"em","size":"","sizes":[]},"element_pack_global_tooltip_typography_letter_spacing":{"unit":"px","size":"","sizes":[]},"element_pack_global_tooltip_typography_letter_spacing_tablet":{"unit":"px","size":"","sizes":[]},"element_pack_global_tooltip_typography_letter_spacing_mobile":{"unit":"px","size":"","sizes":[]}}}