{"version":"0.4","title":"Technology Blocks 2","type":"section","content":[{"id":"1e426f00","settings":{"content_width":{"unit":"px","size":1600,"sizes":[]},"structure":"20","background_background":"classic","background_image":{"url":"https:\/\/bdthemes.net\/demo\/ready-pages\/ready-blocks\/wp-content\/uploads\/2019\/05\/bg.jpg","id":51027},"background_size":"cover","padding":{"unit":"px","top":"100","right":"0","bottom":"100","left":"0","isLinked":false},"gap":"wider","content_position":"middle","background_position":"bottom left","background_repeat":"no-repeat","padding_mobile":{"unit":"px","top":"50","right":"0","bottom":"50","left":"0","isLinked":false}},"elements":[{"id":"6ebff8ff","settings":{"_column_size":50,"_inline_size":null,"_inline_size_tablet":100,"_inline_size_mobile":100},"elements":[{"id":"63aab4d8","settings":{"title":"Reasons Why Should\nChoose Us?","title_color":"#ffffff","typography_typography":"custom","typography_font_family":"Rajdhani","_background_background":"classic","_background_color":"rgba(97,206,112,0.89)","align":"center","typography_font_size":{"unit":"px","size":48,"sizes":[]},"typography_font_weight":"700","typography_line_height":{"unit":"em","size":1.1999999999999999555910790149937383830547332763671875,"sizes":[]},"_margin":{"unit":"px","top":"0","right":"150","bottom":"0","left":"0","isLinked":false},"_padding":{"unit":"px","top":"100","right":"30","bottom":"80","left":"30","isLinked":false},"typography_font_size_mobile":{"unit":"px","size":24,"sizes":[]},"_margin_mobile":{"unit":"px","top":"0","right":"0","bottom":"0","left":"0","isLinked":false}},"elements":[],"isInner":false,"widgetType":"heading","elType":"widget"}],"isInner":false,"elType":"column"},{"id":"29291e15","settings":{"_column_size":50,"_inline_size":null,"_inline_size_tablet":100,"background_background":"classic","background_image_tablet":{"url":"https:\/\/bdthemes.net\/demo\/ready-pages\/ready-blocks\/wp-content\/uploads\/2019\/04\/bg-7.jpg","id":47710}},"elements":[{"id":"7fbfa87c","settings":{"structure":"20","background_background":"classic"},"elements":[{"id":"2aad03da","settings":{"_column_size":50,"_inline_size":null},"elements":[{"id":"736d8797","settings":{"icon":"fa fa-clock-o","title_text":"24\/7\/365 Support","description_text":"Maecenas nec odio et ante tincidunt tempus. Donec vitae sapien ut libero venenatis faucibus.","position":"left","readmore_text":"Read More","badge_text":"POPULAR","readmore":"","icon_color":"#85c226","icon_padding":{"unit":"px","top":"18","right":"18","bottom":"18","left":"18","isLinked":true},"icon_border_border":"solid","icon_border_width":{"unit":"px","top":"1","right":"1","bottom":"1","left":"1","isLinked":true},"icon_radius_advanced":"75% 25% 43% 57% \/ 46% 29% 71% 54%","icon_size":{"unit":"px","size":28,"sizes":[]},"icon_hover_color":"#ffffff","icon_hover_background_background":"classic","icon_hover_background_color":"#85c226","icon_hover_border_color":"#85c226","title_color":"#54595f","title_typography_typography":"custom","title_typography_font_family":"Rajdhani","title_typography_font_size":{"unit":"px","size":24,"sizes":[]},"description_typography_typography":"custom","description_typography_font_family":"Lato","global_link":"yes","global_link_url":{"url":"#","is_external":"","nofollow":""},"icon_space":{"unit":"px","size":20,"sizes":[]}},"elements":[],"isInner":false,"widgetType":"bdt-advanced-icon-box","elType":"widget"},{"id":"f8b4bc6","settings":{"icon":"fa fa-dollar","title_text":"Affordable Rates","description_text":"Maecenas nec odio et ante tincidunt tempus. Donec vitae sapien ut libero venenatis faucibus.","position":"left","readmore_text":"Read More","badge_text":"POPULAR","readmore":"","icon_color":"#85c226","icon_padding":{"unit":"px","top":"18","right":"18","bottom":"18","left":"18","isLinked":true},"icon_border_border":"solid","icon_border_width":{"unit":"px","top":"1","right":"1","bottom":"1","left":"1","isLinked":true},"icon_radius_advanced":"75% 25% 43% 57% \/ 46% 29% 71% 54%","icon_size":{"unit":"px","size":28,"sizes":[]},"icon_hover_color":"#ffffff","icon_hover_background_background":"classic","icon_hover_background_color":"#85c226","icon_hover_border_color":"#85c226","title_color":"#54595f","title_typography_typography":"custom","title_typography_font_family":"Rajdhani","title_typography_font_size":{"unit":"px","size":24,"sizes":[]},"description_typography_typography":"custom","description_typography_font_family":"Lato","global_link":"yes","global_link_url":{"url":"#","is_external":"","nofollow":""},"icon_space":{"unit":"px","size":20,"sizes":[]}},"elements":[],"isInner":false,"widgetType":"bdt-advanced-icon-box","elType":"widget"},{"id":"221f5e1c","settings":{"icon":"fa fa-bar-chart-o","title_text":"Different Range","description_text":"Maecenas nec odio et ante tincidunt tempus. Donec vitae sapien ut libero venenatis faucibus.","position":"left","readmore_text":"Read More","badge_text":"POPULAR","readmore":"","icon_color":"#85c226","icon_padding":{"unit":"px","top":"18","right":"18","bottom":"18","left":"18","isLinked":true},"icon_border_border":"solid","icon_border_width":{"unit":"px","top":"1","right":"1","bottom":"1","left":"1","isLinked":true},"icon_radius_advanced":"75% 25% 43% 57% \/ 46% 29% 71% 54%","icon_size":{"unit":"px","size":28,"sizes":[]},"icon_hover_color":"#ffffff","icon_hover_background_background":"classic","icon_hover_background_color":"#85c226","icon_hover_border_color":"#85c226","title_color":"#54595f","title_typography_typography":"custom","title_typography_font_family":"Rajdhani","title_typography_font_size":{"unit":"px","size":24,"sizes":[]},"description_typography_typography":"custom","description_typography_font_family":"Lato","global_link":"yes","global_link_url":{"url":"#","is_external":"","nofollow":""},"icon_space":{"unit":"px","size":20,"sizes":[]}},"elements":[],"isInner":false,"widgetType":"bdt-advanced-icon-box","elType":"widget"}],"isInner":true,"elType":"column"},{"id":"34345192","settings":{"_column_size":50,"_inline_size":null},"elements":[{"id":"1b3a8e69","settings":{"icon":"fa fa-check","title_text":"Trustworthy","description_text":"Maecenas nec odio et ante tincidunt tempus. Donec vitae sapien ut libero venenatis faucibus.","position":"left","readmore_text":"Read More","badge_text":"POPULAR","readmore":"","icon_color":"#85c226","icon_padding":{"unit":"px","top":"18","right":"18","bottom":"18","left":"18","isLinked":true},"icon_border_border":"solid","icon_border_width":{"unit":"px","top":"1","right":"1","bottom":"1","left":"1","isLinked":true},"icon_radius_advanced":"75% 25% 43% 57% \/ 46% 29% 71% 54%","icon_size":{"unit":"px","size":28,"sizes":[]},"icon_hover_color":"#ffffff","icon_hover_background_background":"classic","icon_hover_background_color":"#85c226","icon_hover_border_color":"#85c226","title_color":"#54595f","title_typography_typography":"custom","title_typography_font_family":"Rajdhani","title_typography_font_size":{"unit":"px","size":24,"sizes":[]},"description_typography_typography":"custom","description_typography_font_family":"Lato","global_link":"yes","global_link_url":{"url":"#","is_external":"","nofollow":""},"icon_space":{"unit":"px","size":20,"sizes":[]}},"elements":[],"isInner":false,"widgetType":"bdt-advanced-icon-box","elType":"widget"},{"id":"60c199b3","settings":{"icon":"fa fa-thumbs-o-up","title_text":"Reliable and Proven","description_text":"Maecenas nec odio et ante tincidunt tempus. Donec vitae sapien ut libero venenatis faucibus.","position":"left","readmore_text":"Read More","badge_text":"POPULAR","readmore":"","icon_color":"#85c226","icon_padding":{"unit":"px","top":"18","right":"18","bottom":"18","left":"18","isLinked":true},"icon_border_border":"solid","icon_border_width":{"unit":"px","top":"1","right":"1","bottom":"1","left":"1","isLinked":true},"icon_radius_advanced":"75% 25% 43% 57% \/ 46% 29% 71% 54%","icon_size":{"unit":"px","size":28,"sizes":[]},"icon_hover_color":"#ffffff","icon_hover_background_background":"classic","icon_hover_background_color":"#85c226","icon_hover_border_color":"#85c226","title_color":"#54595f","title_typography_typography":"custom","title_typography_font_family":"Rajdhani","title_typography_font_size":{"unit":"px","size":24,"sizes":[]},"description_typography_typography":"custom","description_typography_font_family":"Lato","global_link":"yes","global_link_url":{"url":"#","is_external":"","nofollow":""},"icon_space":{"unit":"px","size":20,"sizes":[]}},"elements":[],"isInner":false,"widgetType":"bdt-advanced-icon-box","elType":"widget"},{"id":"cb7403b","settings":{"icon":"fa fa-users","title_text":"Experts and Staff","description_text":"Maecenas nec odio et ante tincidunt tempus. Donec vitae sapien ut libero venenatis faucibus.","position":"left","readmore_text":"Read More","badge_text":"POPULAR","readmore":"","icon_color":"#85c226","icon_padding":{"unit":"px","top":"18","right":"18","bottom":"18","left":"18","isLinked":true},"icon_border_border":"solid","icon_border_width":{"unit":"px","top":"1","right":"1","bottom":"1","left":"1","isLinked":true},"icon_radius_advanced":"75% 25% 43% 57% \/ 46% 29% 71% 54%","icon_size":{"unit":"px","size":28,"sizes":[]},"icon_hover_color":"#ffffff","icon_hover_background_background":"classic","icon_hover_background_color":"#85c226","icon_hover_border_color":"#85c226","title_color":"#54595f","title_typography_typography":"custom","title_typography_font_family":"Rajdhani","title_typography_font_size":{"unit":"px","size":24,"sizes":[]},"description_typography_typography":"custom","description_typography_font_family":"Lato","global_link":"yes","global_link_url":{"url":"#","is_external":"","nofollow":""},"icon_space":{"unit":"px","size":20,"sizes":[]}},"elements":[],"isInner":false,"widgetType":"bdt-advanced-icon-box","elType":"widget"}],"isInner":true,"elType":"column"}],"isInner":true,"elType":"section"}],"isInner":false,"elType":"column"}],"isInner":false,"elType":"section"}],"page_settings":{"background_color_stop":{"unit":"%","size":"0","sizes":[]},"background_color_b_stop":{"unit":"%","size":"100","sizes":[]},"background_gradient_angle":{"unit":"deg","size":"180","sizes":[]},"background_xpos":{"unit":"px","size":"0","sizes":[]},"background_xpos_tablet":{"unit":"px","size":"0","sizes":[]},"background_xpos_mobile":{"unit":"px","size":"0","sizes":[]},"background_ypos":{"unit":"px","size":"0","sizes":[]},"background_ypos_tablet":{"unit":"px","size":"0","sizes":[]},"background_ypos_mobile":{"unit":"px","size":"0","sizes":[]},"background_bg_width":{"unit":"%","size":"100","sizes":[]},"background_bg_width_tablet":{"unit":"px","size":"","sizes":[]},"background_bg_width_mobile":{"unit":"px","size":"","sizes":[]},"element_pack_toolbar_typography_font_size":{"unit":"px","size":"","sizes":[]},"element_pack_toolbar_typography_font_size_tablet":{"unit":"px","size":"","sizes":[]},"element_pack_toolbar_typography_font_size_mobile":{"unit":"px","size":"","sizes":[]},"element_pack_toolbar_typography_line_height":{"unit":"em","size":"","sizes":[]},"element_pack_toolbar_typography_line_height_tablet":{"unit":"em","size":"","sizes":[]},"element_pack_toolbar_typography_line_height_mobile":{"unit":"em","size":"","sizes":[]},"element_pack_toolbar_typography_letter_spacing":{"unit":"px","size":"","sizes":[]},"element_pack_toolbar_typography_letter_spacing_tablet":{"unit":"px","size":"","sizes":[]},"element_pack_toolbar_typography_letter_spacing_mobile":{"unit":"px","size":"","sizes":[]},"element_pack_global_tooltip_width":{"unit":"px","size":"","sizes":[]},"element_pack_global_tooltip_width_tablet":{"unit":"px","size":"","sizes":[]},"element_pack_global_tooltip_width_mobile":{"unit":"px","size":"","sizes":[]},"element_pack_global_tooltip_background_color_stop":{"unit":"%","size":"0","sizes":[]},"element_pack_global_tooltip_background_color_b_stop":{"unit":"%","size":"100","sizes":[]},"element_pack_global_tooltip_background_gradient_angle":{"unit":"deg","size":"180","sizes":[]},"element_pack_global_tooltip_background_xpos":{"unit":"px","size":"0","sizes":[]},"element_pack_global_tooltip_background_xpos_tablet":{"unit":"px","size":"0","sizes":[]},"element_pack_global_tooltip_background_xpos_mobile":{"unit":"px","size":"0","sizes":[]},"element_pack_global_tooltip_background_ypos":{"unit":"px","size":"0","sizes":[]},"element_pack_global_tooltip_background_ypos_tablet":{"unit":"px","size":"0","sizes":[]},"element_pack_global_tooltip_background_ypos_mobile":{"unit":"px","size":"0","sizes":[]},"element_pack_global_tooltip_background_bg_width":{"unit":"%","size":"100","sizes":[]},"element_pack_global_tooltip_background_bg_width_tablet":{"unit":"px","size":"","sizes":[]},"element_pack_global_tooltip_background_bg_width_mobile":{"unit":"px","size":"","sizes":[]},"element_pack_global_tooltip_typography_font_size":{"unit":"px","size":"","sizes":[]},"element_pack_global_tooltip_typography_font_size_tablet":{"unit":"px","size":"","sizes":[]},"element_pack_global_tooltip_typography_font_size_mobile":{"unit":"px","size":"","sizes":[]},"element_pack_global_tooltip_typography_line_height":{"unit":"em","size":"","sizes":[]},"element_pack_global_tooltip_typography_line_height_tablet":{"unit":"em","size":"","sizes":[]},"element_pack_global_tooltip_typography_line_height_mobile":{"unit":"em","size":"","sizes":[]},"element_pack_global_tooltip_typography_letter_spacing":{"unit":"px","size":"","sizes":[]},"element_pack_global_tooltip_typography_letter_spacing_tablet":{"unit":"px","size":"","sizes":[]},"element_pack_global_tooltip_typography_letter_spacing_mobile":{"unit":"px","size":"","sizes":[]}}}