{"version":"0.4","title":"Technology Blocks 5","type":"section","content":[{"id":"136e3de","settings":{"gap":"wider","structure":"20","padding":{"unit":"px","top":"100","right":"0","bottom":"100","left":"0","isLinked":false},"content_position":"middle","padding_tablet":{"unit":"px","top":"70","right":"30","bottom":"60","left":"30","isLinked":false},"padding_mobile":{"unit":"px","top":"40","right":"0","bottom":"50","left":"0","isLinked":false},"reverse_order_tablet":"reverse-tablet"},"elements":[{"id":"5286e6a9","settings":{"_column_size":50,"_inline_size":null,"_inline_size_tablet":100},"elements":[{"id":"22905055","settings":{"icon":"fa fa-rocket","title_text":"Optimal choice","description_text":"Maecenas nec odio et ante tincidunt tempus. Donec vitae sapien ut libero venenatis faucibus.","position":"left","readmore_text":"Read More","badge_text":"POPULAR","readmore":"","icon_color":"#ffffff","icon_padding":{"unit":"px","top":"25","right":"25","bottom":"25","left":"25","isLinked":true},"icon_border_width":{"unit":"px","top":"1","right":"1","bottom":"1","left":"1","isLinked":true},"icon_radius_advanced":"75% 25% 43% 57% \/ 46% 29% 71% 54%","icon_size":{"unit":"px","size":32,"sizes":[]},"icon_hover_color":"#01358d","icon_hover_background_background":"classic","icon_hover_background_color":"#ffffff","icon_hover_border_color":"#01358d","title_color":"#01358d","title_typography_typography":"custom","title_typography_font_family":"Montserrat","title_typography_font_size":{"unit":"px","size":24,"sizes":[]},"description_typography_typography":"custom","description_typography_font_family":"Montserrat","global_link":"yes","global_link_url":{"url":"#","is_external":"","nofollow":""},"icon_space":{"unit":"px","size":20,"sizes":[]},"icon_background_background":"classic","icon_background_color":"#01358d","icon_radius":{"unit":"px","top":"100","right":"100","bottom":"100","left":"100","isLinked":true},"description_typography_font_size":{"unit":"px","size":16,"sizes":[]},"icon_border_border":"solid","icon_border_color":"#01358d"},"elements":[],"isInner":false,"widgetType":"bdt-advanced-icon-box","elType":"widget"},{"id":"4b7eee52","settings":{"icon":"fa fa-shield","title_text":"Used worldwide","description_text":"Maecenas nec odio et ante tincidunt tempus. Donec vitae sapien ut libero venenatis faucibus.","position":"left","readmore_text":"Read More","badge_text":"POPULAR","readmore":"","icon_color":"#ffffff","icon_padding":{"unit":"px","top":"25","right":"25","bottom":"25","left":"25","isLinked":true},"icon_border_width":{"unit":"px","top":"1","right":"1","bottom":"1","left":"1","isLinked":true},"icon_radius_advanced":"75% 25% 43% 57% \/ 46% 29% 71% 54%","icon_size":{"unit":"px","size":32,"sizes":[]},"icon_hover_color":"#9deed8","icon_hover_background_background":"classic","icon_hover_background_color":"#ffffff","icon_hover_border_color":"#9deed8","title_color":"#01358d","title_typography_typography":"custom","title_typography_font_family":"Montserrat","title_typography_font_size":{"unit":"px","size":24,"sizes":[]},"description_typography_typography":"custom","description_typography_font_family":"Montserrat","global_link":"yes","global_link_url":{"url":"#","is_external":"","nofollow":""},"icon_space":{"unit":"px","size":20,"sizes":[]},"icon_background_background":"classic","icon_background_color":"#9deed8","icon_radius":{"unit":"px","top":"100","right":"100","bottom":"100","left":"100","isLinked":true},"description_typography_font_size":{"unit":"px","size":16,"sizes":[]},"icon_border_border":"solid","icon_border_color":"#9deed8"},"elements":[],"isInner":false,"widgetType":"bdt-advanced-icon-box","elType":"widget"},{"id":"279c22fd","settings":{"icon":"fa fa-bell","title_text":"Instant support","description_text":"Maecenas nec odio et ante tincidunt tempus. Donec vitae sapien ut libero venenatis faucibus.","position":"left","readmore_text":"Read More","badge_text":"POPULAR","readmore":"","icon_color":"#ffffff","icon_padding":{"unit":"px","top":"25","right":"25","bottom":"25","left":"25","isLinked":true},"icon_border_width":{"unit":"px","top":"1","right":"1","bottom":"1","left":"1","isLinked":true},"icon_radius_advanced":"75% 25% 43% 57% \/ 46% 29% 71% 54%","icon_size":{"unit":"px","size":32,"sizes":[]},"icon_hover_color":"#fb828b","icon_hover_background_background":"classic","icon_hover_background_color":"#ffffff","icon_hover_border_color":"#fb828b","title_color":"#01358d","title_typography_typography":"custom","title_typography_font_family":"Montserrat","title_typography_font_size":{"unit":"px","size":24,"sizes":[]},"description_typography_typography":"custom","description_typography_font_family":"Montserrat","global_link":"yes","global_link_url":{"url":"#","is_external":"","nofollow":""},"icon_space":{"unit":"px","size":20,"sizes":[]},"icon_background_background":"classic","icon_background_color":"#fb828b","icon_radius":{"unit":"px","top":"100","right":"100","bottom":"100","left":"100","isLinked":true},"description_typography_font_size":{"unit":"px","size":16,"sizes":[]},"icon_border_border":"solid","icon_border_color":"#fb828b"},"elements":[],"isInner":false,"widgetType":"bdt-advanced-icon-box","elType":"widget"}],"isInner":false,"elType":"column"},{"id":"746393bb","settings":{"_column_size":50,"_inline_size":null,"_inline_size_tablet":100},"elements":[{"id":"479dd5fe","settings":{"image":{"url":"https:\/\/bdthemes.net\/demo\/ready-pages\/ready-blocks\/wp-content\/uploads\/2019\/05\/vartual.jpg","id":51143},"link_to":"custom","link":{"url":"#","is_external":"","nofollow":""}},"elements":[],"isInner":false,"widgetType":"image","elType":"widget"}],"isInner":false,"elType":"column"}],"isInner":false,"elType":"section"}],"page_settings":{"background_color_stop":{"unit":"%","size":"0","sizes":[]},"background_color_b_stop":{"unit":"%","size":"100","sizes":[]},"background_gradient_angle":{"unit":"deg","size":"180","sizes":[]},"background_xpos":{"unit":"px","size":"0","sizes":[]},"background_xpos_tablet":{"unit":"px","size":"0","sizes":[]},"background_xpos_mobile":{"unit":"px","size":"0","sizes":[]},"background_ypos":{"unit":"px","size":"0","sizes":[]},"background_ypos_tablet":{"unit":"px","size":"0","sizes":[]},"background_ypos_mobile":{"unit":"px","size":"0","sizes":[]},"background_bg_width":{"unit":"%","size":"100","sizes":[]},"background_bg_width_tablet":{"unit":"px","size":"","sizes":[]},"background_bg_width_mobile":{"unit":"px","size":"","sizes":[]},"element_pack_toolbar_typography_font_size":{"unit":"px","size":"","sizes":[]},"element_pack_toolbar_typography_font_size_tablet":{"unit":"px","size":"","sizes":[]},"element_pack_toolbar_typography_font_size_mobile":{"unit":"px","size":"","sizes":[]},"element_pack_toolbar_typography_line_height":{"unit":"em","size":"","sizes":[]},"element_pack_toolbar_typography_line_height_tablet":{"unit":"em","size":"","sizes":[]},"element_pack_toolbar_typography_line_height_mobile":{"unit":"em","size":"","sizes":[]},"element_pack_toolbar_typography_letter_spacing":{"unit":"px","size":"","sizes":[]},"element_pack_toolbar_typography_letter_spacing_tablet":{"unit":"px","size":"","sizes":[]},"element_pack_toolbar_typography_letter_spacing_mobile":{"unit":"px","size":"","sizes":[]},"element_pack_global_tooltip_width":{"unit":"px","size":"","sizes":[]},"element_pack_global_tooltip_width_tablet":{"unit":"px","size":"","sizes":[]},"element_pack_global_tooltip_width_mobile":{"unit":"px","size":"","sizes":[]},"element_pack_global_tooltip_background_color_stop":{"unit":"%","size":"0","sizes":[]},"element_pack_global_tooltip_background_color_b_stop":{"unit":"%","size":"100","sizes":[]},"element_pack_global_tooltip_background_gradient_angle":{"unit":"deg","size":"180","sizes":[]},"element_pack_global_tooltip_background_xpos":{"unit":"px","size":"0","sizes":[]},"element_pack_global_tooltip_background_xpos_tablet":{"unit":"px","size":"0","sizes":[]},"element_pack_global_tooltip_background_xpos_mobile":{"unit":"px","size":"0","sizes":[]},"element_pack_global_tooltip_background_ypos":{"unit":"px","size":"0","sizes":[]},"element_pack_global_tooltip_background_ypos_tablet":{"unit":"px","size":"0","sizes":[]},"element_pack_global_tooltip_background_ypos_mobile":{"unit":"px","size":"0","sizes":[]},"element_pack_global_tooltip_background_bg_width":{"unit":"%","size":"100","sizes":[]},"element_pack_global_tooltip_background_bg_width_tablet":{"unit":"px","size":"","sizes":[]},"element_pack_global_tooltip_background_bg_width_mobile":{"unit":"px","size":"","sizes":[]},"element_pack_global_tooltip_typography_font_size":{"unit":"px","size":"","sizes":[]},"element_pack_global_tooltip_typography_font_size_tablet":{"unit":"px","size":"","sizes":[]},"element_pack_global_tooltip_typography_font_size_mobile":{"unit":"px","size":"","sizes":[]},"element_pack_global_tooltip_typography_line_height":{"unit":"em","size":"","sizes":[]},"element_pack_global_tooltip_typography_line_height_tablet":{"unit":"em","size":"","sizes":[]},"element_pack_global_tooltip_typography_line_height_mobile":{"unit":"em","size":"","sizes":[]},"element_pack_global_tooltip_typography_letter_spacing":{"unit":"px","size":"","sizes":[]},"element_pack_global_tooltip_typography_letter_spacing_tablet":{"unit":"px","size":"","sizes":[]},"element_pack_global_tooltip_typography_letter_spacing_mobile":{"unit":"px","size":"","sizes":[]}}}