{"version":"0.4","title":"Footer Demo Set 5-4","type":"section","content":[{"id":"10e592d1","settings":{"content_width":{"unit":"px","size":900},"structure":"30","background_background":"classic","background_color":"#666666","background_image":{"id":47727,"url":"http:\/\/192.168.1.100\/business-ready-pages\/wp-content\/uploads\/2019\/04\/bg-7-1.jpg"},"padding":{"unit":"px","top":"80","right":"0","bottom":"80","left":"0","isLinked":false}},"elements":[{"id":"40ef9bbe","settings":{"_column_size":33,"_inline_size":null,"_inline_size_mobile":100},"elements":[{"id":"14f83863","settings":{"title":"Contact Us ","align":"center","typography_typography":"custom","typography_font_size":{"unit":"px","size":28},"typography_font_weight":"500","_margin":{"unit":"px","top":"0","right":"0","bottom":"0","left":"0","isLinked":false},"title_color":"#ffffff"},"elements":[],"isInner":false,"widgetType":"heading","elType":"widget"},{"id":"5aba9ab1","settings":{"editor":"<p>+880 1618 542596<br \/> +880 1718 542596<\/p>","text_color":"rgba(255,255,255,0.6)","align":"center"},"elements":[],"isInner":false,"widgetType":"text-editor","elType":"widget"}],"isInner":false,"elType":"column"},{"id":"69fbe8f","settings":{"_column_size":33,"_inline_size":null,"_inline_size_mobile":100},"elements":[{"id":"2bc8f863","settings":{"title":"Our Address","align":"center","typography_typography":"custom","typography_font_size":{"unit":"px","size":28},"typography_font_weight":"500","_margin":{"unit":"px","top":"0","right":"0","bottom":"0","left":"0","isLinked":false},"title_color":"#ffffff"},"elements":[],"isInner":false,"widgetType":"heading","elType":"widget"},{"id":"7619374f","settings":{"editor":"<p>Middle Latifpur, Bogra<br \/> Bangladesh<\/p>","text_color":"rgba(255,255,255,0.6)","align":"center"},"elements":[],"isInner":false,"widgetType":"text-editor","elType":"widget"}],"isInner":false,"elType":"column"},{"id":"1a06e497","settings":{"_column_size":33,"_inline_size":null,"_inline_size_mobile":100},"elements":[{"id":"491fb4a0","settings":{"title":"Follow Us Now","align":"center","typography_typography":"custom","typography_font_size":{"unit":"px","size":28},"typography_font_weight":"500","_margin":{"unit":"px","top":"0","right":"0","bottom":"0","left":"0","isLinked":true},"title_color":"#ffffff"},"elements":[],"isInner":false,"widgetType":"heading","elType":"widget"},{"id":"7f96e55f","settings":{"social_icon_list":[{"social":"fa fa-facebook","_id":"9ec497c","link":{"url":"","is_external":"true","nofollow":""},"social_icon":{"value":"fab fa-wordpress","library":"fa-brands"},"item_icon_color":"default","item_icon_primary_color":"","item_icon_secondary_color":""},{"social":"fa fa-twitter","_id":"0564e3c","link":{"url":"","is_external":"true","nofollow":""},"social_icon":{"value":"fab fa-wordpress","library":"fa-brands"},"item_icon_color":"default","item_icon_primary_color":"","item_icon_secondary_color":""},{"social":"fa fa-youtube","link":{"url":"","is_external":"true","nofollow":""},"_id":"5703bf8","social_icon":{"value":"fab fa-wordpress","library":"fa-brands"},"item_icon_color":"default","item_icon_primary_color":"","item_icon_secondary_color":""}],"shape":"square","icon_size":{"unit":"px","size":18},"icon_spacing":{"unit":"px","size":10}},"elements":[],"isInner":false,"widgetType":"social-icons","elType":"widget"}],"isInner":false,"elType":"column"}],"isInner":false,"elType":"section"}]}