{"version":"0.4","title":"Footer Demo Set 5-3","type":"section","content":[{"id":"159c03f9","settings":{"structure":"40","padding":{"unit":"px","top":"100","right":"0","bottom":"100","left":"0","isLinked":false},"padding_tablet":{"unit":"px","top":"80","right":"0","bottom":"80","left":"0","isLinked":false},"padding_mobile":{"unit":"px","top":"50","right":"0","bottom":"50","left":"0","isLinked":false},"content_position":"middle","background_background":"classic","background_color":"#222222","background_color_stop":{"unit":"%","size":15},"background_color_b":"#151515","background_color_b_stop":{"unit":"%","size":15},"background_gradient_angle":{"unit":"deg","size":90},"content_width":{"unit":"px","size":1600,"sizes":[]}},"elements":[{"id":"70ad8a6","settings":{"_column_size":25,"_inline_size":null,"background_hover_background":"classic","border_radius_hover":{"unit":"px","top":"10","right":"10","bottom":"10","left":"10","isLinked":true},"box_shadow_hover_box_shadow":{"horizontal":0,"vertical":20,"blur":40,"spread":6,"color":"rgba(140,140,140,0.09)"},"padding":{"unit":"px","top":"30","right":"0","bottom":"20","left":"0","isLinked":false},"_inline_size_tablet":50,"padding_tablet":{"unit":"px","top":"0","right":"0","bottom":"0","left":"50","isLinked":false},"padding_mobile":{"unit":"px","top":"0","right":"0","bottom":"50","left":"50","isLinked":false},"_inline_size_mobile":100},"elements":[{"id":"28f93eda","settings":{"image":{"id":47946,"url":"http:\/\/192.168.1.100\/business-ready-pages\/wp-content\/uploads\/2019\/04\/logo-4.png"},"align":"left","link_to":"custom","link":{"url":"#","is_external":"","nofollow":""},"width":{"unit":"%","size":30},"width_mobile":{"unit":"%","size":14}},"elements":[],"isInner":false,"widgetType":"image","elType":"widget"},{"id":"42325202","settings":{"social_icon_list":[{"social":"fa fa-facebook","_id":"a72e193","link":{"url":"","is_external":"true","nofollow":""},"social_icon":{"value":"fab fa-wordpress","library":"fa-brands"},"item_icon_color":"default","item_icon_primary_color":"","item_icon_secondary_color":""},{"social":"fa fa-twitter","_id":"3c6d80c","link":{"url":"","is_external":"true","nofollow":""},"social_icon":{"value":"fab fa-wordpress","library":"fa-brands"},"item_icon_color":"default","item_icon_primary_color":"","item_icon_secondary_color":""},{"social":"fa fa-google-plus","_id":"09398e2","link":{"url":"","is_external":"true","nofollow":""},"social_icon":{"value":"fab fa-wordpress","library":"fa-brands"},"item_icon_color":"default","item_icon_primary_color":"","item_icon_secondary_color":""},{"social":"fa fa-youtube","_id":"70e4837","link":{"url":"","is_external":"true","nofollow":""},"social_icon":{"value":"fab fa-wordpress","library":"fa-brands"},"item_icon_color":"default","item_icon_primary_color":"","item_icon_secondary_color":""}],"shape":"circle","align":"left","icon_color":"custom","icon_primary_color":"rgba(97,206,112,0)","icon_secondary_color":"#afafaf","icon_size":{"unit":"px","size":16},"icon_spacing":{"unit":"px","size":12},"icon_size_mobile":{"unit":"px","size":12}},"elements":[],"isInner":false,"widgetType":"social-icons","elType":"widget"},{"id":"61da5fe5","settings":{"editor":"Copyright 2018 <span style=\"color: #FEC400;\">Masonry<\/span>. All Rights Reserved.","typography_typography":"custom","typography_font_family":"Comfortaa","typography_font_size":{"unit":"px","size":14},"typography_font_size_mobile":{"unit":"px","size":12}},"elements":[],"isInner":false,"widgetType":"text-editor","elType":"widget"}],"isInner":true,"elType":"column"},{"id":"2eea3ae3","settings":{"_column_size":25,"_inline_size":null,"background_hover_background":"classic","border_radius_hover":{"unit":"px","top":"10","right":"10","bottom":"10","left":"10","isLinked":true},"box_shadow_hover_box_shadow":{"horizontal":0,"vertical":20,"blur":40,"spread":6,"color":"rgba(140,140,140,0.09)"},"padding":{"unit":"px","top":"30","right":"0","bottom":"20","left":"30","isLinked":false},"_inline_size_tablet":50,"background_background":"classic","background_color":"#3B3B3B","padding_mobile":{"unit":"px","top":"50","right":"0","bottom":"50","left":"50","isLinked":false},"_inline_size_mobile":100},"elements":[{"id":"54d90617","settings":{"title":"About Us","header_size":"h3","align":"left","typography_typography":"custom","typography_letter_spacing":{"unit":"px","size":2},"title_color":"#54595f","typography_font_size":{"unit":"px","size":16},"typography_font_weight":"500"},"elements":[],"isInner":false,"widgetType":"heading","elType":"widget"},{"id":"6d20537e","settings":{"icon_list":[{"text":"Company","icon":"","_id":"096e482","link":{"url":"#","is_external":"","nofollow":""},"selected_icon":{"value":"fas fa-check","library":"fa-solid"}},{"text":"Jobs","icon":"","_id":"cd53c86","link":{"url":"#","is_external":"","nofollow":""},"selected_icon":{"value":"fas fa-check","library":"fa-solid"}},{"text":"Press","icon":"","_id":"5247f72","link":{"url":"#","is_external":"","nofollow":""},"selected_icon":{"value":"fas fa-check","library":"fa-solid"}},{"text":"Blog","icon":"","_id":"97e5589","link":{"url":"#","is_external":"","nofollow":""},"selected_icon":{"value":"fas fa-check","library":"fa-solid"}}],"text_color":"#9e9e9e","space_between":{"unit":"px","size":10},"icon_typography_typography":"custom","icon_typography_font_family":"Comfortaa","icon_typography_font_size":{"unit":"px","size":14}},"elements":[],"isInner":false,"widgetType":"icon-list","elType":"widget"}],"isInner":true,"elType":"column"},{"id":"35d1484f","settings":{"_column_size":25,"_inline_size":null,"background_hover_background":"classic","border_radius_hover":{"unit":"px","top":"10","right":"10","bottom":"10","left":"10","isLinked":true},"box_shadow_hover_box_shadow":{"horizontal":0,"vertical":20,"blur":40,"spread":6,"color":"rgba(140,140,140,0.09)"},"padding":{"unit":"px","top":"30","right":"0","bottom":"20","left":"30","isLinked":false},"_inline_size_tablet":50,"background_background":"classic","margin_tablet":{"unit":"px","top":"50","right":"0","bottom":"0","left":"0","isLinked":false},"padding_tablet":{"unit":"px","top":"0","right":"0","bottom":"0","left":"50","isLinked":false},"padding_mobile":{"unit":"px","top":"10","right":"0","bottom":"0","left":"50","isLinked":false},"_inline_size_mobile":100},"elements":[{"id":"45296833","settings":{"title":"Workflows ","header_size":"h3","align":"left","typography_typography":"custom","typography_letter_spacing":{"unit":"px","size":2},"title_color":"#54595f","typography_font_size":{"unit":"px","size":16},"typography_font_weight":"500"},"elements":[],"isInner":false,"widgetType":"heading","elType":"widget"},{"id":"74bec775","settings":{"icon_list":[{"text":"Management","icon":"","_id":"096e482","link":{"url":"#","is_external":"","nofollow":""},"selected_icon":{"value":"fas fa-check","library":"fa-solid"}},{"text":"Reporting ","icon":"","_id":"cd53c86","link":{"url":"#","is_external":"","nofollow":""},"selected_icon":{"value":"fas fa-check","library":"fa-solid"}},{"text":"Tracing","icon":"","_id":"5247f72","link":{"url":"#","is_external":"","nofollow":""},"selected_icon":{"value":"fas fa-check","library":"fa-solid"}},{"text":"All Users","icon":"","_id":"97e5589","link":{"url":"#","is_external":"","nofollow":""},"selected_icon":{"value":"fas fa-check","library":"fa-solid"}}],"text_color":"#9e9e9e","space_between":{"unit":"px","size":10},"icon_typography_typography":"custom","icon_typography_font_family":"Comfortaa","icon_typography_font_size":{"unit":"px","size":14}},"elements":[],"isInner":false,"widgetType":"icon-list","elType":"widget"}],"isInner":true,"elType":"column"},{"id":"16a62557","settings":{"_column_size":25,"_inline_size":null,"background_hover_background":"classic","border_radius_hover":{"unit":"px","top":"10","right":"10","bottom":"10","left":"10","isLinked":true},"box_shadow_hover_box_shadow":{"horizontal":0,"vertical":20,"blur":40,"spread":6,"color":"rgba(140,140,140,0.09)"},"padding":{"unit":"px","top":"30","right":"0","bottom":"20","left":"30","isLinked":false},"_inline_size_tablet":50,"background_background":"classic","margin_tablet":{"unit":"px","top":"50","right":"0","bottom":"0","left":"0","isLinked":false},"padding_tablet":{"unit":"px","top":"0","right":"0","bottom":"0","left":"0","isLinked":false},"padding_mobile":{"unit":"px","top":"0","right":"0","bottom":"0","left":"50","isLinked":false},"_inline_size_mobile":100},"elements":[{"id":"4063a006","settings":{"title":"Resources","header_size":"h3","align":"left","typography_typography":"custom","typography_letter_spacing":{"unit":"px","size":2},"title_color":"#54595f","typography_font_size":{"unit":"px","size":16},"typography_font_weight":"500"},"elements":[],"isInner":false,"widgetType":"heading","elType":"widget"},{"id":"2d71168a","settings":{"icon_list":[{"text":"Masonry Guide","icon":"","_id":"096e482","link":{"url":"#","is_external":"","nofollow":""},"selected_icon":{"value":"fas fa-check","library":"fa-solid"}},{"text":"support","icon":"","_id":"cd53c86","link":{"url":"#","is_external":"","nofollow":""},"selected_icon":{"value":"fas fa-check","library":"fa-solid"}},{"text":"Integrations","icon":"","_id":"5247f72","link":{"url":"#","is_external":"","nofollow":""},"selected_icon":{"value":"fas fa-check","library":"fa-solid"}},{"text":"Community","icon":"","_id":"97e5589","link":{"url":"#","is_external":"","nofollow":""},"selected_icon":{"value":"fas fa-check","library":"fa-solid"}}],"text_color":"#9e9e9e","space_between":{"unit":"px","size":10},"icon_typography_typography":"custom","icon_typography_font_family":"Comfortaa","icon_typography_font_size":{"unit":"px","size":14}},"elements":[],"isInner":false,"widgetType":"icon-list","elType":"widget"}],"isInner":true,"elType":"column"}],"isInner":true,"elType":"section"}]}