{"version":"0.4","title":"Footer Demo Set 5-2","type":"section","content":[{"id":"100a2e5e","settings":{"structure":"20","gap":"wider","background_background":"classic","background_color":"#000000","padding":{"unit":"px","top":"100","right":"0","bottom":"100","left":"0","isLinked":false},"_title":"footer","padding_tablet":{"unit":"px","top":"80","right":"30","bottom":"80","left":"30","isLinked":false},"padding_mobile":{"unit":"px","top":"50","right":"0","bottom":"50","left":"0","isLinked":false}},"elements":[{"id":"57dfba9e","settings":{"_column_size":50,"_inline_size":null,"_inline_size_tablet":50},"elements":[{"id":"3f46ac84","settings":{"image":{"id":48428,"url":"https:\/\/bdthemes.net\/demo\/ready-pages\/ready-blocks\/wp-content\/uploads\/2019\/04\/logo2-3.png"},"align":"left","width":{"unit":"%","size":25},"width_tablet":{"unit":"%","size":62}},"elements":[],"isInner":false,"widgetType":"image","elType":"widget"},{"id":"2a27fdad","settings":{"editor":"Phasellus congue ac orci et aliquet. Integer convallis eros sapien, dignissim pretium neque fermentum vel. Nulla lobortis tristique urna, sit amet blandit leo luctus vel. Donec tellus mi, fringilla quis lacus ac, blandit efficitur velit. ","text_color":"rgba(255,255,255,0.83)","typography_typography":"custom","typography_font_family":"Hind Madurai"},"elements":[],"isInner":false,"widgetType":"text-editor","elType":"widget"},{"id":"67959cc8","settings":{"social_icon_list":[{"social":"fa fa-facebook","_id":"121af20","link":{"url":"","is_external":"true","nofollow":""},"social_icon":{"value":"fab fa-wordpress","library":"fa-brands"},"item_icon_color":"default","item_icon_primary_color":"","item_icon_secondary_color":""},{"social":"fa fa-twitter","_id":"1d13eb8","link":{"url":"","is_external":"true","nofollow":""},"social_icon":{"value":"fab fa-wordpress","library":"fa-brands"},"item_icon_color":"default","item_icon_primary_color":"","item_icon_secondary_color":""},{"social":"fa fa-google-plus","_id":"1be14a2","link":{"url":"","is_external":"true","nofollow":""},"social_icon":{"value":"fab fa-wordpress","library":"fa-brands"},"item_icon_color":"default","item_icon_primary_color":"","item_icon_secondary_color":""},{"social":"fa fa-youtube","link":{"url":"","is_external":"true","nofollow":""},"_id":"65b0325","social_icon":{"value":"fab fa-wordpress","library":"fa-brands"},"item_icon_color":"default","item_icon_primary_color":"","item_icon_secondary_color":""}],"shape":"circle","align":"left","icon_color":"custom","icon_primary_color":"rgba(255,255,255,0)","icon_size":{"unit":"px","size":18},"icon_secondary_color":"rgba(255,255,255,0.76)"},"elements":[],"isInner":false,"widgetType":"social-icons","elType":"widget"},{"id":"22be5eef","settings":{"editor":"2019 \u00a9 Bdthemes Ltd. All Rights Reserved.","text_color":"rgba(255,255,255,0.66)","typography_typography":"custom","typography_font_family":"Hind Madurai"},"elements":[],"isInner":false,"widgetType":"text-editor","elType":"widget"}],"isInner":false,"elType":"column"},{"id":"20794ef5","settings":{"_column_size":50,"_inline_size":null,"_inline_size_tablet":50},"elements":[{"id":"7f473d20","settings":{"editor":"FROM OUR CLIENTS","text_color":"#ffffff"},"elements":[],"isInner":false,"widgetType":"text-editor","elType":"widget"},{"id":"4a110349","settings":{"thumb":"","quatation_color":"#707070","text_color":"rgba(255,255,255,0.76)","text_typography_typography":"custom","text_typography_font_size":{"unit":"px","size":16},"text_limit":100,"rating":"","arrows_position":"top-right","quatation_typography_typography":"custom","text_typography_font_family":"Hind Madurai","title_color":"rgba(255,255,255,0.82)","address_color":"rgba(255,255,255,0.67)","arrows_size":{"unit":"px","size":25},"arrows_color":"#ffac04","arrows_ncy_position":{"unit":"px","size":-50},"testimonial_background":"rgba(0,0,0,0)"},"elements":[],"isInner":false,"widgetType":"bdt-testimonial-slider","elType":"widget"}],"isInner":false,"elType":"column"}],"isInner":false,"elType":"section"}]}