{"version":"0.4","title":"Footer Demo Set 5-1","type":"section","content":[{"id":"44f8ca03","settings":{"structure":"30","background_background":"classic","background_image":{"id":47863,"url":"http:\/\/192.168.1.100\/business-ready-pages\/wp-content\/uploads\/2019\/04\/footer-bg-3.jpg"},"background_position":"center center","background_repeat":"no-repeat","background_size":"cover","padding":{"unit":"px","top":"150","right":"0","bottom":"350","left":"0","isLinked":false},"_title":"Footer","padding_tablet":{"unit":"px","top":"80","right":"0","bottom":"100","left":"0","isLinked":false},"padding_mobile":{"unit":"px","top":"50","right":"0","bottom":"50","left":"0","isLinked":false}},"elements":[{"id":"5a9d984a","settings":{"_column_size":33,"_inline_size":29.59700000000000130739863379858434200286865234375,"_inline_size_tablet":100,"_inline_size_mobile":100},"elements":[{"id":"367826c","settings":{"image":{"id":47845,"url":"http:\/\/192.168.1.100\/business-ready-pages\/wp-content\/uploads\/2019\/04\/logo-1-3.png"}},"elements":[],"isInner":false,"widgetType":"image","elType":"widget"}],"isInner":false,"elType":"column"},{"id":"189a4917","settings":{"_column_size":33,"_inline_size":40.8059999999999973852027324028313159942626953125,"_inline_size_tablet":100,"_inline_size_mobile":100},"elements":[{"id":"58b47bc0","settings":{"navs":[{"nav_title":"OVERVIEW","nav_link":{"url":"#","is_external":"","nofollow":""},"_id":"13d4230","nav_icon":""},{"nav_title":"TEAM","nav_link":{"url":"#","is_external":"","nofollow":""},"_id":"8fabff3","nav_icon":""},{"nav_title":"BLOG","nav_link":{"url":"#","is_external":"","nofollow":""},"_id":"3ec8974","nav_icon":""},{"nav_title":"CUSTOMER","nav_link":{"url":"#","is_external":"","nofollow":""},"_id":"0a68397","nav_icon":""},{"nav_title":"PLATFORM","nav_link":{"url":"#","is_external":"","nofollow":""},"_id":"cfa427f","nav_icon":""}],"alignment":"center","nav_color":"#7a7a7a","nav_typography_typography":"custom","nav_typography_font_family":"Fira Sans","nav_typography_font_size":{"unit":"px","size":18},"_margin":{"unit":"px","top":"-18","right":"0","bottom":"0","left":"0","isLinked":false},"nav_typography_font_size_tablet":{"unit":"px","size":12},"nav_spacing_mobile":{"unit":"px","top":"0","right":"0","bottom":"0","left":"0","isLinked":false},"nav_padding_mobile":{"unit":"px","top":"0","right":"8","bottom":"0","left":"8","isLinked":false}},"elements":[],"isInner":false,"widgetType":"bdt-scrollnav","elType":"widget"},{"id":"6c5cb1f1","settings":{"editor":"Copyright 2019-2022 Corporate Theme by BDThemes.","align":"center","typography_typography":"custom","typography_font_family":"Merriweather","typography_font_size":{"unit":"px","size":15},"typography_font_weight":"500"},"elements":[],"isInner":false,"widgetType":"text-editor","elType":"widget"}],"isInner":false,"elType":"column"},{"id":"150a72fe","settings":{"_column_size":33,"_inline_size":29.596000000000000085265128291212022304534912109375,"_inline_size_tablet":100,"_inline_size_mobile":100},"elements":[{"id":"4a03c2d6","settings":{"social_icon_list":[{"social":"fa fa-facebook","_id":"bb4d355","link":{"url":"","is_external":"true","nofollow":""},"social_icon":{"value":"fab fa-wordpress","library":"fa-brands"},"item_icon_color":"default","item_icon_primary_color":"","item_icon_secondary_color":""},{"social":"fa fa-twitter","_id":"f493a23","link":{"url":"","is_external":"true","nofollow":""},"social_icon":{"value":"fab fa-wordpress","library":"fa-brands"},"item_icon_color":"default","item_icon_primary_color":"","item_icon_secondary_color":""},{"social":"fa fa-google-plus","_id":"0bde108","link":{"url":"","is_external":"true","nofollow":""},"social_icon":{"value":"fab fa-wordpress","library":"fa-brands"},"item_icon_color":"default","item_icon_primary_color":"","item_icon_secondary_color":""}],"shape":"circle","icon_color":"custom","icon_primary_color":"#ffffff","icon_secondary_color":"#7a7a7a","icon_size":{"unit":"px","size":18},"icon_padding":{"unit":"em","size":0.90000000000000002220446049250313080847263336181640625},"icon_spacing":{"unit":"px","size":18},"image_border_border":"solid","image_border_width":{"unit":"px","top":"1","right":"1","bottom":"1","left":"1","isLinked":true},"image_border_color":"rgba(201,201,201,0.61)","hover_primary_color":"rgba(236,80,21,0)","hover_secondary_color":"#ec5015"},"elements":[],"isInner":false,"widgetType":"social-icons","elType":"widget"}],"isInner":false,"elType":"column"}],"isInner":false,"elType":"section"}],"page_settings":{"background_color_stop":{"unit":"%","size":"0","sizes":[]},"background_color_b_stop":{"unit":"%","size":"100","sizes":[]},"background_gradient_angle":{"unit":"deg","size":"180","sizes":[]},"background_xpos":{"unit":"px","size":"0","sizes":[]},"background_xpos_tablet":{"unit":"px","size":"0","sizes":[]},"background_xpos_mobile":{"unit":"px","size":"0","sizes":[]},"background_ypos":{"unit":"px","size":"0","sizes":[]},"background_ypos_tablet":{"unit":"px","size":"0","sizes":[]},"background_ypos_mobile":{"unit":"px","size":"0","sizes":[]},"background_bg_width":{"unit":"%","size":"100","sizes":[]},"background_bg_width_tablet":{"unit":"px","size":"","sizes":[]},"background_bg_width_mobile":{"unit":"px","size":"","sizes":[]},"element_pack_toolbar_typography_font_size":{"unit":"px","size":"","sizes":[]},"element_pack_toolbar_typography_font_size_tablet":{"unit":"px","size":"","sizes":[]},"element_pack_toolbar_typography_font_size_mobile":{"unit":"px","size":"","sizes":[]},"element_pack_toolbar_typography_line_height":{"unit":"em","size":"","sizes":[]},"element_pack_toolbar_typography_line_height_tablet":{"unit":"em","size":"","sizes":[]},"element_pack_toolbar_typography_line_height_mobile":{"unit":"em","size":"","sizes":[]},"element_pack_toolbar_typography_letter_spacing":{"unit":"px","size":"","sizes":[]},"element_pack_toolbar_typography_letter_spacing_tablet":{"unit":"px","size":"","sizes":[]},"element_pack_toolbar_typography_letter_spacing_mobile":{"unit":"px","size":"","sizes":[]},"element_pack_global_tooltip_width":{"unit":"px","size":"","sizes":[]},"element_pack_global_tooltip_width_tablet":{"unit":"px","size":"","sizes":[]},"element_pack_global_tooltip_width_mobile":{"unit":"px","size":"","sizes":[]},"element_pack_global_tooltip_background_color_stop":{"unit":"%","size":"0","sizes":[]},"element_pack_global_tooltip_background_color_b_stop":{"unit":"%","size":"100","sizes":[]},"element_pack_global_tooltip_background_gradient_angle":{"unit":"deg","size":"180","sizes":[]},"element_pack_global_tooltip_background_xpos":{"unit":"px","size":"0","sizes":[]},"element_pack_global_tooltip_background_xpos_tablet":{"unit":"px","size":"0","sizes":[]},"element_pack_global_tooltip_background_xpos_mobile":{"unit":"px","size":"0","sizes":[]},"element_pack_global_tooltip_background_ypos":{"unit":"px","size":"0","sizes":[]},"element_pack_global_tooltip_background_ypos_tablet":{"unit":"px","size":"0","sizes":[]},"element_pack_global_tooltip_background_ypos_mobile":{"unit":"px","size":"0","sizes":[]},"element_pack_global_tooltip_background_bg_width":{"unit":"%","size":"100","sizes":[]},"element_pack_global_tooltip_background_bg_width_tablet":{"unit":"px","size":"","sizes":[]},"element_pack_global_tooltip_background_bg_width_mobile":{"unit":"px","size":"","sizes":[]},"element_pack_global_tooltip_typography_font_size":{"unit":"px","size":"","sizes":[]},"element_pack_global_tooltip_typography_font_size_tablet":{"unit":"px","size":"","sizes":[]},"element_pack_global_tooltip_typography_font_size_mobile":{"unit":"px","size":"","sizes":[]},"element_pack_global_tooltip_typography_line_height":{"unit":"em","size":"","sizes":[]},"element_pack_global_tooltip_typography_line_height_tablet":{"unit":"em","size":"","sizes":[]},"element_pack_global_tooltip_typography_line_height_mobile":{"unit":"em","size":"","sizes":[]},"element_pack_global_tooltip_typography_letter_spacing":{"unit":"px","size":"","sizes":[]},"element_pack_global_tooltip_typography_letter_spacing_tablet":{"unit":"px","size":"","sizes":[]},"element_pack_global_tooltip_typography_letter_spacing_mobile":{"unit":"px","size":"","sizes":[]}}}