{"version":"0.4","title":"Footer Demo Set 9-4","type":"section","content":[{"id":"571f4343","settings":{"layout":"full_width","structure":"22"},"elements":[{"id":"655e8a47","settings":{"_column_size":66,"_inline_size":null,"_inline_size_tablet":100,"_inline_size_mobile":100,"padding":{"unit":"px","top":"0","right":"0","bottom":"0","left":"0","isLinked":true},"content_position":"center","background_background":"classic","background_image":{"url":"https:\/\/bdthemes.net\/demo\/ready-pages\/ready-blocks\/wp-content\/uploads\/2019\/04\/testimonials-bg.png","id":48610},"background_position":"center center","background_size":"cover","background_overlay_background":"gradient","background_overlay_color":"#000000","background_overlay_color_stop":{"unit":"%","size":77,"sizes":[]},"background_overlay_color_b":"#ffffff","background_overlay_color_b_stop":{"unit":"%","size":60,"sizes":[]},"background_overlay_gradient_angle":{"unit":"deg","size":124,"sizes":[]}},"elements":[{"id":"58c4c43f","settings":{"content_width":{"unit":"px","size":900,"sizes":[]},"gap":"wide","structure":"30"},"elements":[{"id":"2da9aca4","settings":{"_column_size":33,"_inline_size":null,"margin_mobile":{"unit":"px","top":"30","right":"15","bottom":"0","left":"15","isLinked":false}},"elements":[{"id":"69757d76","settings":{"title":"About Us","align":"left","title_color":"#ffffff","typography_typography":"custom","typography_font_family":"Merienda","typography_font_size_mobile":{"unit":"px","size":24},"_margin_mobile":{"unit":"px","top":"0","right":"0","bottom":"0","left":"0","isLinked":false},"header_size":"h4","link":{"url":"#","is_external":"","nofollow":""},"_margin":{"unit":"px","top":"0","right":"0","bottom":"0","left":"0","isLinked":false}},"elements":[],"isInner":false,"widgetType":"heading","elType":"widget"},{"id":"f7ea8d8","settings":{"editor":"<p>One morning, when Gregor Samsa woke from troubled dreams, he found himself transformed in his bed into a horrible vermin. He lay on his armour-like back\u00a0and if he lifted his head a little.\u00a0<\/p>","align":"left","typography_typography":"custom","text_color":"#ffffff"},"elements":[],"isInner":false,"widgetType":"text-editor","elType":"widget"}],"isInner":true,"elType":"column"},{"id":"472844eb","settings":{"_column_size":33,"_inline_size":null,"_inline_size_mobile":100,"margin_mobile":{"unit":"px","top":"0","right":"15","bottom":"0","left":"15","isLinked":false}},"elements":[{"id":"5d526348","settings":{"title":"Contact Info","align":"left","title_color":"#ffffff","typography_typography":"custom","typography_font_family":"Merienda","typography_font_size_mobile":{"unit":"px","size":24},"_margin_mobile":{"unit":"px","top":"0","right":"0","bottom":"0","left":"0","isLinked":false},"header_size":"h4","_margin":{"unit":"px","top":"0","right":"0","bottom":"0","left":"0","isLinked":false},"link":{"url":"#","is_external":"","nofollow":""}},"elements":[],"isInner":false,"widgetType":"heading","elType":"widget"},{"id":"1187a242","settings":{"icon_list":[{"text":"Info@example.Com","icon":"fa fa-envelope-o","_id":"078c7ca","link":{"url":"#","is_external":"","nofollow":""},"selected_icon":{"value":"fas fa-check","library":"fa-solid"}},{"text":"(+96) 111 22 Mon - fri 9am -5pm","icon":"fa fa-phone","_id":"be9b3eb","link":{"url":"#","is_external":"","nofollow":""},"selected_icon":{"value":"fas fa-check","library":"fa-solid"}},{"text":" United States 587, Road-12. Court","icon":"fa fa-location-arrow","_id":"278f8f2","link":{"url":"#","is_external":"","nofollow":""},"selected_icon":{"value":"fas fa-check","library":"fa-solid"}},{"text":"University Update Sharing","icon":"fa fa-share-alt","_id":"cce0f8b","link":{"url":"#","is_external":"","nofollow":""},"selected_icon":{"value":"fas fa-check","library":"fa-solid"}}],"space_between":{"unit":"px","size":6},"text_color":"#ffffff","text_color_hover":"#ffffff","text_indent":{"unit":"px","size":13},"icon_typography_typography":"custom","icon_color":"#ffffff"},"elements":[],"isInner":false,"widgetType":"icon-list","elType":"widget"}],"isInner":true,"elType":"column"},{"id":"212a7a28","settings":{"_column_size":33,"_inline_size":null,"_inline_size_mobile":100,"margin_mobile":{"unit":"px","top":"0","right":"15","bottom":"30","left":"15","isLinked":false}},"elements":[{"id":"498da037","settings":{"title":"Social Link","align":"left","title_color":"#ffffff","typography_typography":"custom","typography_font_family":"Merienda","typography_font_size_mobile":{"unit":"px","size":24},"_margin_mobile":{"unit":"px","top":"0","right":"0","bottom":"0","left":"0","isLinked":false},"header_size":"h4","link":{"url":"#","is_external":"","nofollow":""}},"elements":[],"isInner":false,"widgetType":"heading","elType":"widget"},{"id":"74d5c9f0","settings":{"editor":"<p>One morning, when Gregor Samsa woke from troubled dreams, he found himself transformed.\u00a0<\/p>","align":"left","typography_typography":"custom","_margin":{"unit":"px","top":"0","right":"0","bottom":"0","left":"0","isLinked":false},"text_color":"#ffffff"},"elements":[],"isInner":false,"widgetType":"text-editor","elType":"widget"},{"id":"acb95e8","settings":{"social_icon_list":[{"social":"fa fa-twitter","_id":"6a3a228","link":{"url":"#","is_external":"true","nofollow":""},"social_icon":{"value":"fab fa-wordpress","library":"fa-brands"},"item_icon_color":"default","item_icon_primary_color":"","item_icon_secondary_color":""},{"social":"fa fa-google-plus","_id":"81c45c7","link":{"url":"#","is_external":"true","nofollow":""},"social_icon":{"value":"fab fa-wordpress","library":"fa-brands"},"item_icon_color":"default","item_icon_primary_color":"","item_icon_secondary_color":""},{"social":"fa fa-linkedin","_id":"70fc4c0","link":{"url":"#","is_external":"true","nofollow":""},"social_icon":{"value":"fab fa-wordpress","library":"fa-brands"},"item_icon_color":"default","item_icon_primary_color":"","item_icon_secondary_color":""},{"social":"fa fa-pinterest","_id":"88295d1","link":{"url":"#","is_external":"true","nofollow":""},"social_icon":{"value":"fab fa-wordpress","library":"fa-brands"},"item_icon_color":"default","item_icon_primary_color":"","item_icon_secondary_color":""}],"align":"left","icon_size":{"unit":"px","size":16},"icon_padding":{"unit":"em","size":1},"icon_spacing":{"unit":"px","size":10},"shape":"circle","icon_size_tablet":{"unit":"px","size":15,"sizes":[]},"icon_spacing_tablet":{"unit":"px","size":12,"sizes":[]}},"elements":[],"isInner":false,"widgetType":"social-icons","elType":"widget"}],"isInner":true,"elType":"column"}],"isInner":true,"elType":"section"}],"isInner":false,"elType":"column"},{"id":"4cfdefc5","settings":{"_column_size":33,"_inline_size":null,"_inline_size_tablet":100,"_inline_size_mobile":100,"content_position":"center","padding":{"unit":"px","top":"80","right":"200","bottom":"80","left":"0","isLinked":false},"padding_tablet":{"unit":"px","top":"80","right":"80","bottom":"80","left":"80","isLinked":true},"padding_mobile":{"unit":"px","top":"50","right":"20","bottom":"50","left":"20","isLinked":false}},"elements":[{"id":"5bab2cc1","settings":{"_skin":"bdt-thumb","text_limit":10,"horizontal_spacing":{"unit":"px","size":30},"vertical_spacing":{"unit":"px","size":10},"posts":4,"text_typography_typography":"custom","text_typography_font_family":"Merienda","title_typography_typography":"custom","title_typography_font_family":"Merienda","address_typography_typography":"custom","address_typography_font_family":"Merienda","active_rating_color":"#59b4e9","thumb_border_border":"solid","thumb_border_width":{"unit":"px","top":"3","right":"3","bottom":"3","left":"3","isLinked":true},"thumb_border_color":"#59b4e9","thumb_border_radius":{"unit":"px","top":"100","right":"100","bottom":"100","left":"100","isLinked":true},"horizontal_spacing_mobile":{"unit":"px","size":10},"vertical_spacing_mobile":{"unit":"px","size":2}},"elements":[],"isInner":false,"widgetType":"bdt-testimonial-slider","elType":"widget"}],"isInner":false,"elType":"column"}],"isInner":false,"elType":"section"}],"page_settings":{"background_color_stop":{"unit":"%","size":"0","sizes":[]},"background_color_b_stop":{"unit":"%","size":"100","sizes":[]},"background_gradient_angle":{"unit":"deg","size":"180","sizes":[]},"background_xpos":{"unit":"px","size":"0","sizes":[]},"background_xpos_tablet":{"unit":"px","size":"0","sizes":[]},"background_xpos_mobile":{"unit":"px","size":"0","sizes":[]},"background_ypos":{"unit":"px","size":"0","sizes":[]},"background_ypos_tablet":{"unit":"px","size":"0","sizes":[]},"background_ypos_mobile":{"unit":"px","size":"0","sizes":[]},"background_bg_width":{"unit":"%","size":"100","sizes":[]},"background_bg_width_tablet":{"unit":"px","size":"","sizes":[]},"background_bg_width_mobile":{"unit":"px","size":"","sizes":[]},"element_pack_toolbar_typography_font_size":{"unit":"px","size":"","sizes":[]},"element_pack_toolbar_typography_font_size_tablet":{"unit":"px","size":"","sizes":[]},"element_pack_toolbar_typography_font_size_mobile":{"unit":"px","size":"","sizes":[]},"element_pack_toolbar_typography_line_height":{"unit":"em","size":"","sizes":[]},"element_pack_toolbar_typography_line_height_tablet":{"unit":"em","size":"","sizes":[]},"element_pack_toolbar_typography_line_height_mobile":{"unit":"em","size":"","sizes":[]},"element_pack_toolbar_typography_letter_spacing":{"unit":"px","size":"","sizes":[]},"element_pack_toolbar_typography_letter_spacing_tablet":{"unit":"px","size":"","sizes":[]},"element_pack_toolbar_typography_letter_spacing_mobile":{"unit":"px","size":"","sizes":[]},"element_pack_global_tooltip_width":{"unit":"px","size":"","sizes":[]},"element_pack_global_tooltip_width_tablet":{"unit":"px","size":"","sizes":[]},"element_pack_global_tooltip_width_mobile":{"unit":"px","size":"","sizes":[]},"element_pack_global_tooltip_background_color_stop":{"unit":"%","size":"0","sizes":[]},"element_pack_global_tooltip_background_color_b_stop":{"unit":"%","size":"100","sizes":[]},"element_pack_global_tooltip_background_gradient_angle":{"unit":"deg","size":"180","sizes":[]},"element_pack_global_tooltip_background_xpos":{"unit":"px","size":"0","sizes":[]},"element_pack_global_tooltip_background_xpos_tablet":{"unit":"px","size":"0","sizes":[]},"element_pack_global_tooltip_background_xpos_mobile":{"unit":"px","size":"0","sizes":[]},"element_pack_global_tooltip_background_ypos":{"unit":"px","size":"0","sizes":[]},"element_pack_global_tooltip_background_ypos_tablet":{"unit":"px","size":"0","sizes":[]},"element_pack_global_tooltip_background_ypos_mobile":{"unit":"px","size":"0","sizes":[]},"element_pack_global_tooltip_background_bg_width":{"unit":"%","size":"100","sizes":[]},"element_pack_global_tooltip_background_bg_width_tablet":{"unit":"px","size":"","sizes":[]},"element_pack_global_tooltip_background_bg_width_mobile":{"unit":"px","size":"","sizes":[]},"element_pack_global_tooltip_typography_font_size":{"unit":"px","size":"","sizes":[]},"element_pack_global_tooltip_typography_font_size_tablet":{"unit":"px","size":"","sizes":[]},"element_pack_global_tooltip_typography_font_size_mobile":{"unit":"px","size":"","sizes":[]},"element_pack_global_tooltip_typography_line_height":{"unit":"em","size":"","sizes":[]},"element_pack_global_tooltip_typography_line_height_tablet":{"unit":"em","size":"","sizes":[]},"element_pack_global_tooltip_typography_line_height_mobile":{"unit":"em","size":"","sizes":[]},"element_pack_global_tooltip_typography_letter_spacing":{"unit":"px","size":"","sizes":[]},"element_pack_global_tooltip_typography_letter_spacing_tablet":{"unit":"px","size":"","sizes":[]},"element_pack_global_tooltip_typography_letter_spacing_mobile":{"unit":"px","size":"","sizes":[]}}}