{"version":"0.4","title":"Testimonial Carousel 4","type":"section","content":[{"id":"70b9098c","settings":{"content_width":{"unit":"px","size":1600},"padding":{"unit":"px","top":"100","right":"0","bottom":"100","left":"0","isLinked":false},"padding_tablet":{"unit":"px","top":"80","right":"30","bottom":"80","left":"30","isLinked":false},"padding_mobile":{"unit":"px","top":"0","right":"15","bottom":"50","left":"15","isLinked":false}},"elements":[{"id":"5eaf7247","settings":{"_column_size":100,"_inline_size_tablet":100,"_inline_size_mobile":100,"padding":{"unit":"px","top":"0","right":"0","bottom":"0","left":"0","isLinked":true}},"elements":[{"id":"116b4761","settings":{"content_width":{"unit":"px","size":1600},"structure":"33"},"elements":[{"id":"1ba3a42d","settings":{"_column_size":25,"_inline_size":null,"_inline_size_tablet":50,"_inline_size_mobile":100,"content_position":"center","padding":{"unit":"px","top":"50","right":"0","bottom":"50","left":"0","isLinked":false}},"elements":[{"id":"5a26c070","settings":{"icon_type":"image","image":{"id":48041,"url":"https:\/\/bdthemes.net\/demo\/ready-pages\/ready-blocks\/wp-content\/uploads\/2019\/04\/plant.png"},"title_text":"Every Marketer Needs Customer Testimonials","description_text":"A wonderful serenity has taken possession of my entire soul, like these sweet mornings of spring which I enjoy with my whole heart. I am alone, and feel.","icon_vertical_alignment":"middle","readmore_text":"Read More","badge_text":"POPULAR","icon_radius_advanced":"75% 25% 43% 57% \/ 46% 29% 71% 54%","icon_size":{"unit":"px","size":100},"text_align":"left","title_typography_typography":"custom","title_typography_font_family":"Asap","description_bottom_space":{"unit":"px","size":40},"description_typography_typography":"custom","description_typography_font_family":"Asap","readmore_text_color":"#ffffff","readmore_background_background":"gradient","readmore_background_color":"#fe8c00","readmore_background_color_b":"#f83600","readmore_background_gradient_angle":{"unit":"deg","size":-145},"readmore_radius":{"unit":"px","top":"100","right":"100","bottom":"100","left":"100","isLinked":true},"readmore_padding":{"unit":"px","top":"10","right":"30","bottom":"10","left":"30","isLinked":false},"readmore_hover_background_background":"gradient","readmore_hover_background_color":"#f83600","readmore_hover_background_color_b":"#fe8c00","readmore_hover_background_gradient_angle":{"unit":"deg","size":-145},"_padding":{"unit":"px","top":"50","right":"50","bottom":"50","left":"50","isLinked":true}},"elements":[],"isInner":false,"widgetType":"bdt-advanced-icon-box","elType":"widget"}],"isInner":true,"elType":"column"},{"id":"66adc962","settings":{"_column_size":50,"_inline_size":null,"_inline_size_tablet":50,"_inline_size_mobile":100,"content_position":"center"},"elements":[{"id":"34e23dc3","settings":{"_skin":"bdt-twyla","columns":"2","columns_tablet":"1","text_limit":15,"navigation":"dots","arrows_position":"bottom-center","source":"by_name","post_categories":["freelance","products"],"posts":5,"item_border_radius":{"unit":"px","top":"10","right":"10","bottom":"10","left":"10","isLinked":true},"title_typography_typography":"custom","title_typography_font_family":"Asap","address_typography_typography":"custom","address_typography_font_family":"Asap","text_typography_typography":"custom","text_typography_font_family":"Asap","active_rating_color":"#fe8c00","arrows_color":"#61ce70","arrows_hover_color":"#23a455","dots_color":"#fe8c00","active_dot_color":"#fe8c00","dots_nnx_position":{"unit":"px","size":60},"_margin":{"unit":"px","top":"0","right":"-120","bottom":"0","left":"0","isLinked":false},"_margin_tablet":{"unit":"px","top":"0","right":"0","bottom":"0","left":"0","isLinked":false},"_margin_mobile":{"unit":"px","top":"0","right":"0","bottom":"0","left":"0","isLinked":false},"_padding_mobile":{"unit":"px","top":"0","right":"0","bottom":"0","left":"0","isLinked":false}},"elements":[],"isInner":false,"widgetType":"bdt-testimonial-carousel","elType":"widget"}],"isInner":true,"elType":"column"},{"id":"673715f8","settings":{"_column_size":25,"_inline_size":null,"_inline_size_tablet":50,"_inline_size_mobile":100,"content_position":"center","background_background":"classic","background_color":"#fe810d","border_radius":{"unit":"px","top":"10","right":"10","bottom":"10","left":"10","isLinked":true},"margin":{"unit":"px","top":"0","right":"0","bottom":"0","left":"0","isLinked":true},"margin_tablet":{"unit":"px","top":"0","right":"0","bottom":"0","left":"-20","isLinked":false},"margin_mobile":{"unit":"px","top":"0","right":"0","bottom":"0","left":"0","isLinked":false},"padding":{"unit":"px","top":"0","right":"0","bottom":"0","left":"160","isLinked":false},"padding_tablet":{"unit":"px","top":"0","right":"30","bottom":"0","left":"50","isLinked":false},"padding_mobile":{"unit":"px","top":"50","right":"50","bottom":"50","left":"50","isLinked":true}},"elements":[{"id":"2bb14f5f","settings":{"sub_heading":"","main_heading":"","split_text":"Splite Text","advanced_heading":"Testimonial","advanced_heading_x_position":{"unit":"px","size":125},"advanced_heading_y_position":{"unit":"px","size":-143},"advanced_heading_rotate":{"unit":"px","size":90},"advanced_heading_color":"rgba(255,255,255,0.5)"},"elements":[],"isInner":false,"widgetType":"bdt-advanced-heading","elType":"widget"}],"isInner":true,"elType":"column"}],"isInner":true,"elType":"section"}],"isInner":false,"elType":"column"}],"isInner":false,"elType":"section"}],"page_settings":{"background_color_stop":{"unit":"%","size":"0","sizes":[]},"background_color_b_stop":{"unit":"%","size":"100","sizes":[]},"background_gradient_angle":{"unit":"deg","size":"180","sizes":[]},"background_xpos":{"unit":"px","size":"0","sizes":[]},"background_xpos_tablet":{"unit":"px","size":"0","sizes":[]},"background_xpos_mobile":{"unit":"px","size":"0","sizes":[]},"background_ypos":{"unit":"px","size":"0","sizes":[]},"background_ypos_tablet":{"unit":"px","size":"0","sizes":[]},"background_ypos_mobile":{"unit":"px","size":"0","sizes":[]},"background_bg_width":{"unit":"%","size":"100","sizes":[]},"background_bg_width_tablet":{"unit":"px","size":"","sizes":[]},"background_bg_width_mobile":{"unit":"px","size":"","sizes":[]},"element_pack_toolbar_typography_font_size":{"unit":"px","size":"","sizes":[]},"element_pack_toolbar_typography_font_size_tablet":{"unit":"px","size":"","sizes":[]},"element_pack_toolbar_typography_font_size_mobile":{"unit":"px","size":"","sizes":[]},"element_pack_toolbar_typography_line_height":{"unit":"em","size":"","sizes":[]},"element_pack_toolbar_typography_line_height_tablet":{"unit":"em","size":"","sizes":[]},"element_pack_toolbar_typography_line_height_mobile":{"unit":"em","size":"","sizes":[]},"element_pack_toolbar_typography_letter_spacing":{"unit":"px","size":"","sizes":[]},"element_pack_toolbar_typography_letter_spacing_tablet":{"unit":"px","size":"","sizes":[]},"element_pack_toolbar_typography_letter_spacing_mobile":{"unit":"px","size":"","sizes":[]},"element_pack_global_tooltip_width":{"unit":"px","size":"","sizes":[]},"element_pack_global_tooltip_width_tablet":{"unit":"px","size":"","sizes":[]},"element_pack_global_tooltip_width_mobile":{"unit":"px","size":"","sizes":[]},"element_pack_global_tooltip_background_color_stop":{"unit":"%","size":"0","sizes":[]},"element_pack_global_tooltip_background_color_b_stop":{"unit":"%","size":"100","sizes":[]},"element_pack_global_tooltip_background_gradient_angle":{"unit":"deg","size":"180","sizes":[]},"element_pack_global_tooltip_background_xpos":{"unit":"px","size":"0","sizes":[]},"element_pack_global_tooltip_background_xpos_tablet":{"unit":"px","size":"0","sizes":[]},"element_pack_global_tooltip_background_xpos_mobile":{"unit":"px","size":"0","sizes":[]},"element_pack_global_tooltip_background_ypos":{"unit":"px","size":"0","sizes":[]},"element_pack_global_tooltip_background_ypos_tablet":{"unit":"px","size":"0","sizes":[]},"element_pack_global_tooltip_background_ypos_mobile":{"unit":"px","size":"0","sizes":[]},"element_pack_global_tooltip_background_bg_width":{"unit":"%","size":"100","sizes":[]},"element_pack_global_tooltip_background_bg_width_tablet":{"unit":"px","size":"","sizes":[]},"element_pack_global_tooltip_background_bg_width_mobile":{"unit":"px","size":"","sizes":[]},"element_pack_global_tooltip_typography_font_size":{"unit":"px","size":"","sizes":[]},"element_pack_global_tooltip_typography_font_size_tablet":{"unit":"px","size":"","sizes":[]},"element_pack_global_tooltip_typography_font_size_mobile":{"unit":"px","size":"","sizes":[]},"element_pack_global_tooltip_typography_line_height":{"unit":"em","size":"","sizes":[]},"element_pack_global_tooltip_typography_line_height_tablet":{"unit":"em","size":"","sizes":[]},"element_pack_global_tooltip_typography_line_height_mobile":{"unit":"em","size":"","sizes":[]},"element_pack_global_tooltip_typography_letter_spacing":{"unit":"px","size":"","sizes":[]},"element_pack_global_tooltip_typography_letter_spacing_tablet":{"unit":"px","size":"","sizes":[]},"element_pack_global_tooltip_typography_letter_spacing_mobile":{"unit":"px","size":"","sizes":[]}}}