{"version":"0.4","title":"coming-soon-blocks-2","type":"section","content":[{"id":"13f84c0c","settings":{"background_background":"classic","background_image":{"id":47491,"url":"https:\/\/bdthemes.net\/demo\/ready-pages\/ready-blocks\/wp-content\/uploads\/2019\/04\/02-5.jpg"},"padding":{"unit":"px","top":"150","right":"0","bottom":"150","left":"0","isLinked":false},"padding_tablet":{"unit":"px","top":"80","right":"30","bottom":"80","left":"30","isLinked":false},"padding_mobile":{"unit":"px","top":"80","right":"20","bottom":"80","left":"20","isLinked":false},"background_position":"center center","background_size":"cover"},"elements":[{"id":"623ba66b","settings":{"_column_size":100,"_inline_size":null,"padding":{"unit":"px","top":"0","right":"0","bottom":"0","left":"0","isLinked":false},"content_position":"bottom"},"elements":[{"id":"6546c056","settings":{"space":{"unit":"px","size":500}},"elements":[],"isInner":false,"widgetType":"spacer","elType":"widget"},{"id":"71b9a361","settings":{"number_label_gap":{"unit":"px","size":0},"bdt_event_countdown_event_button_text":"VIEW DETAILS","label_days":"Days","label_hours":"Hours","label_minutes":"Minutes","label_seconds":"Seconds","count_background_color":"rgba(255,255,255,0)","number_background":"rgba(255,114,0,0.4)","label_color":"rgba(255,255,255,0.7)","number_typography_typography":"custom","number_typography_font_size":{"unit":"px","size":35},"number_color":"#ffffff","number_typography_font_family":"Raleway","label_padding":{"unit":"px","top":"8","right":"8","bottom":"8","left":"8","isLinked":true},"container_width":{"unit":"%","size":40},"number_padding":{"unit":"px","top":"10","right":"10","bottom":"10","left":"10","isLinked":true},"number_typography_font_weight":"700","number_box_shadow_box_shadow_type":"yes","number_box_shadow_box_shadow":{"horizontal":0,"vertical":0,"blur":20,"spread":0,"color":"rgba(0,0,0,0.2)"},"number_padding_tablet":{"unit":"px","top":"25","right":"0","bottom":"25","left":"0","isLinked":false},"number_border_radius":{"unit":"px","top":"100","right":"100","bottom":"100","left":"100","isLinked":true},"_margin_tablet":{"unit":"px","top":"200","right":"0","bottom":"0","left":"0","isLinked":false},"container_width_mobile":{"unit":"%","size":50},"count_padding_mobile":{"unit":"px","top":"0","right":"0","bottom":"0","left":"0","isLinked":false},"number_padding_mobile":{"unit":"px","top":"0","right":"0","bottom":"0","left":"0","isLinked":true},"due_date":"2021-05-01 04:14"},"elements":[],"isInner":false,"widgetType":"bdt-countdown","elType":"widget"},{"id":"315a4afe","settings":{"title":"Under Construction...We Are Launching Soon!","align":"center","title_color":"#ffffff","typography_typography":"custom","typography_font_size":{"unit":"px","size":42},"typography_font_size_mobile":{"unit":"px","size":24},"_margin":{"unit":"px","top":"50","right":"0","bottom":"50","left":"0","isLinked":false}},"elements":[],"isInner":false,"widgetType":"heading","elType":"widget"},{"id":"177ec28e","settings":{"content_width":{"unit":"px","size":500}},"elements":[{"id":"2386d96f","settings":{"_column_size":100,"_inline_size":null},"elements":[{"id":"3583c02b","settings":{"contact_form":"26720","input_text_background":"#ffffff","input_padding":{"unit":"px","top":"15","right":"15","bottom":"15","left":"15","isLinked":true},"input_border_show":"yes","input_border_border":"solid","input_border_width":{"unit":"px","top":"0","right":"0","bottom":"0","left":"0","isLinked":true},"input_border_radius":{"unit":"px","top":"100","right":"100","bottom":"100","left":"100","isLinked":true},"background_color":"#ffffff","border_border":"solid","border_width":{"unit":"px","top":"0","right":"0","bottom":"0","left":"0","isLinked":true},"border_radius":{"unit":"px","top":"100","right":"100","bottom":"100","left":"100","isLinked":true},"text_padding":{"unit":"px","top":"15","right":"15","bottom":"15","left":"15","isLinked":true},"button_typography_typography":"custom","button_typography_font_weight":"700","hover_color":"#ffffff","button_background_hover_color":"#cc5c00","button_hover_border_color":"#ff8c2e"},"elements":[],"isInner":false,"widgetType":"bdt-contact-form-7","elType":"widget"}],"isInner":true,"elType":"column"}],"isInner":true,"elType":"section"}],"isInner":false,"elType":"column"}],"isInner":false,"elType":"section"}],"page_settings":{"background_color_stop":{"unit":"%","size":"0","sizes":[]},"background_color_b_stop":{"unit":"%","size":"100","sizes":[]},"background_gradient_angle":{"unit":"deg","size":"180","sizes":[]},"background_xpos":{"unit":"px","size":"0","sizes":[]},"background_xpos_tablet":{"unit":"px","size":"0","sizes":[]},"background_xpos_mobile":{"unit":"px","size":"0","sizes":[]},"background_ypos":{"unit":"px","size":"0","sizes":[]},"background_ypos_tablet":{"unit":"px","size":"0","sizes":[]},"background_ypos_mobile":{"unit":"px","size":"0","sizes":[]},"background_bg_width":{"unit":"%","size":"100","sizes":[]},"background_bg_width_tablet":{"unit":"px","size":"","sizes":[]},"background_bg_width_mobile":{"unit":"px","size":"","sizes":[]},"element_pack_toolbar_typography_font_size":{"unit":"px","size":"","sizes":[]},"element_pack_toolbar_typography_font_size_tablet":{"unit":"px","size":"","sizes":[]},"element_pack_toolbar_typography_font_size_mobile":{"unit":"px","size":"","sizes":[]},"element_pack_toolbar_typography_line_height":{"unit":"em","size":"","sizes":[]},"element_pack_toolbar_typography_line_height_tablet":{"unit":"em","size":"","sizes":[]},"element_pack_toolbar_typography_line_height_mobile":{"unit":"em","size":"","sizes":[]},"element_pack_toolbar_typography_letter_spacing":{"unit":"px","size":"","sizes":[]},"element_pack_toolbar_typography_letter_spacing_tablet":{"unit":"px","size":"","sizes":[]},"element_pack_toolbar_typography_letter_spacing_mobile":{"unit":"px","size":"","sizes":[]},"element_pack_global_tooltip_width":{"unit":"px","size":"","sizes":[]},"element_pack_global_tooltip_width_tablet":{"unit":"px","size":"","sizes":[]},"element_pack_global_tooltip_width_mobile":{"unit":"px","size":"","sizes":[]},"element_pack_global_tooltip_background_color_stop":{"unit":"%","size":"0","sizes":[]},"element_pack_global_tooltip_background_color_b_stop":{"unit":"%","size":"100","sizes":[]},"element_pack_global_tooltip_background_gradient_angle":{"unit":"deg","size":"180","sizes":[]},"element_pack_global_tooltip_background_xpos":{"unit":"px","size":"0","sizes":[]},"element_pack_global_tooltip_background_xpos_tablet":{"unit":"px","size":"0","sizes":[]},"element_pack_global_tooltip_background_xpos_mobile":{"unit":"px","size":"0","sizes":[]},"element_pack_global_tooltip_background_ypos":{"unit":"px","size":"0","sizes":[]},"element_pack_global_tooltip_background_ypos_tablet":{"unit":"px","size":"0","sizes":[]},"element_pack_global_tooltip_background_ypos_mobile":{"unit":"px","size":"0","sizes":[]},"element_pack_global_tooltip_background_bg_width":{"unit":"%","size":"100","sizes":[]},"element_pack_global_tooltip_background_bg_width_tablet":{"unit":"px","size":"","sizes":[]},"element_pack_global_tooltip_background_bg_width_mobile":{"unit":"px","size":"","sizes":[]},"element_pack_global_tooltip_typography_font_size":{"unit":"px","size":"","sizes":[]},"element_pack_global_tooltip_typography_font_size_tablet":{"unit":"px","size":"","sizes":[]},"element_pack_global_tooltip_typography_font_size_mobile":{"unit":"px","size":"","sizes":[]},"element_pack_global_tooltip_typography_line_height":{"unit":"em","size":"","sizes":[]},"element_pack_global_tooltip_typography_line_height_tablet":{"unit":"em","size":"","sizes":[]},"element_pack_global_tooltip_typography_line_height_mobile":{"unit":"em","size":"","sizes":[]},"element_pack_global_tooltip_typography_letter_spacing":{"unit":"px","size":"","sizes":[]},"element_pack_global_tooltip_typography_letter_spacing_tablet":{"unit":"px","size":"","sizes":[]},"element_pack_global_tooltip_typography_letter_spacing_mobile":{"unit":"px","size":"","sizes":[]}}}