{"version":"0.4","title":"coming-soon-blocks-7","type":"page","content":[{"id":"12279af1","settings":{"background_background":"classic","background_image":{"id":47498,"url":"https:\/\/bdthemes.net\/demo\/ready-pages\/ready-blocks\/wp-content\/uploads\/2019\/04\/coming-soon.png"},"padding":{"unit":"px","top":"30","right":"0","bottom":"350","left":"0","isLinked":false},"padding_tablet":{"unit":"px","top":"50","right":"30","bottom":"180","left":"30","isLinked":false},"padding_mobile":{"unit":"px","top":"50","right":"15","bottom":"150","left":"15","isLinked":false}},"elements":[{"id":"59a24cef","settings":{"_column_size":100,"padding":{"unit":"px","top":"0","right":"0","bottom":"0","left":"0","isLinked":true}},"elements":[{"id":"7b915acb","settings":{"structure":"20"},"elements":[{"id":"1e0bded","settings":{"_column_size":50,"_inline_size":null,"_inline_size_tablet":50,"_inline_size_mobile":50,"margin":{"unit":"px","top":"-20","right":"0","bottom":"0","left":"0","isLinked":false},"padding":{"unit":"px","top":"0","right":"0","bottom":"0","left":"0","isLinked":false}},"elements":[{"id":"3c9a5878","settings":{"image":{"id":47497,"url":"https:\/\/bdthemes.net\/demo\/ready-pages\/ready-blocks\/wp-content\/uploads\/2019\/04\/photoaction-2.png"},"image_size":"full","align":"left","width":{"unit":"%","size":40},"width_mobile":{"unit":"%","size":60}},"elements":[],"isInner":false,"widgetType":"image","elType":"widget"}],"isInner":true,"elType":"column"},{"id":"79a58a0e","settings":{"_column_size":50,"_inline_size":null,"_inline_size_tablet":50,"_inline_size_mobile":50},"elements":[{"id":"2e7a90d2","settings":{"social_icon_list":[{"social":"fa fa-facebook","_id":"7e8ae54","link":{"url":"","is_external":"true","nofollow":""},"social_icon":{"value":"fab fa-wordpress","library":"fa-brands"},"item_icon_color":"default","item_icon_primary_color":"","item_icon_secondary_color":""},{"social":"fa fa-twitter","_id":"ccafa36","link":{"url":"","is_external":"true","nofollow":""},"social_icon":{"value":"fab fa-wordpress","library":"fa-brands"},"item_icon_color":"default","item_icon_primary_color":"","item_icon_secondary_color":""},{"social":"fa fa-google-plus","_id":"38d7201","link":{"url":"","is_external":"true","nofollow":""},"social_icon":{"value":"fab fa-wordpress","library":"fa-brands"},"item_icon_color":"default","item_icon_primary_color":"","item_icon_secondary_color":""},{"social":"fa fa-linkedin","_id":"59ef2fc","link":{"url":"","is_external":"true","nofollow":""},"social_icon":{"value":"fab fa-wordpress","library":"fa-brands"},"item_icon_color":"default","item_icon_primary_color":"","item_icon_secondary_color":""}],"shape":"circle","align":"right","icon_color":"custom","icon_primary_color":"rgba(0,0,0,0)","icon_size_mobile":{"unit":"px","size":16},"icon_spacing_mobile":{"unit":"px","size":2}},"elements":[],"isInner":false,"widgetType":"social-icons","elType":"widget"}],"isInner":true,"elType":"column"}],"isInner":true,"elType":"section"}],"isInner":false,"elType":"column"}],"isInner":false,"elType":"section"},{"id":"9b4ef26","settings":{"background_background":"classic","background_color":"#ffd725","padding":{"unit":"px","top":"0","right":"0","bottom":"250","left":"0","isLinked":false},"padding_tablet":{"unit":"px","top":"80","right":"30","bottom":"80","left":"30","isLinked":false},"padding_mobile":{"unit":"px","top":"50","right":"15","bottom":"50","left":"15","isLinked":false}},"elements":[{"id":"4a2f9dbe","settings":{"_column_size":100,"padding":{"unit":"px","top":"0","right":"0","bottom":"0","left":"0","isLinked":true},"_inline_size_tablet":100,"_inline_size_mobile":100},"elements":[{"id":"1ff64674","settings":{"structure":"20"},"elements":[{"id":"2e630c93","settings":{"_column_size":50,"_inline_size":null,"margin":{"unit":"px","top":"-203","right":"0","bottom":"0","left":"0","isLinked":false},"_inline_size_tablet":50,"_inline_size_mobile":100,"margin_tablet":{"unit":"px","top":"-215","right":"0","bottom":"0","left":"0","isLinked":false},"margin_mobile":{"unit":"px","top":"-160","right":"0","bottom":"0","left":"0","isLinked":false}},"elements":[{"id":"2d67fc44","settings":{"title":"COMING SOON","title_color":"#ffd725","typography_typography":"custom","typography_font_family":"Oswald","typography_font_size":{"unit":"px","size":120},"typography_font_size_tablet":{"unit":"px","size":80},"typography_font_size_mobile":{"unit":"px","size":62}},"elements":[],"isInner":false,"widgetType":"heading","elType":"widget"},{"id":"4a57bf89","settings":{"container_width":{"unit":"%","size":100},"bdt_event_countdown_event_button_text":"VIEW DETAILS","label_days":"Days","label_hours":"Hours","label_minutes":"Minutes","label_seconds":"Seconds","count_background_color":"rgba(0,0,0,0)","number_background":"rgba(0,0,0,0)","label_color":"rgba(0,0,0,0.7)","number_color":"#000000","number_typography_typography":"custom","number_typography_font_family":"Oswald","number_label_gap":{"unit":"px","size":0},"number_typography_font_size":{"unit":"px","size":70},"count_gap":"small","alignment":"left","content_align":"left","number_padding":{"unit":"px","top":"0","right":"0","bottom":"0","left":"0","isLinked":true},"number_typography_font_weight":"900","label_padding":{"unit":"px","top":"0","right":"0","bottom":"0","left":"0","isLinked":true},"due_date":"2021-05-01 04:14"},"elements":[],"isInner":false,"widgetType":"bdt-countdown","elType":"widget"}],"isInner":true,"elType":"column"},{"id":"27d1024f","settings":{"_column_size":50,"_inline_size":null,"background_background":"classic","background_color":"#000000","border_radius":{"unit":"px","top":"15","right":"15","bottom":"15","left":"15","isLinked":true},"margin":{"unit":"px","top":"-203","right":"0","bottom":"0","left":"0","isLinked":false},"padding":{"unit":"px","top":"80","right":"80","bottom":"80","left":"80","isLinked":true},"_inline_size_tablet":50,"_inline_size_mobile":100,"margin_mobile":{"unit":"px","top":"40","right":"0","bottom":"0","left":"0","isLinked":false},"padding_tablet":{"unit":"px","top":"50","right":"50","bottom":"50","left":"50","isLinked":true}},"elements":[{"id":"766929ca","settings":{"button_text":"SIGN IN","bdt_dropdown_dropdown_button_text":"Dropdown","bdt_modal_modal_button_text":"Modal","user_label":"USERNAME","user_placeholder":"sample@gmail.com","password_label":"PASSWORD ","password_placeholder":"type your password","custom_labels":"yes","row_gap":{"unit":"px","size":30},"field_background_color":"#ffffff","field_border_radius":{"unit":"px","top":"100","right":"100","bottom":"100","left":"100","isLinked":true},"button_border_radius":{"unit":"px","top":"100","right":"100","bottom":"100","left":"100","isLinked":true},"button_background_hover_color":"#ffffff","label_color":"#ededed","label_typography_typography":"custom","label_typography_font_weight":"700","field_text_color":"#000000","field_placeholder_color":"rgba(0,0,0,0.6)","field_padding":{"unit":"px","top":"12","right":"0","bottom":"12","left":"20","isLinked":false},"button_typography_typography":"custom","button_typography_font_weight":"700","button_text_padding":{"unit":"px","top":"17","right":"40","bottom":"17","left":"40","isLinked":false},"align":"stretch","links_hover_color":"#ffffff","label_typography_font_size":{"unit":"px","size":12},"links_color":"#cccccc","button_background_color":"#ffd725","element_pack_widget_tooltip_text":"This is Tooltip","bdt_dropdown_custom_navs":[{"custom_nav_title":"Billing","icon":"fa fa-usd","custom_nav_link":{"url":"#"},"_id":"be4f933"},{"custom_nav_title":"Settings","icon":"fa fa-cog","custom_nav_link":{"url":"#"},"_id":"d8205c2"},{"custom_nav_title":"Support","icon":"fa fa-life-ring","custom_nav_link":{"url":"#"},"_id":"040aced"}],"custom_navs":[{"custom_nav_title":"Billing","icon":"fa fa-usd","custom_nav_link":{"url":"#","is_external":"","nofollow":""},"_id":"a2db06b"},{"custom_nav_title":"Settings","icon":"fa fa-cog","custom_nav_link":{"url":"#","is_external":"","nofollow":""},"_id":"0ce9c8d"},{"custom_nav_title":"Support","icon":"fa fa-life-ring","custom_nav_link":{"url":"#","is_external":"","nofollow":""},"_id":"651987c"}],"looged_text_color":"#ffffff","looged_link_color":"#14abf4","looged_link_hover_color":"#0a8bcd","bdt_dropdown_dropdown_button_typography_line_height_tablet":{"unit":"em","size":""},"bdt_dropdown_dropdown_button_typography_line_height_mobile":{"unit":"em","size":""},"bdt_modal_modal_button_typography_line_height_tablet":{"unit":"em","size":""},"bdt_modal_modal_button_typography_line_height_mobile":{"unit":"em","size":""},"label_typography_line_height_tablet":{"unit":"em","size":""},"label_typography_line_height_mobile":{"unit":"em","size":""},"field_typography_line_height_tablet":{"unit":"em","size":""},"field_typography_line_height_mobile":{"unit":"em","size":""},"button_typography_line_height_tablet":{"unit":"em","size":""},"button_typography_line_height_mobile":{"unit":"em","size":""},"button_hover_color":"#000000","element_pack_widget_tooltip":"","element_pack_widget_tooltip_placement":"top","element_pack_widget_tooltip_animation":"shift-toward","element_pack_widget_tooltip_x_offset":0,"element_pack_widget_tooltip_y_offset":0,"element_pack_widget_tooltip_arrow":"","element_pack_widget_tooltip_width":{"unit":"px","size":""},"element_pack_widget_tooltip_width_tablet":{"unit":"px","size":""},"element_pack_widget_tooltip_width_mobile":{"unit":"px","size":""},"element_pack_widget_tooltip_typography_typography":"","element_pack_widget_tooltip_typography_font_family":"","element_pack_widget_tooltip_typography_font_size":{"unit":"px","size":""},"element_pack_widget_tooltip_typography_font_size_tablet":{"unit":"px","size":""},"element_pack_widget_tooltip_typography_font_size_mobile":{"unit":"px","size":""},"element_pack_widget_tooltip_typography_font_weight":"","element_pack_widget_tooltip_typography_text_transform":"","element_pack_widget_tooltip_typography_font_style":"","element_pack_widget_tooltip_typography_text_decoration":"","element_pack_widget_tooltip_typography_line_height":{"unit":"em","size":""},"element_pack_widget_tooltip_typography_line_height_tablet":{"unit":"em","size":""},"element_pack_widget_tooltip_typography_line_height_mobile":{"unit":"em","size":""},"element_pack_widget_tooltip_typography_letter_spacing":{"unit":"px","size":""},"element_pack_widget_tooltip_typography_letter_spacing_tablet":{"unit":"px","size":""},"element_pack_widget_tooltip_typography_letter_spacing_mobile":{"unit":"px","size":""},"element_pack_widget_tooltip_color":"","element_pack_widget_tooltip_text_align":"center","element_pack_widget_tooltip_background_background":"","element_pack_widget_tooltip_background_color":"","element_pack_widget_tooltip_background_color_stop":{"unit":"%","size":0},"element_pack_widget_tooltip_background_color_b":"#f2295b","element_pack_widget_tooltip_background_color_b_stop":{"unit":"%","size":100},"element_pack_widget_tooltip_background_gradient_type":"linear","element_pack_widget_tooltip_background_gradient_angle":{"unit":"deg","size":180},"element_pack_widget_tooltip_background_gradient_position":"center center","element_pack_widget_tooltip_background_image":{"url":"","id":""},"element_pack_widget_tooltip_background_position":"","element_pack_widget_tooltip_background_attachment":"","element_pack_widget_tooltip_background_repeat":"","element_pack_widget_tooltip_background_size":"","element_pack_widget_tooltip_background_video_link":"","element_pack_widget_tooltip_background_video_start":"","element_pack_widget_tooltip_background_video_end":"","element_pack_widget_tooltip_background_video_fallback":{"url":"","id":""},"element_pack_widget_tooltip_arrow_color":"","element_pack_widget_tooltip_padding":{"unit":"px","top":"","right":"","bottom":"","left":"","isLinked":true},"element_pack_widget_tooltip_padding_tablet":{"unit":"px","top":"","right":"","bottom":"","left":"","isLinked":true},"element_pack_widget_tooltip_padding_mobile":{"unit":"px","top":"","right":"","bottom":"","left":"","isLinked":true},"element_pack_widget_tooltip_border_border":"","element_pack_widget_tooltip_border_width":{"unit":"px","top":"","right":"","bottom":"","left":"","isLinked":true},"element_pack_widget_tooltip_border_color":"","element_pack_widget_tooltip_border_radius":{"unit":"px","top":"","right":"","bottom":"","left":"","isLinked":true},"element_pack_widget_tooltip_border_radius_tablet":{"unit":"px","top":"","right":"","bottom":"","left":"","isLinked":true},"element_pack_widget_tooltip_border_radius_mobile":{"unit":"px","top":"","right":"","bottom":"","left":"","isLinked":true},"element_pack_widget_tooltip_box_shadow_box_shadow_type":"","element_pack_widget_tooltip_box_shadow_box_shadow":{"horizontal":0,"vertical":0,"blur":10,"spread":0,"color":"rgba(0,0,0,0.5)"},"element_pack_widget_tooltip_box_shadow_box_shadow_position":" ","sticky":"","sticky_on":["desktop","tablet","mobile"],"sticky_offset":0,"sticky_effects_offset":0,"sticky_parent":"","custom_css":"","label_typography_font_family":"Oswald","label_typography_letter_spacing":{"unit":"px","size":0.5},"logged_in_custom_message":"Hey,"},"elements":[],"isInner":false,"widgetType":"bdt-user-login","elType":"widget"}],"isInner":true,"elType":"column"}],"isInner":true,"elType":"section"}],"isInner":false,"elType":"column"}],"isInner":false,"elType":"section"}]}