{"version":"0.4","title":"coming-soon-blocks-1","type":"section","content":[{"id":"23203076","settings":{"background_background":"classic","background_image":{"id":47490,"url":"https:\/\/bdthemes.net\/demo\/ready-pages\/ready-blocks\/wp-content\/uploads\/2019\/04\/01-3-1.jpg"},"padding":{"unit":"px","top":"250","right":"0","bottom":"250","left":"0","isLinked":false},"padding_tablet":{"unit":"px","top":"80","right":"30","bottom":"80","left":"30","isLinked":false},"padding_mobile":{"unit":"px","top":"80","right":"20","bottom":"80","left":"20","isLinked":false},"background_position":"bottom center","section_particles_on":"yes"},"elements":[{"id":"c34e266","settings":{"_column_size":100,"_inline_size":null,"z_index":1,"_inline_size_mobile":100},"elements":[{"id":"6c0c0acc","settings":{"icon":"fa fa-rocket","link":{"url":"#","is_external":"","nofollow":""},"align":"left","primary_color":"#ffffff","size":{"unit":"px","size":30},"_margin":{"unit":"px","top":"0","right":"0","bottom":"60","left":"0","isLinked":false},"_margin_mobile":{"unit":"px","top":"0","right":"0","bottom":"50","left":"0","isLinked":false}},"elements":[],"isInner":false,"widgetType":"icon","elType":"widget"},{"id":"2208f04c","settings":{"bdt_event_countdown_event_button_text":"VIEW DETAILS","label_days":"Days","label_hours":"Hours","label_minutes":"Minutes","label_seconds":"Seconds","count_background_color":"rgba(0,0,0,0)","number_background":"rgba(0,0,0,0)","label_color":"rgba(255,255,255,0.7)","count_padding":{"unit":"px","top":"0","right":"50","bottom":"0","left":"0","isLinked":false},"number_padding":{"unit":"px","top":"0","right":"0","bottom":"0","left":"0","isLinked":true},"count_gap":"collapse","alignment":"left","number_typography_typography":"custom","number_typography_font_size":{"unit":"px","size":80},"number_label_gap":{"unit":"px","size":20},"content_align":"left","number_color":"#ffffff","number_typography_font_weight":"900","label_typography_typography":"custom","label_typography_font_weight":"900","number_label_gap_mobile":{"unit":"px","size":-15},"container_width_mobile":{"unit":"%","size":100},"number_typography_font_size_mobile":{"unit":"px","size":24},"due_date":"2021-05-01 04:14"},"elements":[],"isInner":false,"widgetType":"bdt-countdown","elType":"widget"},{"id":"2150c4c2","settings":{"editor":"<p>Something Attractive is Coming Soon!<\/p>","text_color":"#ffffff","typography_typography":"custom","typography_font_size":{"unit":"px","size":24},"_margin":{"unit":"px","top":"50","right":"0","bottom":"50","left":"0","isLinked":false},"align":"left","typography_font_weight":"700"},"elements":[],"isInner":false,"widgetType":"text-editor","elType":"widget"}],"isInner":false,"elType":"column"}],"isInner":false,"elType":"section"}],"page_settings":{"background_color_stop":{"unit":"%","size":"0","sizes":[]},"background_color_b_stop":{"unit":"%","size":"100","sizes":[]},"background_gradient_angle":{"unit":"deg","size":"180","sizes":[]},"background_xpos":{"unit":"px","size":"0","sizes":[]},"background_xpos_tablet":{"unit":"px","size":"0","sizes":[]},"background_xpos_mobile":{"unit":"px","size":"0","sizes":[]},"background_ypos":{"unit":"px","size":"0","sizes":[]},"background_ypos_tablet":{"unit":"px","size":"0","sizes":[]},"background_ypos_mobile":{"unit":"px","size":"0","sizes":[]},"background_bg_width":{"unit":"%","size":"100","sizes":[]},"background_bg_width_tablet":{"unit":"px","size":"","sizes":[]},"background_bg_width_mobile":{"unit":"px","size":"","sizes":[]},"element_pack_toolbar_typography_font_size":{"unit":"px","size":"","sizes":[]},"element_pack_toolbar_typography_font_size_tablet":{"unit":"px","size":"","sizes":[]},"element_pack_toolbar_typography_font_size_mobile":{"unit":"px","size":"","sizes":[]},"element_pack_toolbar_typography_line_height":{"unit":"em","size":"","sizes":[]},"element_pack_toolbar_typography_line_height_tablet":{"unit":"em","size":"","sizes":[]},"element_pack_toolbar_typography_line_height_mobile":{"unit":"em","size":"","sizes":[]},"element_pack_toolbar_typography_letter_spacing":{"unit":"px","size":"","sizes":[]},"element_pack_toolbar_typography_letter_spacing_tablet":{"unit":"px","size":"","sizes":[]},"element_pack_toolbar_typography_letter_spacing_mobile":{"unit":"px","size":"","sizes":[]},"element_pack_global_tooltip_width":{"unit":"px","size":"","sizes":[]},"element_pack_global_tooltip_width_tablet":{"unit":"px","size":"","sizes":[]},"element_pack_global_tooltip_width_mobile":{"unit":"px","size":"","sizes":[]},"element_pack_global_tooltip_background_color_stop":{"unit":"%","size":"0","sizes":[]},"element_pack_global_tooltip_background_color_b_stop":{"unit":"%","size":"100","sizes":[]},"element_pack_global_tooltip_background_gradient_angle":{"unit":"deg","size":"180","sizes":[]},"element_pack_global_tooltip_background_xpos":{"unit":"px","size":"0","sizes":[]},"element_pack_global_tooltip_background_xpos_tablet":{"unit":"px","size":"0","sizes":[]},"element_pack_global_tooltip_background_xpos_mobile":{"unit":"px","size":"0","sizes":[]},"element_pack_global_tooltip_background_ypos":{"unit":"px","size":"0","sizes":[]},"element_pack_global_tooltip_background_ypos_tablet":{"unit":"px","size":"0","sizes":[]},"element_pack_global_tooltip_background_ypos_mobile":{"unit":"px","size":"0","sizes":[]},"element_pack_global_tooltip_background_bg_width":{"unit":"%","size":"100","sizes":[]},"element_pack_global_tooltip_background_bg_width_tablet":{"unit":"px","size":"","sizes":[]},"element_pack_global_tooltip_background_bg_width_mobile":{"unit":"px","size":"","sizes":[]},"element_pack_global_tooltip_typography_font_size":{"unit":"px","size":"","sizes":[]},"element_pack_global_tooltip_typography_font_size_tablet":{"unit":"px","size":"","sizes":[]},"element_pack_global_tooltip_typography_font_size_mobile":{"unit":"px","size":"","sizes":[]},"element_pack_global_tooltip_typography_line_height":{"unit":"em","size":"","sizes":[]},"element_pack_global_tooltip_typography_line_height_tablet":{"unit":"em","size":"","sizes":[]},"element_pack_global_tooltip_typography_line_height_mobile":{"unit":"em","size":"","sizes":[]},"element_pack_global_tooltip_typography_letter_spacing":{"unit":"px","size":"","sizes":[]},"element_pack_global_tooltip_typography_letter_spacing_tablet":{"unit":"px","size":"","sizes":[]},"element_pack_global_tooltip_typography_letter_spacing_mobile":{"unit":"px","size":"","sizes":[]}}}