{"version":"0.4","title":"coming-soon-blocks-4","type":"section","content":[{"id":"68b7a3e8","settings":{"background_background":"classic","padding":{"unit":"px","top":"0","right":"0","bottom":"0","left":"0","isLinked":false},"structure":"20","layout":"full_width"},"elements":[{"id":"c26645c","settings":{"_column_size":50,"_inline_size":null,"_inline_size_tablet":100,"_inline_size_mobile":100,"background_background":"classic","background_color":"#763572","padding":{"unit":"px","top":"150","right":"0","bottom":"150","left":"0","isLinked":false},"padding_tablet":{"unit":"px","top":"80","right":"30","bottom":"80","left":"30","isLinked":false},"padding_mobile":{"unit":"px","top":"80","right":"20","bottom":"60","left":"20","isLinked":false}},"elements":[{"id":"4c2375ee","settings":{"icon":"fa fa-rocket","link":{"url":"#","is_external":"","nofollow":""},"primary_color":"#ffffff","size":{"unit":"px","size":30},"_margin":{"unit":"px","top":"0","right":"0","bottom":"60","left":"0","isLinked":false},"_margin_mobile":{"unit":"px","top":"0","right":"0","bottom":"50","left":"0","isLinked":false}},"elements":[],"isInner":false,"widgetType":"icon","elType":"widget"},{"id":"7e5020ec","settings":{"number_label_gap":{"unit":"px","size":0},"bdt_event_countdown_event_button_text":"VIEW DETAILS","label_days":"Days","label_hours":"Hours","label_minutes":"Minutes","label_seconds":"Seconds","count_background_color":"rgba(0,0,0,0)","number_background":"rgba(0,0,0,0)","label_color":"rgba(255,255,255,0.7)","number_padding":{"unit":"px","top":"0","right":"0","bottom":"0","left":"0","isLinked":true},"number_typography_typography":"custom","number_typography_font_size":{"unit":"px","size":48},"label_padding":{"unit":"px","top":"0","right":"0","bottom":"0","left":"0","isLinked":true},"container_width":{"unit":"%","size":68},"number_typography_font_family":"Coiny","due_date":"2021-05-01 04:14"},"elements":[],"isInner":false,"widgetType":"bdt-countdown","elType":"widget"},{"id":"46b0fca8","settings":{"editor":"<p>Coming Soon... Created for your Business<\/p>","align":"center","text_color":"#ffffff","typography_typography":"custom","typography_font_size":{"unit":"px","size":24},"_margin":{"unit":"px","top":"50","right":"0","bottom":"50","left":"0","isLinked":false},"typography_font_weight":"700"},"elements":[],"isInner":false,"widgetType":"text-editor","elType":"widget"},{"id":"1bd2eae8","settings":{"share_buttons":[{"button":"facebook","_id":"6670c25","text":""},{"button":"googleplus","_id":"4dea22e","text":""},{"button":"twitter","_id":"480a74c","text":""},{"button":"pinterest","_id":"eb881de","text":""}],"view":"icon","shape":"circle","alignment":"center","color_source":"custom","column_gap":{"unit":"px","size":0},"primary_color":"rgba(0,0,0,0)","secondary_color_hover":"#bababa","_margin":{"unit":"px","top":"100","right":"0","bottom":"0","left":"0","isLinked":false},"_margin_mobile":{"unit":"px","top":"80","right":"0","bottom":"0","left":"0","isLinked":false}},"elements":[],"isInner":false,"widgetType":"bdt-social-share","elType":"widget"}],"isInner":false,"elType":"column"},{"id":"5d5c8ee6","settings":{"_column_size":50,"_inline_size":null,"_inline_size_tablet":100,"_inline_size_mobile":100,"background_background":"classic","background_color":"#f12184","padding":{"unit":"px","top":"200","right":"0","bottom":"0","left":"0","isLinked":false},"padding_tablet":{"unit":"px","top":"90","right":"30","bottom":"80","left":"30","isLinked":false},"padding_mobile":{"unit":"px","top":"80","right":"20","bottom":"60","left":"20","isLinked":false}},"elements":[{"id":"59d62200","settings":{"text":"Start","background_color":"rgba(0,0,0,0)","border_border":"solid","border_width":{"unit":"px","top":"2","right":"2","bottom":"2","left":"2","isLinked":true},"text_padding":{"unit":"px","top":"12","right":"40","bottom":"12","left":"40","isLinked":false},"align":"center","typography_typography":"custom","typography_font_weight":"700","hover_color":"#000000","button_background_hover_color":"#ffffff","button_hover_border_color":"#ffffff"},"elements":[],"isInner":false,"widgetType":"button","elType":"widget"},{"id":"542256b6","settings":{"image":{"id":47494,"url":"https:\/\/bdthemes.net\/demo\/ready-pages\/ready-blocks\/wp-content\/uploads\/2019\/04\/support-1.svg"},"title_text":"24\/7 Support System","description_text":"","_margin":{"unit":"px","top":"160","right":"0","bottom":"0","left":"0","isLinked":false},"image_size":{"unit":"%","size":10},"hover_animation":"wobble-bottom","title_color":"#ffffff","_margin_tablet":{"unit":"px","top":"60","right":"0","bottom":"0","left":"0","isLinked":false}},"elements":[],"isInner":false,"widgetType":"image-box","elType":"widget"}],"isInner":false,"elType":"column"}],"isInner":false,"elType":"section"}],"page_settings":{"background_color_stop":{"unit":"%","size":"0","sizes":[]},"background_color_b_stop":{"unit":"%","size":"100","sizes":[]},"background_gradient_angle":{"unit":"deg","size":"180","sizes":[]},"background_xpos":{"unit":"px","size":"0","sizes":[]},"background_xpos_tablet":{"unit":"px","size":"0","sizes":[]},"background_xpos_mobile":{"unit":"px","size":"0","sizes":[]},"background_ypos":{"unit":"px","size":"0","sizes":[]},"background_ypos_tablet":{"unit":"px","size":"0","sizes":[]},"background_ypos_mobile":{"unit":"px","size":"0","sizes":[]},"background_bg_width":{"unit":"%","size":"100","sizes":[]},"background_bg_width_tablet":{"unit":"px","size":"","sizes":[]},"background_bg_width_mobile":{"unit":"px","size":"","sizes":[]},"element_pack_toolbar_typography_font_size":{"unit":"px","size":"","sizes":[]},"element_pack_toolbar_typography_font_size_tablet":{"unit":"px","size":"","sizes":[]},"element_pack_toolbar_typography_font_size_mobile":{"unit":"px","size":"","sizes":[]},"element_pack_toolbar_typography_line_height":{"unit":"em","size":"","sizes":[]},"element_pack_toolbar_typography_line_height_tablet":{"unit":"em","size":"","sizes":[]},"element_pack_toolbar_typography_line_height_mobile":{"unit":"em","size":"","sizes":[]},"element_pack_toolbar_typography_letter_spacing":{"unit":"px","size":"","sizes":[]},"element_pack_toolbar_typography_letter_spacing_tablet":{"unit":"px","size":"","sizes":[]},"element_pack_toolbar_typography_letter_spacing_mobile":{"unit":"px","size":"","sizes":[]},"element_pack_global_tooltip_width":{"unit":"px","size":"","sizes":[]},"element_pack_global_tooltip_width_tablet":{"unit":"px","size":"","sizes":[]},"element_pack_global_tooltip_width_mobile":{"unit":"px","size":"","sizes":[]},"element_pack_global_tooltip_background_color_stop":{"unit":"%","size":"0","sizes":[]},"element_pack_global_tooltip_background_color_b_stop":{"unit":"%","size":"100","sizes":[]},"element_pack_global_tooltip_background_gradient_angle":{"unit":"deg","size":"180","sizes":[]},"element_pack_global_tooltip_background_xpos":{"unit":"px","size":"0","sizes":[]},"element_pack_global_tooltip_background_xpos_tablet":{"unit":"px","size":"0","sizes":[]},"element_pack_global_tooltip_background_xpos_mobile":{"unit":"px","size":"0","sizes":[]},"element_pack_global_tooltip_background_ypos":{"unit":"px","size":"0","sizes":[]},"element_pack_global_tooltip_background_ypos_tablet":{"unit":"px","size":"0","sizes":[]},"element_pack_global_tooltip_background_ypos_mobile":{"unit":"px","size":"0","sizes":[]},"element_pack_global_tooltip_background_bg_width":{"unit":"%","size":"100","sizes":[]},"element_pack_global_tooltip_background_bg_width_tablet":{"unit":"px","size":"","sizes":[]},"element_pack_global_tooltip_background_bg_width_mobile":{"unit":"px","size":"","sizes":[]},"element_pack_global_tooltip_typography_font_size":{"unit":"px","size":"","sizes":[]},"element_pack_global_tooltip_typography_font_size_tablet":{"unit":"px","size":"","sizes":[]},"element_pack_global_tooltip_typography_font_size_mobile":{"unit":"px","size":"","sizes":[]},"element_pack_global_tooltip_typography_line_height":{"unit":"em","size":"","sizes":[]},"element_pack_global_tooltip_typography_line_height_tablet":{"unit":"em","size":"","sizes":[]},"element_pack_global_tooltip_typography_line_height_mobile":{"unit":"em","size":"","sizes":[]},"element_pack_global_tooltip_typography_letter_spacing":{"unit":"px","size":"","sizes":[]},"element_pack_global_tooltip_typography_letter_spacing_tablet":{"unit":"px","size":"","sizes":[]},"element_pack_global_tooltip_typography_letter_spacing_mobile":{"unit":"px","size":"","sizes":[]}}}