{"version":"0.4","title":"coming-soon-blocks-5","type":"section","content":[{"id":"19e626ce","settings":{"background_background":"classic","padding":{"unit":"px","top":"0","right":"0","bottom":"300","left":"0","isLinked":false},"structure":"20","layout":"full_width","background_image":{"id":47495,"url":"https:\/\/bdthemes.net\/demo\/ready-pages\/ready-blocks\/wp-content\/uploads\/2019\/04\/04-7.jpg"},"background_position":"center center","padding_tablet":{"unit":"px","top":"0","right":"0","bottom":"0","left":"0","isLinked":false}},"elements":[{"id":"a456eb1","settings":{"_column_size":50,"_inline_size":null,"_inline_size_tablet":100,"_inline_size_mobile":100,"background_background":"classic","padding":{"unit":"px","top":"0","right":"0","bottom":"0","left":"0","isLinked":false},"padding_tablet":{"unit":"px","top":"80","right":"30","bottom":"80","left":"30","isLinked":false},"padding_mobile":{"unit":"px","top":"80","right":"20","bottom":"60","left":"20","isLinked":false}},"elements":[],"isInner":false,"elType":"column"},{"id":"3b928932","settings":{"_column_size":50,"_inline_size":null,"_inline_size_tablet":100,"_inline_size_mobile":100,"background_background":"classic","padding":{"unit":"px","top":"50","right":"80","bottom":"0","left":"0","isLinked":false},"padding_tablet":{"unit":"px","top":"80","right":"30","bottom":"80","left":"30","isLinked":false},"padding_mobile":{"unit":"px","top":"15","right":"0","bottom":"250","left":"0","isLinked":false}},"elements":[{"id":"1544b8c1","settings":{"sidebars":"offcanvas-example-2","button_text":"","button_align":"right","button_icon_align":"right","offcanvas_content_color":"#ffffff","offcanvas_content_link_color":"#ffffff","offcanvas_content_link_hover_color":"#f12184","offcanvas_content_background_color":"#444444","offcanvas_button_background_color":"rgba(0,0,0,0)","offcanvas_button_text_color":"#ffea01","offcanvas_custom_id":"#bdt-custom-offcanvas"},"elements":[],"isInner":false,"widgetType":"bdt-offcanvas","elType":"widget"},{"id":"6e76cbec","settings":{"number_label_gap":{"unit":"px","size":""},"bdt_event_countdown_event_button_text":"VIEW DETAILS","label_days":"Days","label_hours":"Hours","label_minutes":"Minutes","label_seconds":"Seconds","number_background":"rgba(181,161,255,0)","number_color":"#000000","number_typography_typography":"custom","number_typography_font_size":{"unit":"px","size":45},"label_color":"#ffffff","container_width":{"unit":"%","size":68},"number_padding":{"unit":"px","top":"0","right":"0","bottom":"0","left":"0","isLinked":false},"label_padding":{"unit":"px","top":"5","right":"0","bottom":"5","left":"0","isLinked":false},"content_align":"right","number_border_border":"solid","number_border_width":{"unit":"px","top":"3","right":"3","bottom":"0","left":"3","isLinked":false},"number_border_color":"#ffea01","label_background":"#013473","number_border_radius":{"unit":"px","top":"5","right":"5","bottom":"0","left":"0","isLinked":false},"label_box_shadow_box_shadow_type":"yes","label_box_shadow_box_shadow":{"horizontal":0,"vertical":3,"blur":20,"spread":0,"color":"rgba(0,0,0,0.2)"},"_margin":{"unit":"px","top":"150","right":"0","bottom":"0","left":"0","isLinked":false},"_padding":{"unit":"px","top":"0","right":"23","bottom":"0","left":"0","isLinked":false},"due_date":"2019-07-06 04:14"},"elements":[],"isInner":false,"widgetType":"bdt-countdown","elType":"widget"},{"id":"54484e5d","settings":{"editor":"<p class=\"fl-post-title\">\u00a0Fantastic Coming Soon Pages\u00a0Makes Them Great<\/p>","align":"right","text_color":"#ffffff","typography_typography":"custom","typography_font_size":{"unit":"px","size":24},"_margin":{"unit":"px","top":"50","right":"0","bottom":"50","left":"0","isLinked":false},"typography_font_weight":"700","_padding":{"unit":"px","top":"0","right":"23","bottom":"0","left":"0","isLinked":false}},"elements":[],"isInner":false,"widgetType":"text-editor","elType":"widget"},{"id":"21cff2ca","settings":{"share_buttons":[{"button":"facebook","_id":"3aa0f35","text":""},{"button":"googleplus","_id":"37af249","text":""},{"button":"tumblr","_id":"03d42c2","text":""},{"button":"digg","_id":"dba5286","text":""}],"view":"icon","style":"framed","shape":"rounded","alignment":"right","_margin":{"unit":"px","top":"150","right":"0","bottom":"0","left":"0","isLinked":false},"_padding":{"unit":"px","top":"0","right":"23","bottom":"0","left":"0","isLinked":false}},"elements":[],"isInner":false,"widgetType":"bdt-social-share","elType":"widget"}],"isInner":false,"elType":"column"}],"isInner":false,"elType":"section"}],"page_settings":{"background_color_stop":{"unit":"%","size":"0","sizes":[]},"background_color_b_stop":{"unit":"%","size":"100","sizes":[]},"background_gradient_angle":{"unit":"deg","size":"180","sizes":[]},"background_xpos":{"unit":"px","size":"0","sizes":[]},"background_xpos_tablet":{"unit":"px","size":"0","sizes":[]},"background_xpos_mobile":{"unit":"px","size":"0","sizes":[]},"background_ypos":{"unit":"px","size":"0","sizes":[]},"background_ypos_tablet":{"unit":"px","size":"0","sizes":[]},"background_ypos_mobile":{"unit":"px","size":"0","sizes":[]},"background_bg_width":{"unit":"%","size":"100","sizes":[]},"background_bg_width_tablet":{"unit":"px","size":"","sizes":[]},"background_bg_width_mobile":{"unit":"px","size":"","sizes":[]},"element_pack_toolbar_typography_font_size":{"unit":"px","size":"","sizes":[]},"element_pack_toolbar_typography_font_size_tablet":{"unit":"px","size":"","sizes":[]},"element_pack_toolbar_typography_font_size_mobile":{"unit":"px","size":"","sizes":[]},"element_pack_toolbar_typography_line_height":{"unit":"em","size":"","sizes":[]},"element_pack_toolbar_typography_line_height_tablet":{"unit":"em","size":"","sizes":[]},"element_pack_toolbar_typography_line_height_mobile":{"unit":"em","size":"","sizes":[]},"element_pack_toolbar_typography_letter_spacing":{"unit":"px","size":"","sizes":[]},"element_pack_toolbar_typography_letter_spacing_tablet":{"unit":"px","size":"","sizes":[]},"element_pack_toolbar_typography_letter_spacing_mobile":{"unit":"px","size":"","sizes":[]},"element_pack_global_tooltip_width":{"unit":"px","size":"","sizes":[]},"element_pack_global_tooltip_width_tablet":{"unit":"px","size":"","sizes":[]},"element_pack_global_tooltip_width_mobile":{"unit":"px","size":"","sizes":[]},"element_pack_global_tooltip_background_color_stop":{"unit":"%","size":"0","sizes":[]},"element_pack_global_tooltip_background_color_b_stop":{"unit":"%","size":"100","sizes":[]},"element_pack_global_tooltip_background_gradient_angle":{"unit":"deg","size":"180","sizes":[]},"element_pack_global_tooltip_background_xpos":{"unit":"px","size":"0","sizes":[]},"element_pack_global_tooltip_background_xpos_tablet":{"unit":"px","size":"0","sizes":[]},"element_pack_global_tooltip_background_xpos_mobile":{"unit":"px","size":"0","sizes":[]},"element_pack_global_tooltip_background_ypos":{"unit":"px","size":"0","sizes":[]},"element_pack_global_tooltip_background_ypos_tablet":{"unit":"px","size":"0","sizes":[]},"element_pack_global_tooltip_background_ypos_mobile":{"unit":"px","size":"0","sizes":[]},"element_pack_global_tooltip_background_bg_width":{"unit":"%","size":"100","sizes":[]},"element_pack_global_tooltip_background_bg_width_tablet":{"unit":"px","size":"","sizes":[]},"element_pack_global_tooltip_background_bg_width_mobile":{"unit":"px","size":"","sizes":[]},"element_pack_global_tooltip_typography_font_size":{"unit":"px","size":"","sizes":[]},"element_pack_global_tooltip_typography_font_size_tablet":{"unit":"px","size":"","sizes":[]},"element_pack_global_tooltip_typography_font_size_mobile":{"unit":"px","size":"","sizes":[]},"element_pack_global_tooltip_typography_line_height":{"unit":"em","size":"","sizes":[]},"element_pack_global_tooltip_typography_line_height_tablet":{"unit":"em","size":"","sizes":[]},"element_pack_global_tooltip_typography_line_height_mobile":{"unit":"em","size":"","sizes":[]},"element_pack_global_tooltip_typography_letter_spacing":{"unit":"px","size":"","sizes":[]},"element_pack_global_tooltip_typography_letter_spacing_tablet":{"unit":"px","size":"","sizes":[]},"element_pack_global_tooltip_typography_letter_spacing_mobile":{"unit":"px","size":"","sizes":[]}}}