{"version":"0.4","title":"call-to-action-blocks-1","type":"section","content":[{"id":"110a47b6","settings":{"content_position":"middle","background_background":"classic","background_color":"#ffffff","shape_divider_bottom":"triangle","shape_divider_bottom_color":"#fe9f1f","shape_divider_bottom_width":{"unit":"%","size":300},"shape_divider_bottom_height":{"unit":"px","size":333},"shape_divider_bottom_flip":"yes","padding":{"unit":"px","top":"070","right":"0","bottom":"0","left":"0","isLinked":false}},"elements":[{"id":"6e4f226d","settings":{"_column_size":100,"padding":{"unit":"px","top":"0","right":"0","bottom":"0","left":"0","isLinked":false}},"elements":[{"id":"580c6f48","settings":{"gap":"wider","content_position":"middle","structure":"20"},"elements":[{"id":"224d698f","settings":{"_column_size":50,"_inline_size":null,"padding":{"unit":"px","top":"0","right":"0","bottom":"0","left":"0","isLinked":false}},"elements":[{"id":"74278b26","settings":{"image":{"id":47423,"url":"https:\/\/bdthemes.net\/demo\/ready-pages\/ready-blocks\/wp-content\/uploads\/2019\/04\/food-bg.jpg"},"width":{"unit":"%","size":100}},"elements":[],"isInner":false,"widgetType":"image","elType":"widget"}],"isInner":true,"elType":"column"},{"id":"7c5473f2","settings":{"_column_size":50,"_inline_size":null},"elements":[{"id":"5786e6bd","settings":{"title":"Track Your Shipment<br>\nThrough The <br>\nApplication, At Any Time!","align":"left","title_color":"#000000","typography_typography":"custom","typography_font_size":{"unit":"px","size":38},"typography_font_size_mobile":{"unit":"px","size":28},"typography_line_height":{"unit":"em","size":1.3000000000000000444089209850062616169452667236328125}},"elements":[],"isInner":false,"widgetType":"heading","elType":"widget"},{"id":"6618e5f9","settings":{"color":"#fe9f1f","width":{"unit":"%","size":15},"align":"left","gap":{"unit":"px","size":2},"_margin":{"unit":"px","top":"-10","right":"0","bottom":"0","left":"0","isLinked":false},"weight":{"unit":"px","size":5}},"elements":[],"isInner":false,"widgetType":"divider","elType":"widget"},{"id":"298ecea6","settings":{"text":"Read More","button_background_background":"classic","button_background_color":"#fe9f1f","button_border_style":"none","button_border_width":{"unit":"px","top":"0","right":"0","bottom":"0","left":"0","isLinked":true},"advanced_button_radius":{"unit":"px","top":"3","right":"3","bottom":"3","left":"3","isLinked":true},"advanced_button_padding":{"unit":"px","top":"12","right":"35","bottom":"12","left":"35","isLinked":false},"advanced_button_typography_typography":"custom","advanced_button_typography_font_size":{"unit":"px","size":18},"advanced_button_typography_text_transform":"capitalize","button_hover_background_background":"classic","button_hover_background_color":"#f2f2f2","button_hover_border_style":"none","_margin":{"unit":"px","top":"40","right":"0","bottom":"0","left":"0","isLinked":false},"advanced_button_text_color":"#ffffff","advanced_button_hover_text_color":"#000000"},"elements":[],"isInner":false,"widgetType":"bdt-advanced-button","elType":"widget"}],"isInner":true,"elType":"column"}],"isInner":true,"elType":"section"},{"id":"270d7f39","settings":{"gap":"extended","structure":"20","background_background":"classic","background_color":"#ffffff","margin":{"unit":"px","top":"0","right":0,"bottom":"05","left":0,"isLinked":false},"padding":{"unit":"px","top":"50","right":"70","bottom":"50","left":"70","isLinked":false},"padding_mobile":{"unit":"px","top":"0","right":"0","bottom":"0","left":"0","isLinked":false}},"elements":[{"id":"4ae3b1b5","settings":{"_column_size":50,"_inline_size":18.5450000000000017053025658242404460906982421875,"margin":{"unit":"px","top":"0","right":"0","bottom":"0","left":"0","isLinked":false}},"elements":[{"id":"1d9d2a1a","settings":{"image":{"id":47424,"url":"https:\/\/bdthemes.net\/demo\/ready-pages\/ready-blocks\/wp-content\/uploads\/2019\/04\/phone.png"},"width":{"unit":"%","size":50},"width_tablet":{"unit":"%","size":100},"width_mobile":{"unit":"%","size":38}},"elements":[],"isInner":false,"widgetType":"image","elType":"widget"}],"isInner":true,"elType":"column"},{"id":"1e621f42","settings":{"_column_size":50,"_inline_size":81.4549999999999982946974341757595539093017578125,"margin":{"unit":"px","top":"0","right":"0","bottom":"0","left":"0","isLinked":false}},"elements":[{"id":"71cafd77","settings":{"title":"We are working 24\/7, you can call us at any time","description":"","button_text":"Call Us Now","title_color":"#000000","title_typography_typography":"custom","title_typography_font_size":{"unit":"px","size":28},"title_typography_font_weight":"700","button_background_color":"#fe9f1f","button_border_radius":{"unit":"px","top":"3","right":"3","bottom":"3","left":"3","isLinked":true},"button_text_padding":{"unit":"px","top":"12","right":"40","bottom":"12","left":"40","isLinked":false},"button_typography_typography":"custom","button_typography_font_weight":"700","button_hover_color":"#000000","button_background_hover_color":"#efefef"},"elements":[],"isInner":false,"widgetType":"bdt-call-out","elType":"widget"}],"isInner":true,"elType":"column"}],"isInner":true,"elType":"section"}],"isInner":false,"elType":"column"}],"isInner":false,"elType":"section"}],"page_settings":{"background_color_stop":{"unit":"%","size":"0","sizes":[]},"background_color_b_stop":{"unit":"%","size":"100","sizes":[]},"background_gradient_angle":{"unit":"deg","size":"180","sizes":[]},"background_xpos":{"unit":"px","size":"0","sizes":[]},"background_xpos_tablet":{"unit":"px","size":"0","sizes":[]},"background_xpos_mobile":{"unit":"px","size":"0","sizes":[]},"background_ypos":{"unit":"px","size":"0","sizes":[]},"background_ypos_tablet":{"unit":"px","size":"0","sizes":[]},"background_ypos_mobile":{"unit":"px","size":"0","sizes":[]},"background_bg_width":{"unit":"%","size":"100","sizes":[]},"background_bg_width_tablet":{"unit":"px","size":"","sizes":[]},"background_bg_width_mobile":{"unit":"px","size":"","sizes":[]},"element_pack_toolbar_typography_font_size":{"unit":"px","size":"","sizes":[]},"element_pack_toolbar_typography_font_size_tablet":{"unit":"px","size":"","sizes":[]},"element_pack_toolbar_typography_font_size_mobile":{"unit":"px","size":"","sizes":[]},"element_pack_toolbar_typography_line_height":{"unit":"em","size":"","sizes":[]},"element_pack_toolbar_typography_line_height_tablet":{"unit":"em","size":"","sizes":[]},"element_pack_toolbar_typography_line_height_mobile":{"unit":"em","size":"","sizes":[]},"element_pack_toolbar_typography_letter_spacing":{"unit":"px","size":"","sizes":[]},"element_pack_toolbar_typography_letter_spacing_tablet":{"unit":"px","size":"","sizes":[]},"element_pack_toolbar_typography_letter_spacing_mobile":{"unit":"px","size":"","sizes":[]},"element_pack_global_tooltip_width":{"unit":"px","size":"","sizes":[]},"element_pack_global_tooltip_width_tablet":{"unit":"px","size":"","sizes":[]},"element_pack_global_tooltip_width_mobile":{"unit":"px","size":"","sizes":[]},"element_pack_global_tooltip_background_color_stop":{"unit":"%","size":"0","sizes":[]},"element_pack_global_tooltip_background_color_b_stop":{"unit":"%","size":"100","sizes":[]},"element_pack_global_tooltip_background_gradient_angle":{"unit":"deg","size":"180","sizes":[]},"element_pack_global_tooltip_background_xpos":{"unit":"px","size":"0","sizes":[]},"element_pack_global_tooltip_background_xpos_tablet":{"unit":"px","size":"0","sizes":[]},"element_pack_global_tooltip_background_xpos_mobile":{"unit":"px","size":"0","sizes":[]},"element_pack_global_tooltip_background_ypos":{"unit":"px","size":"0","sizes":[]},"element_pack_global_tooltip_background_ypos_tablet":{"unit":"px","size":"0","sizes":[]},"element_pack_global_tooltip_background_ypos_mobile":{"unit":"px","size":"0","sizes":[]},"element_pack_global_tooltip_background_bg_width":{"unit":"%","size":"100","sizes":[]},"element_pack_global_tooltip_background_bg_width_tablet":{"unit":"px","size":"","sizes":[]},"element_pack_global_tooltip_background_bg_width_mobile":{"unit":"px","size":"","sizes":[]},"element_pack_global_tooltip_typography_font_size":{"unit":"px","size":"","sizes":[]},"element_pack_global_tooltip_typography_font_size_tablet":{"unit":"px","size":"","sizes":[]},"element_pack_global_tooltip_typography_font_size_mobile":{"unit":"px","size":"","sizes":[]},"element_pack_global_tooltip_typography_line_height":{"unit":"em","size":"","sizes":[]},"element_pack_global_tooltip_typography_line_height_tablet":{"unit":"em","size":"","sizes":[]},"element_pack_global_tooltip_typography_line_height_mobile":{"unit":"em","size":"","sizes":[]},"element_pack_global_tooltip_typography_letter_spacing":{"unit":"px","size":"","sizes":[]},"element_pack_global_tooltip_typography_letter_spacing_tablet":{"unit":"px","size":"","sizes":[]},"element_pack_global_tooltip_typography_letter_spacing_mobile":{"unit":"px","size":"","sizes":[]}}}