{"version":"0.4","title":"Footer Demo Set 11-4","type":"section","content":[{"id":"5c2e65e0","settings":{"gap":"wide","structure":"20","background_background":"classic","background_color":"#23242c","padding":{"unit":"px","top":"100","right":"0","bottom":"100","left":"0","isLinked":false},"padding_tablet":{"unit":"px","top":"80","right":"30","bottom":"80","left":"30","isLinked":false},"padding_mobile":{"unit":"px","top":"50","right":"15","bottom":"50","left":"15","isLinked":false},"shape_divider_top_width":{"unit":"%","size":150,"sizes":[]},"shape_divider_top_height":{"unit":"px","size":10,"sizes":[]},"shape_divider_bottom_width":{"unit":"%","size":150,"sizes":[]},"shape_divider_bottom_height":{"unit":"px","size":10,"sizes":[]},"shape_divider_top":"waves-pattern","shape_divider_top_color":"#f9f9f9","shape_divider_bottom":"waves-pattern","shape_divider_bottom_color":"#f9f9f9"},"elements":[{"id":"735bc91d","settings":{"_column_size":50,"_inline_size":null,"_inline_size_tablet":100,"_inline_size_mobile":100},"elements":[{"id":"10c0f48b","settings":{"title":"GET IN TOUCH!","link":{"url":"#","is_external":"","nofollow":""},"header_size":"h3","align":"left","title_color":"#ffffff","typography_typography":"custom","typography_font_weight":"600","align_tablet":"left","align_mobile":"center","typography_font_size":{"unit":"px","size":30}},"elements":[],"isInner":false,"widgetType":"heading","elType":"widget"},{"id":"3f79edd5","settings":{"editor":"<p>One morning, when Gregor Samsa woke from troubled dreams. A wonderful serenity has taken possession of my entire soul.<\/p>","align":"left","text_color":"rgba(255,255,255,0.8)","align_tablet":"left","align_mobile":"center","_padding_mobile":{"unit":"px","top":"0","right":"0","bottom":"0","left":"0","isLinked":false}},"elements":[],"isInner":false,"widgetType":"text-editor","elType":"widget"},{"id":"7fca7e15","settings":{"icon":"fa fa-location-arrow","title_text":"UNICEF 125 Maiden Lane, 11th Floor","description_text":"","position":"left","readmore_text":"Read More","badge_text":"POPULAR","readmore":"","icon_color":"#ffffff","icon_background_background":"classic","icon_background_color":"#ff0505","icon_padding":{"unit":"px","top":"15","right":"15","bottom":"15","left":"15","isLinked":true},"icon_radius":{"unit":"px","top":"100","right":"100","bottom":"100","left":"100","isLinked":true},"icon_radius_advanced":"75% 25% 43% 57% \/ 46% 29% 71% 54%","icon_space":{"unit":"px","size":30,"sizes":[]},"icon_size":{"unit":"px","size":25,"sizes":[]},"icon_hover_background_background":"classic","icon_hover_background_color":"#96c93d","icon_effect":"e","title_bottom_space":{"unit":"px","size":10,"sizes":[]},"title_color":"#ffffff","title_typography_font_size":{"unit":"px","size":15,"sizes":[]},"description_bottom_space":{"unit":"px","size":0,"sizes":[]},"description_color":"rgba(255,255,255,0.7)","_padding_mobile":{"unit":"px","top":"0","right":"0","bottom":"0","left":"0","isLinked":false},"icon_vertical_alignment":"middle","title_typography_typography":"custom","title_typography_text_transform":"uppercase"},"elements":[],"isInner":false,"widgetType":"bdt-advanced-icon-box","elType":"widget"},{"id":"31eaa68d","settings":{"icon":"fa fa-envelope","title_text":"info@horticulture.com","description_text":"","position":"left","readmore_text":"Read More","badge_text":"POPULAR","readmore":"","icon_color":"#ffffff","icon_background_background":"classic","icon_background_color":"#ff0505","icon_padding":{"unit":"px","top":"15","right":"15","bottom":"15","left":"15","isLinked":true},"icon_radius":{"unit":"px","top":"100","right":"100","bottom":"100","left":"100","isLinked":true},"icon_radius_advanced":"75% 25% 43% 57% \/ 46% 29% 71% 54%","icon_space":{"unit":"px","size":30,"sizes":[]},"icon_size":{"unit":"px","size":25,"sizes":[]},"icon_hover_background_background":"classic","icon_hover_background_color":"#96c93d","icon_effect":"e","title_bottom_space":{"unit":"px","size":10,"sizes":[]},"title_color":"#ffffff","title_typography_font_size":{"unit":"px","size":15,"sizes":[]},"description_bottom_space":{"unit":"px","size":0,"sizes":[]},"description_color":"rgba(255,255,255,0.7)","_padding_mobile":{"unit":"px","top":"0","right":"0","bottom":"0","left":"0","isLinked":false},"icon_vertical_alignment":"middle","title_typography_typography":"custom","title_typography_text_transform":"uppercase"},"elements":[],"isInner":false,"widgetType":"bdt-advanced-icon-box","elType":"widget"},{"id":"11216083","settings":{"icon":"fa fa-phone-square","title_text":"America. Phone: 706-428-2127","description_text":"","position":"left","readmore_text":"Read More","badge_text":"POPULAR","readmore":"","icon_color":"#ffffff","icon_background_background":"classic","icon_background_color":"#ff0505","icon_padding":{"unit":"px","top":"15","right":"15","bottom":"15","left":"15","isLinked":true},"icon_radius":{"unit":"px","top":"100","right":"100","bottom":"100","left":"100","isLinked":true},"icon_radius_advanced":"75% 25% 43% 57% \/ 46% 29% 71% 54%","icon_space":{"unit":"px","size":30,"sizes":[]},"icon_size":{"unit":"px","size":25,"sizes":[]},"icon_hover_background_background":"classic","icon_hover_background_color":"#96c93d","icon_effect":"e","title_bottom_space":{"unit":"px","size":10,"sizes":[]},"title_color":"#ffffff","title_typography_font_size":{"unit":"px","size":15,"sizes":[]},"description_bottom_space":{"unit":"px","size":0,"sizes":[]},"description_color":"rgba(255,255,255,0.7)","_padding_mobile":{"unit":"px","top":"0","right":"0","bottom":"0","left":"0","isLinked":false},"icon_vertical_alignment":"middle","title_typography_typography":"custom","title_typography_text_transform":"uppercase"},"elements":[],"isInner":false,"widgetType":"bdt-advanced-icon-box","elType":"widget"},{"id":"a04e09e","settings":{"social_icon_list":[{"social":"fa fa-facebook","_id":"e844ad0","link":{"url":"#","is_external":"true","nofollow":""},"social_icon":{"value":"fab fa-wordpress","library":"fa-brands"},"item_icon_color":"default","item_icon_primary_color":"","item_icon_secondary_color":""},{"social":"fa fa-twitter","_id":"5b0a563","link":{"url":"#","is_external":"true","nofollow":""},"social_icon":{"value":"fab fa-wordpress","library":"fa-brands"},"item_icon_color":"default","item_icon_primary_color":"","item_icon_secondary_color":""},{"social":"fa fa-google-plus","_id":"bf55821","link":{"url":"#","is_external":"true","nofollow":""},"social_icon":{"value":"fab fa-wordpress","library":"fa-brands"},"item_icon_color":"default","item_icon_primary_color":"","item_icon_secondary_color":""},{"social":"fa fa-vimeo","_id":"19e5312","link":{"url":"#","is_external":"true","nofollow":""},"social_icon":{"value":"fab fa-wordpress","library":"fa-brands"},"item_icon_color":"default","item_icon_primary_color":"","item_icon_secondary_color":""},{"social":"fa fa-linkedin","_id":"98537db","link":{"url":"#","is_external":"true","nofollow":""},"social_icon":{"value":"fab fa-wordpress","library":"fa-brands"},"item_icon_color":"default","item_icon_primary_color":"","item_icon_secondary_color":""},{"social":"fa fa-pinterest","_id":"641cd98","link":{"url":"#","is_external":"true","nofollow":""},"social_icon":{"value":"fab fa-wordpress","library":"fa-brands"},"item_icon_color":"default","item_icon_primary_color":"","item_icon_secondary_color":""}],"shape":"circle","align":"left","align_mobile":"center","icon_size":{"unit":"px","size":18,"sizes":[]},"icon_size_mobile":{"unit":"px","size":13,"sizes":[]},"icon_padding":{"unit":"em","size":1.100000000000000088817841970012523233890533447265625,"sizes":[]},"icon_spacing":{"unit":"px","size":20,"sizes":[]},"icon_spacing_mobile":{"unit":"px","size":8,"sizes":[]},"hover_animation":"push"},"elements":[],"isInner":false,"widgetType":"social-icons","elType":"widget"}],"isInner":false,"elType":"column"},{"id":"577cdec5","settings":{"_column_size":50,"_inline_size":null,"_inline_size_tablet":100,"_inline_size_mobile":100},"elements":[{"id":"2993e4af","settings":{"show_labels":"","name_email_field_inline":"yes","button_text":"Send Message","custom_text":"yes","user_name_label":"Name*","user_name_placeholder":"John Doe","contact_label":"Contact Number","contact_placeholder":"Your contact number","subject_label":"Subject*","subject_placeholder":"Your message subject","email_address_label":"Email*","email_placeholder":"example@email.com","message_label":"Your Message*","message_placeholder":"Write Your Message","additional_message":"Note: You have to fill-up above all respective field, then click below button for send your message","row_gap":{"unit":"px","size":40,"sizes":[]},"row_gap_tablet":{"unit":"px","size":15,"sizes":[]},"row_gap_mobile":{"unit":"px","size":15,"sizes":[]},"field_text_color":"rgba(255,255,255,0.7)","field_placeholder_color":"rgba(255,255,255,0.35)","field_background_color":"#000000","field_border_radius":{"unit":"px","top":"25","right":"25","bottom":"25","left":"25","isLinked":true},"field_padding":{"unit":"px","top":"16","right":"16","bottom":"16","left":"25","isLinked":false},"field_typography_typography":"custom","field_typography_font_size":{"unit":"px","size":14,"sizes":[]},"field_typography_text_transform":"uppercase","button_text_color":"rgba(255,255,255,0.7)","button_typography_typography":"custom","button_typography_font_size":{"unit":"px","size":14,"sizes":[]},"button_typography_text_transform":"uppercase","button_background_color_background":"classic","button_background_color_color":"#000000","button_border_radius":{"unit":"px","top":"100","right":"100","bottom":"100","left":"100","isLinked":true},"button_text_padding":{"unit":"px","top":"20","right":"40","bottom":"20","left":"40","isLinked":false},"button_hover_color":"#000000","button_background_hover_color_background":"classic","button_background_hover_color_color":"#ffffff","_margin":{"unit":"px","top":"20","right":"0","bottom":"0","left":"0","isLinked":false}},"elements":[],"isInner":false,"widgetType":"bdt-contact-form","elType":"widget"}],"isInner":false,"elType":"column"}],"isInner":false,"elType":"section"}],"page_settings":{"background_color_stop":{"unit":"%","size":"0","sizes":[]},"background_color_b_stop":{"unit":"%","size":"100","sizes":[]},"background_gradient_angle":{"unit":"deg","size":"180","sizes":[]},"background_xpos":{"unit":"px","size":"0","sizes":[]},"background_xpos_tablet":{"unit":"px","size":"0","sizes":[]},"background_xpos_mobile":{"unit":"px","size":"0","sizes":[]},"background_ypos":{"unit":"px","size":"0","sizes":[]},"background_ypos_tablet":{"unit":"px","size":"0","sizes":[]},"background_ypos_mobile":{"unit":"px","size":"0","sizes":[]},"background_bg_width":{"unit":"%","size":"100","sizes":[]},"background_bg_width_tablet":{"unit":"px","size":"","sizes":[]},"background_bg_width_mobile":{"unit":"px","size":"","sizes":[]},"element_pack_toolbar_typography_font_size":{"unit":"px","size":"","sizes":[]},"element_pack_toolbar_typography_font_size_tablet":{"unit":"px","size":"","sizes":[]},"element_pack_toolbar_typography_font_size_mobile":{"unit":"px","size":"","sizes":[]},"element_pack_toolbar_typography_line_height":{"unit":"em","size":"","sizes":[]},"element_pack_toolbar_typography_line_height_tablet":{"unit":"em","size":"","sizes":[]},"element_pack_toolbar_typography_line_height_mobile":{"unit":"em","size":"","sizes":[]},"element_pack_toolbar_typography_letter_spacing":{"unit":"px","size":"","sizes":[]},"element_pack_toolbar_typography_letter_spacing_tablet":{"unit":"px","size":"","sizes":[]},"element_pack_toolbar_typography_letter_spacing_mobile":{"unit":"px","size":"","sizes":[]},"element_pack_global_tooltip_width":{"unit":"px","size":"","sizes":[]},"element_pack_global_tooltip_width_tablet":{"unit":"px","size":"","sizes":[]},"element_pack_global_tooltip_width_mobile":{"unit":"px","size":"","sizes":[]},"element_pack_global_tooltip_background_color_stop":{"unit":"%","size":"0","sizes":[]},"element_pack_global_tooltip_background_color_b_stop":{"unit":"%","size":"100","sizes":[]},"element_pack_global_tooltip_background_gradient_angle":{"unit":"deg","size":"180","sizes":[]},"element_pack_global_tooltip_background_xpos":{"unit":"px","size":"0","sizes":[]},"element_pack_global_tooltip_background_xpos_tablet":{"unit":"px","size":"0","sizes":[]},"element_pack_global_tooltip_background_xpos_mobile":{"unit":"px","size":"0","sizes":[]},"element_pack_global_tooltip_background_ypos":{"unit":"px","size":"0","sizes":[]},"element_pack_global_tooltip_background_ypos_tablet":{"unit":"px","size":"0","sizes":[]},"element_pack_global_tooltip_background_ypos_mobile":{"unit":"px","size":"0","sizes":[]},"element_pack_global_tooltip_background_bg_width":{"unit":"%","size":"100","sizes":[]},"element_pack_global_tooltip_background_bg_width_tablet":{"unit":"px","size":"","sizes":[]},"element_pack_global_tooltip_background_bg_width_mobile":{"unit":"px","size":"","sizes":[]},"element_pack_global_tooltip_typography_font_size":{"unit":"px","size":"","sizes":[]},"element_pack_global_tooltip_typography_font_size_tablet":{"unit":"px","size":"","sizes":[]},"element_pack_global_tooltip_typography_font_size_mobile":{"unit":"px","size":"","sizes":[]},"element_pack_global_tooltip_typography_line_height":{"unit":"em","size":"","sizes":[]},"element_pack_global_tooltip_typography_line_height_tablet":{"unit":"em","size":"","sizes":[]},"element_pack_global_tooltip_typography_line_height_mobile":{"unit":"em","size":"","sizes":[]},"element_pack_global_tooltip_typography_letter_spacing":{"unit":"px","size":"","sizes":[]},"element_pack_global_tooltip_typography_letter_spacing_tablet":{"unit":"px","size":"","sizes":[]},"element_pack_global_tooltip_typography_letter_spacing_mobile":{"unit":"px","size":"","sizes":[]}}}