{"version":"0.4","title":"medical-blocks-1","type":"section","content":[{"id":"6f2674fc","settings":{"content_width":{"unit":"px","size":1600},"padding_tablet":{"unit":"px","top":"80","right":"30","bottom":"80","left":"30","isLinked":false},"padding":{"unit":"px","top":"150","right":"0","bottom":"150","left":"0","isLinked":false}},"elements":[{"id":"6b30c68a","settings":{"_column_size":100,"_inline_size_tablet":100,"_inline_size_mobile":100,"background_background":"classic","background_color":"#4f86fa","border_radius":{"unit":"px","top":"100","right":"100","bottom":"100","left":"100","isLinked":true},"padding_mobile":{"unit":"px","top":"0","right":"0","bottom":"0","left":"0","isLinked":false}},"elements":[{"id":"34a57f88","settings":{"content_width":{"unit":"px","size":1600},"gap":"wider","content_position":"middle","structure":"40"},"elements":[{"id":"48bc7b9b","settings":{"_column_size":25,"_inline_size":null,"_inline_size_tablet":25,"_inline_size_mobile":100,"padding":{"unit":"px","top":"0","right":"0","bottom":"0","left":"60","isLinked":false}},"elements":[{"id":"2ce92fde","settings":{"placeholder":"Search...","icon_color":"#ffffff","input_text_color":"#ffffff","input_placeholder_color":"rgba(255,255,255,0.73)","border_radius":{"unit":"px","size":""},"search_icon_size":{"unit":"px","size":29},"input_background_color":"rgba(0,0,0,0)","input_border_color":"rgba(255,255,255,0.3)","input_padding":{"unit":"px","top":"20","right":"0","bottom":"20","left":"50","isLinked":false},"button_border_width":{"unit":"px","top":"0","right":"0","bottom":"2","left":"0","isLinked":false}},"elements":[],"isInner":false,"widgetType":"bdt-search","elType":"widget"}],"isInner":true,"elType":"column"},{"id":"4cc90880","settings":{"_column_size":25,"_inline_size":null,"_inline_size_tablet":25,"_inline_size_mobile":100},"elements":[{"id":"577d3deb","settings":{"icon_list":[{"text":"Location ","icon":"fa fa-map-marker","_id":"f6e2622","link":{"url":"#","is_external":"","nofollow":""},"selected_icon":{"value":"fas fa-check","library":"fa-solid"}}],"icon_color":"#ffffff","icon_size":{"unit":"px","size":25},"text_color":"#ffffff","icon_typography_typography":"custom","icon_typography_font_family":"Source Sans Pro","icon_align":"center","divider":"yes","divider_color":"#ffffff"},"elements":[],"isInner":false,"widgetType":"icon-list","elType":"widget"}],"isInner":true,"elType":"column"},{"id":"7b53b853","settings":{"_column_size":25,"_inline_size":null,"_inline_size_tablet":25,"_inline_size_mobile":100},"elements":[{"id":"35bd9dae","settings":{"icon_list":[{"text":"Full Time ","icon":"fa fa-clock-o","_id":"f6e2622","link":{"url":"#","is_external":"","nofollow":""},"selected_icon":{"value":"far fa-clock","library":"fa-regular"},"__fa4_migrated":{"selected_icon":true}}],"icon_color":"#ffffff","icon_size":{"unit":"px","size":25},"text_color":"#ffffff","icon_typography_typography":"custom","icon_typography_font_family":"Source Sans Pro","icon_align":"center","divider":"yes","divider_color":"#ffffff"},"elements":[],"isInner":false,"widgetType":"icon-list","elType":"widget"}],"isInner":true,"elType":"column"},{"id":"5aac6c27","settings":{"_column_size":25,"_inline_size":null,"_inline_size_tablet":25,"_inline_size_mobile":100},"elements":[{"id":"16629028","settings":{"text":"Confirm Job","advanced_button_text_color":"#4f86fa","button_background_background":"classic","button_background_color":"#ffffff","button_border_style":"none","advanced_button_radius":{"unit":"px","top":"100","right":"100","bottom":"100","left":"100","isLinked":true},"advanced_button_padding":{"unit":"px","top":"18","right":"40","bottom":"18","left":"40","isLinked":false},"button_hover_border_style":"none","_margin":{"unit":"px","top":"7","right":"0","bottom":"0","left":"0","isLinked":false},"advanced_button_padding_mobile":{"unit":"px","top":"12","right":"25","bottom":"12","left":"25","isLinked":false},"advanced_button_typography_typography":"custom","advanced_button_typography_font_size":{"unit":"px","size":15},"advanced_button_typography_font_size_mobile":{"unit":"px","size":14},"advanced_button_typography_text_transform":"capitalize","button_hover_background_background":"classic","button_hover_background_color":"#000000","align":"right","align_mobile":"center","advanced_button_padding_tablet":{"unit":"px","top":"8","right":"20","bottom":"8","left":"20","isLinked":false},"advanced_button_typography_font_size_tablet":{"unit":"px","size":12},"advanced_button_hover_text_color":"#ffffff","advanced_button_typography_font_family":"Source Sans Pro","button_effect":"c"},"elements":[],"isInner":false,"widgetType":"bdt-advanced-button","elType":"widget"}],"isInner":true,"elType":"column"}],"isInner":true,"elType":"section"}],"isInner":false,"elType":"column"}],"isInner":false,"elType":"section"}],"page_settings":{"background_color_stop":{"unit":"%","size":"0","sizes":[]},"background_color_b_stop":{"unit":"%","size":"100","sizes":[]},"background_gradient_angle":{"unit":"deg","size":"180","sizes":[]},"background_xpos":{"unit":"px","size":"0","sizes":[]},"background_xpos_tablet":{"unit":"px","size":"0","sizes":[]},"background_xpos_mobile":{"unit":"px","size":"0","sizes":[]},"background_ypos":{"unit":"px","size":"0","sizes":[]},"background_ypos_tablet":{"unit":"px","size":"0","sizes":[]},"background_ypos_mobile":{"unit":"px","size":"0","sizes":[]},"background_bg_width":{"unit":"%","size":"100","sizes":[]},"background_bg_width_tablet":{"unit":"px","size":"","sizes":[]},"background_bg_width_mobile":{"unit":"px","size":"","sizes":[]},"element_pack_toolbar_typography_font_size":{"unit":"px","size":"","sizes":[]},"element_pack_toolbar_typography_font_size_tablet":{"unit":"px","size":"","sizes":[]},"element_pack_toolbar_typography_font_size_mobile":{"unit":"px","size":"","sizes":[]},"element_pack_toolbar_typography_line_height":{"unit":"em","size":"","sizes":[]},"element_pack_toolbar_typography_line_height_tablet":{"unit":"em","size":"","sizes":[]},"element_pack_toolbar_typography_line_height_mobile":{"unit":"em","size":"","sizes":[]},"element_pack_toolbar_typography_letter_spacing":{"unit":"px","size":"","sizes":[]},"element_pack_toolbar_typography_letter_spacing_tablet":{"unit":"px","size":"","sizes":[]},"element_pack_toolbar_typography_letter_spacing_mobile":{"unit":"px","size":"","sizes":[]},"element_pack_global_tooltip_width":{"unit":"px","size":"","sizes":[]},"element_pack_global_tooltip_width_tablet":{"unit":"px","size":"","sizes":[]},"element_pack_global_tooltip_width_mobile":{"unit":"px","size":"","sizes":[]},"element_pack_global_tooltip_background_color_stop":{"unit":"%","size":"0","sizes":[]},"element_pack_global_tooltip_background_color_b_stop":{"unit":"%","size":"100","sizes":[]},"element_pack_global_tooltip_background_gradient_angle":{"unit":"deg","size":"180","sizes":[]},"element_pack_global_tooltip_background_xpos":{"unit":"px","size":"0","sizes":[]},"element_pack_global_tooltip_background_xpos_tablet":{"unit":"px","size":"0","sizes":[]},"element_pack_global_tooltip_background_xpos_mobile":{"unit":"px","size":"0","sizes":[]},"element_pack_global_tooltip_background_ypos":{"unit":"px","size":"0","sizes":[]},"element_pack_global_tooltip_background_ypos_tablet":{"unit":"px","size":"0","sizes":[]},"element_pack_global_tooltip_background_ypos_mobile":{"unit":"px","size":"0","sizes":[]},"element_pack_global_tooltip_background_bg_width":{"unit":"%","size":"100","sizes":[]},"element_pack_global_tooltip_background_bg_width_tablet":{"unit":"px","size":"","sizes":[]},"element_pack_global_tooltip_background_bg_width_mobile":{"unit":"px","size":"","sizes":[]},"element_pack_global_tooltip_typography_font_size":{"unit":"px","size":"","sizes":[]},"element_pack_global_tooltip_typography_font_size_tablet":{"unit":"px","size":"","sizes":[]},"element_pack_global_tooltip_typography_font_size_mobile":{"unit":"px","size":"","sizes":[]},"element_pack_global_tooltip_typography_line_height":{"unit":"em","size":"","sizes":[]},"element_pack_global_tooltip_typography_line_height_tablet":{"unit":"em","size":"","sizes":[]},"element_pack_global_tooltip_typography_line_height_mobile":{"unit":"em","size":"","sizes":[]},"element_pack_global_tooltip_typography_letter_spacing":{"unit":"px","size":"","sizes":[]},"element_pack_global_tooltip_typography_letter_spacing_tablet":{"unit":"px","size":"","sizes":[]},"element_pack_global_tooltip_typography_letter_spacing_mobile":{"unit":"px","size":"","sizes":[]}}}