{"version":"0.4","title":"medical-blocks-6","type":"section","content":[{"id":"44672f01","settings":{"background_background":"classic","background_image":{"id":47264,"url":"http:\/\/192.168.1.100\/service-ready-pages\/wp-content\/uploads\/2019\/03\/icon-list.jpg"},"padding":{"unit":"px","top":"100","right":"0","bottom":"100","left":"0","isLinked":false},"background_overlay_background":"classic","background_overlay_color":"#0f0f0f","content_width":{"unit":"px","size":626},"padding_mobile":{"unit":"px","top":"40","right":"10","bottom":"40","left":"10","isLinked":false}},"elements":[{"id":"4f780b5a","settings":{"_column_size":100,"padding_mobile":{"unit":"px","top":"0","right":"0","bottom":"0","left":"0","isLinked":false}},"elements":[{"id":"578b20e2","settings":{"title":"DIAGNOSTIC PRICE LIST","align":"center","title_color":"#ffffff","typography_typography":"custom","typography_font_size":{"unit":"px","size":28},"typography_font_weight":"300","typography_letter_spacing":{"unit":"px","size":5},"_margin":{"unit":"px","top":"0","right":"0","bottom":"30","left":"0","isLinked":false},"typography_font_size_mobile":{"unit":"px","size":18,"sizes":[]}},"elements":[],"isInner":false,"widgetType":"heading","elType":"widget"},{"id":"254d3ffe","settings":{"editor":"<p>We should be careful to manage stress, maintain a healthy lifestyle, control our eating habits, and exercise.<\/p>","align":"center","text_color":"rgba(255,255,255,0.61)","_margin":{"unit":"px","top":"0","right":"0","bottom":"50","left":"0","isLinked":false},"_padding":{"unit":"px","top":"0","right":"50","bottom":"0","left":"50","isLinked":false},"typography_font_size_mobile":{"unit":"px","size":12,"sizes":[]},"typography_typography":"custom"},"elements":[],"isInner":false,"widgetType":"text-editor","elType":"widget"},{"id":"54be55cf","settings":[],"elements":[{"id":"78002a58","settings":{"_column_size":100,"_inline_size":null,"space_between_widgets":8},"elements":[{"id":"6085175c","settings":{"price_list":[{"title":"Bone cinematography","price":"$100","link":{"url":"#","is_external":"","nofollow":""},"_id":"90c6cbf","item_description":"","image":{"id":50508,"url":"https:\/\/bdthemes.net\/demo\/ready-pages\/ready-blocks\/wp-content\/uploads\/2019\/05\/bone.png"}},{"title":"Clinical urine tests","price":"$10","link":{"url":"#","is_external":"","nofollow":""},"_id":"7a228ac","item_description":"","image":{"id":50510,"url":"https:\/\/bdthemes.net\/demo\/ready-pages\/ready-blocks\/wp-content\/uploads\/2019\/05\/test.png"}},{"title":"Endoscopy","price":"$85","link":{"url":"#","is_external":"","nofollow":""},"_id":"de14223","item_description":"","image":{"id":50509,"url":"https:\/\/bdthemes.net\/demo\/ready-pages\/ready-blocks\/wp-content\/uploads\/2019\/05\/Endoscopy.png"}},{"title":"Ultrasonography","price":"$90","link":{"url":"#","is_external":"","nofollow":""},"_id":"322e9d1","item_description":"","image":{"id":50512,"url":"https:\/\/bdthemes.net\/demo\/ready-pages\/ready-blocks\/wp-content\/uploads\/2019\/05\/Ultrasonography.png"}},{"title":"Thyroid function tests","price":"$32","link":{"url":"#","is_external":"","nofollow":""},"_id":"7e1b98f","item_description":"","image":{"id":50511,"url":"https:\/\/bdthemes.net\/demo\/ready-pages\/ready-blocks\/wp-content\/uploads\/2019\/05\/Thyroid.png"}}],"heading_color":"rgba(255,255,255,0.74)","separator_spacing":{"unit":"px","size":15},"row_gap":{"unit":"px","size":30},"_background_background":"classic","image_size_size":"custom","image_size_custom_dimension":{"width":"50","height":"50"},"image_size":{"unit":"px","size":90},"image_custom_dimension":{"width":"50","height":"50"},"price_width":{"unit":"px","size":70},"price_height":{"unit":"px","size":30},"price_typography_typography":"custom","price_typography_font_weight":"600"},"elements":[],"isInner":false,"widgetType":"bdt-price-list","elType":"widget"}],"isInner":true,"elType":"column"}],"isInner":true,"elType":"section"}],"isInner":false,"elType":"column"}],"isInner":false,"elType":"section"}],"page_settings":{"background_color_stop":{"unit":"%","size":"0","sizes":[]},"background_color_b_stop":{"unit":"%","size":"100","sizes":[]},"background_gradient_angle":{"unit":"deg","size":"180","sizes":[]},"background_xpos":{"unit":"px","size":"0","sizes":[]},"background_xpos_tablet":{"unit":"px","size":"0","sizes":[]},"background_xpos_mobile":{"unit":"px","size":"0","sizes":[]},"background_ypos":{"unit":"px","size":"0","sizes":[]},"background_ypos_tablet":{"unit":"px","size":"0","sizes":[]},"background_ypos_mobile":{"unit":"px","size":"0","sizes":[]},"background_bg_width":{"unit":"%","size":"100","sizes":[]},"background_bg_width_tablet":{"unit":"px","size":"","sizes":[]},"background_bg_width_mobile":{"unit":"px","size":"","sizes":[]},"element_pack_toolbar_typography_font_size":{"unit":"px","size":"","sizes":[]},"element_pack_toolbar_typography_font_size_tablet":{"unit":"px","size":"","sizes":[]},"element_pack_toolbar_typography_font_size_mobile":{"unit":"px","size":"","sizes":[]},"element_pack_toolbar_typography_line_height":{"unit":"em","size":"","sizes":[]},"element_pack_toolbar_typography_line_height_tablet":{"unit":"em","size":"","sizes":[]},"element_pack_toolbar_typography_line_height_mobile":{"unit":"em","size":"","sizes":[]},"element_pack_toolbar_typography_letter_spacing":{"unit":"px","size":"","sizes":[]},"element_pack_toolbar_typography_letter_spacing_tablet":{"unit":"px","size":"","sizes":[]},"element_pack_toolbar_typography_letter_spacing_mobile":{"unit":"px","size":"","sizes":[]},"element_pack_global_tooltip_width":{"unit":"px","size":"","sizes":[]},"element_pack_global_tooltip_width_tablet":{"unit":"px","size":"","sizes":[]},"element_pack_global_tooltip_width_mobile":{"unit":"px","size":"","sizes":[]},"element_pack_global_tooltip_background_color_stop":{"unit":"%","size":"0","sizes":[]},"element_pack_global_tooltip_background_color_b_stop":{"unit":"%","size":"100","sizes":[]},"element_pack_global_tooltip_background_gradient_angle":{"unit":"deg","size":"180","sizes":[]},"element_pack_global_tooltip_background_xpos":{"unit":"px","size":"0","sizes":[]},"element_pack_global_tooltip_background_xpos_tablet":{"unit":"px","size":"0","sizes":[]},"element_pack_global_tooltip_background_xpos_mobile":{"unit":"px","size":"0","sizes":[]},"element_pack_global_tooltip_background_ypos":{"unit":"px","size":"0","sizes":[]},"element_pack_global_tooltip_background_ypos_tablet":{"unit":"px","size":"0","sizes":[]},"element_pack_global_tooltip_background_ypos_mobile":{"unit":"px","size":"0","sizes":[]},"element_pack_global_tooltip_background_bg_width":{"unit":"%","size":"100","sizes":[]},"element_pack_global_tooltip_background_bg_width_tablet":{"unit":"px","size":"","sizes":[]},"element_pack_global_tooltip_background_bg_width_mobile":{"unit":"px","size":"","sizes":[]},"element_pack_global_tooltip_typography_font_size":{"unit":"px","size":"","sizes":[]},"element_pack_global_tooltip_typography_font_size_tablet":{"unit":"px","size":"","sizes":[]},"element_pack_global_tooltip_typography_font_size_mobile":{"unit":"px","size":"","sizes":[]},"element_pack_global_tooltip_typography_line_height":{"unit":"em","size":"","sizes":[]},"element_pack_global_tooltip_typography_line_height_tablet":{"unit":"em","size":"","sizes":[]},"element_pack_global_tooltip_typography_line_height_mobile":{"unit":"em","size":"","sizes":[]},"element_pack_global_tooltip_typography_letter_spacing":{"unit":"px","size":"","sizes":[]},"element_pack_global_tooltip_typography_letter_spacing_tablet":{"unit":"px","size":"","sizes":[]},"element_pack_global_tooltip_typography_letter_spacing_mobile":{"unit":"px","size":"","sizes":[]}}}