{"version":"0.4","title":"medical-blocks-5","type":"section","content":[{"id":"727faa56","settings":{"structure":"20","padding":{"unit":"px","top":"150","right":"0","bottom":"150","left":"0","isLinked":false},"padding_tablet":{"unit":"px","top":"80","right":"30","bottom":"80","left":"30","isLinked":false},"padding_mobile":{"unit":"px","top":"50","right":"0","bottom":"50","left":"0","isLinked":false}},"elements":[{"id":"6d50c2e","settings":{"_column_size":50,"_inline_size":null,"_inline_size_tablet":100,"background_background":"classic","background_color":"#6a6cb9","padding":{"unit":"px","top":"50","right":"80","bottom":"50","left":"80","isLinked":false},"padding_mobile":{"unit":"px","top":"20","right":"20","bottom":"20","left":"20","isLinked":true}},"elements":[{"id":"325ce61b","settings":{"title":"Emergency Cases ","align":"left","title_color":"#ffffff","typography_typography":"custom","typography_font_size_tablet":{"unit":"px","size":24,"sizes":[]},"typography_font_family":"Poppins","typography_font_size":{"unit":"px","size":32,"sizes":[]},"typography_font_size_mobile":{"unit":"px","size":28,"sizes":[]},"_margin":{"unit":"px","top":"0","right":"0","bottom":"20","left":"0","isLinked":false}},"elements":[],"isInner":false,"widgetType":"heading","elType":"widget"},{"id":"2d53ba45","settings":{"editor":"<p>Lorem ipsum dolor sit amet, consectetur adipiscing elit. Ut elit tellus, luctus nec ullamcorper mattis, pulvinar dapibus leo.<\/p><p>One morning, when Gregor Samsa woke from troubled dreams, he found himself transformed in his bed into a horrible vermin. He lay on his armour-like back, and if he lifted his head a little he could see his brown belly, slightly domed and divided by arches into stiff sections the bedding.<\/p>","typography_typography":"custom","typography_font_family":"Open Sans","align":"left","text_color":"#ffffff"},"elements":[],"isInner":false,"widgetType":"text-editor","elType":"widget"}],"isInner":false,"elType":"column"},{"id":"34bf8d55","settings":{"_column_size":50,"_inline_size":null,"_inline_size_tablet":100,"background_background":"classic","background_color":"#6a6cb9","padding":{"unit":"px","top":"60","right":"80","bottom":"30","left":"80","isLinked":false},"padding_mobile":{"unit":"px","top":"0","right":"10","bottom":"0","left":"10","isLinked":false}},"elements":[{"id":"65cc534a","settings":{"title":"Opening Hours","align":"left","title_color":"#ffffff","typography_typography":"custom","typography_font_size_tablet":{"unit":"px","size":24,"sizes":[]},"header_size":"h4","typography_font_family":"Poppins","typography_font_size_mobile":{"unit":"px","size":28,"sizes":[]}},"elements":[],"isInner":false,"widgetType":"heading","elType":"widget"},{"id":"562349cc","settings":{"business_days_times":[{"enter_day":"Monday","enter_time":"6:00 PM - 8:00 PM","_id":"640a97f","highlight_this":"no","single_business_day_color":"#db6159","single_business_timing_color":"#db6159","single_business_background_color":""},{"enter_day":"Tuesday","enter_time":"10:00 AM - 2:00 PM","_id":"c0e55d0","highlight_this":"no","single_business_day_color":"#db6159","single_business_timing_color":"#db6159","single_business_background_color":""},{"enter_day":"Wednesday","enter_time":"6:00 PM - 8:00 PM","_id":"61a6b00","highlight_this":"no","single_business_day_color":"#db6159","single_business_timing_color":"#db6159","single_business_background_color":""},{"enter_day":"Thursday","enter_time":"10:00 AM - 6:00 PM","_id":"d601609","highlight_this":"no","single_business_day_color":"#db6159","single_business_timing_color":"#db6159","single_business_background_color":""},{"enter_day":"Friday","enter_time":"Closed","_id":"9dc6902","highlight_this":"yes","single_business_day_color":"#fffa2a","single_business_timing_color":"#fffa2a","single_business_background_color":""},{"enter_day":"Saturday","enter_time":"10:00 AM - 2:00 PM","_id":"c4cb39e","highlight_this":"no","single_business_day_color":"#db6159","single_business_timing_color":"#db6159","single_business_background_color":""},{"enter_day":"Sunday","enter_time":"Closed","highlight_this":"yes","_id":"7423e06","single_business_day_color":"#fffa2a","single_business_timing_color":"#fffa2a","single_business_background_color":""}],"day_divider":"yes","business_day_typography_typography":"custom","business_day_typography_font_size_tablet":{"unit":"px","size":14},"business_timings_typography_typography":"custom","business_timings_typography_font_size_tablet":{"unit":"px","size":12},"section_bs_list_padding":{"unit":"px","top":"5","right":"5","bottom":"5","left":"5","isLinked":true},"day_divider_color":"#3064b7","business_day_color":"#ffffff","business_day_typography_font_family":"Poppins","business_day_typography_font_weight":"500","business_timing_color":"#ffffff","business_timings_typography_font_family":"Poppins","business_timings_typography_font_weight":"500","business_hours_striped":"yes","business_hours_striped_odd_color":"#6a6cb9","striped_effect_even":"#3064b7"},"elements":[],"isInner":false,"widgetType":"bdt-business-hours","elType":"widget"}],"isInner":false,"elType":"column"}],"isInner":false,"elType":"section"}],"page_settings":{"background_color_stop":{"unit":"%","size":"0","sizes":[]},"background_color_b_stop":{"unit":"%","size":"100","sizes":[]},"background_gradient_angle":{"unit":"deg","size":"180","sizes":[]},"background_xpos":{"unit":"px","size":"0","sizes":[]},"background_xpos_tablet":{"unit":"px","size":"0","sizes":[]},"background_xpos_mobile":{"unit":"px","size":"0","sizes":[]},"background_ypos":{"unit":"px","size":"0","sizes":[]},"background_ypos_tablet":{"unit":"px","size":"0","sizes":[]},"background_ypos_mobile":{"unit":"px","size":"0","sizes":[]},"background_bg_width":{"unit":"%","size":"100","sizes":[]},"background_bg_width_tablet":{"unit":"px","size":"","sizes":[]},"background_bg_width_mobile":{"unit":"px","size":"","sizes":[]},"element_pack_toolbar_typography_font_size":{"unit":"px","size":"","sizes":[]},"element_pack_toolbar_typography_font_size_tablet":{"unit":"px","size":"","sizes":[]},"element_pack_toolbar_typography_font_size_mobile":{"unit":"px","size":"","sizes":[]},"element_pack_toolbar_typography_line_height":{"unit":"em","size":"","sizes":[]},"element_pack_toolbar_typography_line_height_tablet":{"unit":"em","size":"","sizes":[]},"element_pack_toolbar_typography_line_height_mobile":{"unit":"em","size":"","sizes":[]},"element_pack_toolbar_typography_letter_spacing":{"unit":"px","size":"","sizes":[]},"element_pack_toolbar_typography_letter_spacing_tablet":{"unit":"px","size":"","sizes":[]},"element_pack_toolbar_typography_letter_spacing_mobile":{"unit":"px","size":"","sizes":[]},"element_pack_global_tooltip_width":{"unit":"px","size":"","sizes":[]},"element_pack_global_tooltip_width_tablet":{"unit":"px","size":"","sizes":[]},"element_pack_global_tooltip_width_mobile":{"unit":"px","size":"","sizes":[]},"element_pack_global_tooltip_background_color_stop":{"unit":"%","size":"0","sizes":[]},"element_pack_global_tooltip_background_color_b_stop":{"unit":"%","size":"100","sizes":[]},"element_pack_global_tooltip_background_gradient_angle":{"unit":"deg","size":"180","sizes":[]},"element_pack_global_tooltip_background_xpos":{"unit":"px","size":"0","sizes":[]},"element_pack_global_tooltip_background_xpos_tablet":{"unit":"px","size":"0","sizes":[]},"element_pack_global_tooltip_background_xpos_mobile":{"unit":"px","size":"0","sizes":[]},"element_pack_global_tooltip_background_ypos":{"unit":"px","size":"0","sizes":[]},"element_pack_global_tooltip_background_ypos_tablet":{"unit":"px","size":"0","sizes":[]},"element_pack_global_tooltip_background_ypos_mobile":{"unit":"px","size":"0","sizes":[]},"element_pack_global_tooltip_background_bg_width":{"unit":"%","size":"100","sizes":[]},"element_pack_global_tooltip_background_bg_width_tablet":{"unit":"px","size":"","sizes":[]},"element_pack_global_tooltip_background_bg_width_mobile":{"unit":"px","size":"","sizes":[]},"element_pack_global_tooltip_typography_font_size":{"unit":"px","size":"","sizes":[]},"element_pack_global_tooltip_typography_font_size_tablet":{"unit":"px","size":"","sizes":[]},"element_pack_global_tooltip_typography_font_size_mobile":{"unit":"px","size":"","sizes":[]},"element_pack_global_tooltip_typography_line_height":{"unit":"em","size":"","sizes":[]},"element_pack_global_tooltip_typography_line_height_tablet":{"unit":"em","size":"","sizes":[]},"element_pack_global_tooltip_typography_line_height_mobile":{"unit":"em","size":"","sizes":[]},"element_pack_global_tooltip_typography_letter_spacing":{"unit":"px","size":"","sizes":[]},"element_pack_global_tooltip_typography_letter_spacing_tablet":{"unit":"px","size":"","sizes":[]},"element_pack_global_tooltip_typography_letter_spacing_mobile":{"unit":"px","size":"","sizes":[]}}}