{"version":"0.4","title":"restaurant-blocks-10","type":"section","content":[{"id":"75736690","settings":{"background_background":"classic","background_color":"#f4ffc8","padding":{"unit":"px","top":"110","right":"0","bottom":"150","left":"0","isLinked":false},"padding_tablet":{"unit":"px","top":"50","right":"0","bottom":"80","left":"0","isLinked":false},"padding_mobile":{"unit":"px","top":"0","right":"0","bottom":"30","left":"0","isLinked":false},"margin":{"unit":"px","top":"150","right":0,"bottom":"150","left":0,"isLinked":false},"margin_tablet":{"unit":"px","top":"80","right":0,"bottom":"80","left":0,"isLinked":false},"margin_mobile":{"unit":"px","top":"50","right":0,"bottom":"50","left":0,"isLinked":true}},"elements":[{"id":"54a2c3e3","settings":{"_column_size":100,"_inline_size":null,"margin":{"unit":"px","top":"30","right":"0","bottom":"0","left":"0","isLinked":false},"_inline_size_mobile":100,"_inline_size_tablet":100},"elements":[{"id":"3061c48b","settings":{"gap":"wider","structure":"20"},"elements":[{"id":"46bafee1","settings":{"_column_size":50,"_inline_size":null,"_inline_size_tablet":100},"elements":[{"id":"16203c3a","settings":{"image":{"id":50642,"url":"https:\/\/bdthemes.net\/demo\/ready-pages\/ready-blocks\/wp-content\/uploads\/2019\/05\/food-item-background.png"},"image_size":"full","link_to":"custom","link":{"url":"#","is_external":"","nofollow":""},"css_filters_hover_css_filter":"custom","css_filters_hover_brightness":{"unit":"px","size":103},"css_filters_hover_contrast":{"unit":"px","size":103},"background_hover_transition":{"unit":"px","size":0.59999999999999997779553950749686919152736663818359375}},"elements":[],"isInner":false,"widgetType":"image","elType":"widget"}],"isInner":true,"elType":"column"},{"id":"75f02d29","settings":{"_column_size":50,"_inline_size":null,"_inline_size_tablet":100,"_inline_size_mobile":100,"content_position":"center"},"elements":[{"id":"7dfcd0fb","settings":{"title":"Cooker by Food","align":"left","typography_typography":"custom","typography_font_family":"Great Vibes","typography_font_size":{"unit":"px","size":48},"typography_font_size_mobile":{"unit":"em","size":2},"title_color":"#444444"},"elements":[],"isInner":false,"widgetType":"heading","elType":"widget"},{"id":"5c25867f","settings":{"editor":"<p>I should be incapable of drawing a single stroke at the present moment; and yet I feel that I never was a greater artist than now. When, while the lovely valley teems with vapour around me, and the meridian sun strikes the upper surface of the impenetrable foliage of my trees.<\/p><p>\u00a0I throw myself down among the tall grass by the trickling stream; and, as I lie close to the earth, a thousand unknown plants are noticed by me: when I hear the buzz of the little world among.<\/p>","typography_typography":"custom","typography_font_size":{"unit":"em","size":""}},"elements":[],"isInner":false,"widgetType":"text-editor","elType":"widget"},{"id":"4a97aa8a","settings":{"middle_text":"or","button_a_text":"Choose Food","button_b_text":"Reservation Now ","button_width":{"unit":"%","size":75},"button_width_tablet":{"unit":"%","size":60},"show_middle_text":"yes","dual_button_gap":{"unit":"px","size":0},"button_border_width":{"unit":"px","top":"","right":"","bottom":"","left":"","isLinked":true},"dual_button_typography_typography":"custom","dual_button_typography_font_size_mobile":{"unit":"px","size":8},"button_a_background_background":"classic","button_a_background_image":{"id":47315,"url":"http:\/\/192.168.1.100\/others-ready-pages\/wp-content\/uploads\/2019\/04\/food-item.jpg"},"button_a_background_position":"center center","button_a_hover_background_background":"classic","button_a_hover_background_color":"rgba(0,0,0,0.4)","button_b_background_background":"classic","button_b_background_image":{"id":47311,"url":"http:\/\/192.168.1.100\/others-ready-pages\/wp-content\/uploads\/2019\/04\/image-4.jpg"},"button_b_background_position":"center center","button_b_hover_background_background":"classic","button_b_hover_background_color":"rgba(0,0,0,0.4)","_margin":{"unit":"px","top":"50","right":"0","bottom":"0","left":"0","isLinked":false}},"elements":[],"isInner":false,"widgetType":"bdt-dual-button","elType":"widget"}],"isInner":true,"elType":"column"}],"isInner":true,"elType":"section"}],"isInner":false,"elType":"column"}],"isInner":false,"elType":"section"}],"page_settings":{"background_color_stop":{"unit":"%","size":"0","sizes":[]},"background_color_b_stop":{"unit":"%","size":"100","sizes":[]},"background_gradient_angle":{"unit":"deg","size":"180","sizes":[]},"background_xpos":{"unit":"px","size":"0","sizes":[]},"background_xpos_tablet":{"unit":"px","size":"0","sizes":[]},"background_xpos_mobile":{"unit":"px","size":"0","sizes":[]},"background_ypos":{"unit":"px","size":"0","sizes":[]},"background_ypos_tablet":{"unit":"px","size":"0","sizes":[]},"background_ypos_mobile":{"unit":"px","size":"0","sizes":[]},"background_bg_width":{"unit":"%","size":"100","sizes":[]},"background_bg_width_tablet":{"unit":"px","size":"","sizes":[]},"background_bg_width_mobile":{"unit":"px","size":"","sizes":[]},"element_pack_toolbar_typography_font_size":{"unit":"px","size":"","sizes":[]},"element_pack_toolbar_typography_font_size_tablet":{"unit":"px","size":"","sizes":[]},"element_pack_toolbar_typography_font_size_mobile":{"unit":"px","size":"","sizes":[]},"element_pack_toolbar_typography_line_height":{"unit":"em","size":"","sizes":[]},"element_pack_toolbar_typography_line_height_tablet":{"unit":"em","size":"","sizes":[]},"element_pack_toolbar_typography_line_height_mobile":{"unit":"em","size":"","sizes":[]},"element_pack_toolbar_typography_letter_spacing":{"unit":"px","size":"","sizes":[]},"element_pack_toolbar_typography_letter_spacing_tablet":{"unit":"px","size":"","sizes":[]},"element_pack_toolbar_typography_letter_spacing_mobile":{"unit":"px","size":"","sizes":[]},"element_pack_global_tooltip_width":{"unit":"px","size":"","sizes":[]},"element_pack_global_tooltip_width_tablet":{"unit":"px","size":"","sizes":[]},"element_pack_global_tooltip_width_mobile":{"unit":"px","size":"","sizes":[]},"element_pack_global_tooltip_background_color_stop":{"unit":"%","size":"0","sizes":[]},"element_pack_global_tooltip_background_color_b_stop":{"unit":"%","size":"100","sizes":[]},"element_pack_global_tooltip_background_gradient_angle":{"unit":"deg","size":"180","sizes":[]},"element_pack_global_tooltip_background_xpos":{"unit":"px","size":"0","sizes":[]},"element_pack_global_tooltip_background_xpos_tablet":{"unit":"px","size":"0","sizes":[]},"element_pack_global_tooltip_background_xpos_mobile":{"unit":"px","size":"0","sizes":[]},"element_pack_global_tooltip_background_ypos":{"unit":"px","size":"0","sizes":[]},"element_pack_global_tooltip_background_ypos_tablet":{"unit":"px","size":"0","sizes":[]},"element_pack_global_tooltip_background_ypos_mobile":{"unit":"px","size":"0","sizes":[]},"element_pack_global_tooltip_background_bg_width":{"unit":"%","size":"100","sizes":[]},"element_pack_global_tooltip_background_bg_width_tablet":{"unit":"px","size":"","sizes":[]},"element_pack_global_tooltip_background_bg_width_mobile":{"unit":"px","size":"","sizes":[]},"element_pack_global_tooltip_typography_font_size":{"unit":"px","size":"","sizes":[]},"element_pack_global_tooltip_typography_font_size_tablet":{"unit":"px","size":"","sizes":[]},"element_pack_global_tooltip_typography_font_size_mobile":{"unit":"px","size":"","sizes":[]},"element_pack_global_tooltip_typography_line_height":{"unit":"em","size":"","sizes":[]},"element_pack_global_tooltip_typography_line_height_tablet":{"unit":"em","size":"","sizes":[]},"element_pack_global_tooltip_typography_line_height_mobile":{"unit":"em","size":"","sizes":[]},"element_pack_global_tooltip_typography_letter_spacing":{"unit":"px","size":"","sizes":[]},"element_pack_global_tooltip_typography_letter_spacing_tablet":{"unit":"px","size":"","sizes":[]},"element_pack_global_tooltip_typography_letter_spacing_mobile":{"unit":"px","size":"","sizes":[]}}}