{"version":"0.4","title":"restaurant-blocks-5","type":"section","content":[{"id":"12ebb438","settings":{"padding":{"unit":"px","top":"150","right":"0","bottom":"150","left":"0","isLinked":false},"_title":"Food Menu","padding_tablet":{"unit":"px","top":"80","right":"0","bottom":"80","left":"0","isLinked":false},"padding_mobile":{"unit":"px","top":"50","right":"0","bottom":"50","left":"0","isLinked":false}},"elements":[{"id":"1fbfe185","settings":{"_column_size":100},"elements":[{"id":"6d24707a","settings":{"title":"Our Food Menu","title_color":"#000000","typography_typography":"custom","typography_font_family":"Dancing Script","typography_font_size":{"unit":"px","size":48},"typography_font_weight":"700","align":"center","typography_font_size_mobile":{"unit":"px","size":24}},"elements":[],"isInner":false,"widgetType":"heading","elType":"widget"},{"id":"5cdd8d74","settings":{"image":{"id":47336,"url":"http:\/\/192.168.1.100\/others-ready-pages\/wp-content\/uploads\/2019\/04\/01.png"},"width_mobile":{"unit":"%","size":24}},"elements":[],"isInner":false,"widgetType":"image","elType":"widget"},{"id":"7dd3c2f6","settings":{"editor":"<p>Etiam convallis, mauris id tempor rutrum, nisl turpis tincidunt nulla, vel dapibus<br \/>odio velit ut nulla. ed eget posuere nibh. Sed a tristique dui.<\/p>","text_color":"rgba(0,0,0,0.7)","typography_typography":"custom","typography_font_family":"Ledger","animation_duration":"fast","_animation_delay":800,"align":"center","typography_font_size_mobile":{"unit":"px","size":12}},"elements":[],"isInner":false,"widgetType":"text-editor","elType":"widget"},{"id":"47d24828","settings":{"gap":"wider","structure":"20"},"elements":[{"id":"4fa009bd","settings":{"_column_size":50,"_inline_size":null,"_inline_size_tablet":100},"elements":[{"id":"f96aa22","settings":{"price_list":[{"title":"Baked Crab Cheese ","price":"$37","link":{"url":"#","is_external":"","nofollow":""},"_id":"b363b1d","item_description":"Ut nulla arcu, ornare vitae vulputate et, malesuada at justo. Suspendisse lacinia.","image":{"id":50580,"url":"https:\/\/bdthemes.net\/demo\/ready-pages\/ready-blocks\/wp-content\/uploads\/2019\/05\/01-2.png"}},{"title":"Crispy Squid","price":"$32","link":{"url":"#","is_external":"","nofollow":""},"_id":"6b4f675","item_description":"Ut nulla arcu, ornare vitae vulputate et, malesuada at justo. Suspendisse lacinia.","image":{"id":50581,"url":"https:\/\/bdthemes.net\/demo\/ready-pages\/ready-blocks\/wp-content\/uploads\/2019\/05\/02-1-1.png"}},{"title":"Roasted Chicken","price":"$25","link":{"url":"#","is_external":"","nofollow":""},"_id":"d73dfdc","item_description":"Ut nulla arcu, ornare vitae vulputate et, malesuada at justo. Suspendisse lacinia.","image":{"id":50586,"url":"https:\/\/bdthemes.net\/demo\/ready-pages\/ready-blocks\/wp-content\/uploads\/2019\/05\/08.png"}},{"title":"Napa Cabbage","price":"$55","link":{"url":"#","is_external":"","nofollow":""},"_id":"ff34f08","item_description":"Ut nulla arcu, ornare vitae vulputate et, malesuada at justo. Suspendisse lacinia.","image":{"id":50582,"url":"https:\/\/bdthemes.net\/demo\/ready-pages\/ready-blocks\/wp-content\/uploads\/2019\/05\/03-1-1.png"}}],"separator_style":"none","image_size":{"unit":"px","size":141},"row_gap":{"unit":"px","size":20},"price_color":"#5CD04A","price_background_color":"rgba(92,208,74,0.05)","price_height":{"unit":"px","size":40}},"elements":[],"isInner":false,"widgetType":"bdt-price-list","elType":"widget"}],"isInner":true,"elType":"column"},{"id":"64c8be38","settings":{"_column_size":50,"_inline_size":null,"_inline_size_tablet":100},"elements":[{"id":"41893607","settings":{"price_list":[{"title":"Caprese Salad","price":"$13","link":{"url":"#","is_external":"","nofollow":""},"_id":"b363b1d","item_description":"Ut nulla arcu, ornare vitae vulputate et, malesuada at justo. Suspendisse lacinia.","image":{"id":50584,"url":"https:\/\/bdthemes.net\/demo\/ready-pages\/ready-blocks\/wp-content\/uploads\/2019\/05\/05.png"}},{"title":"Chicken Soup","price":"$23","link":{"url":"#","is_external":"","nofollow":""},"_id":"6b4f675","item_description":"Ut nulla arcu, ornare vitae vulputate et, malesuada at justo. Suspendisse lacinia.","image":{"id":50583,"url":"https:\/\/bdthemes.net\/demo\/ready-pages\/ready-blocks\/wp-content\/uploads\/2019\/05\/04.png"}},{"title":"Foie Gras","price":"$45","link":{"url":"#","is_external":"","nofollow":""},"_id":"d73dfdc","item_description":"Ut nulla arcu, ornare vitae vulputate et, malesuada at justo. Suspendisse lacinia.","image":{"id":50585,"url":"https:\/\/bdthemes.net\/demo\/ready-pages\/ready-blocks\/wp-content\/uploads\/2019\/05\/07.png"}},{"title":"Strawberry pancake","price":"$53","link":{"url":"#","is_external":"","nofollow":""},"_id":"211bf61","item_description":"Ut nulla arcu, ornare vitae vulputate et, malesuada at justo. Suspendisse lacinia.","image":{"id":50587,"url":"https:\/\/bdthemes.net\/demo\/ready-pages\/ready-blocks\/wp-content\/uploads\/2019\/05\/063.png"}}],"separator_style":"none","image_size":{"unit":"px","size":140},"row_gap":{"unit":"px","size":20},"price_color":"#5CD04A","price_background_color":"rgba(92,208,74,0.05)","price_height":{"unit":"px","size":40}},"elements":[],"isInner":false,"widgetType":"bdt-price-list","elType":"widget"}],"isInner":true,"elType":"column"}],"isInner":true,"elType":"section"},{"id":"7b72280a","settings":[],"elements":[{"id":"51812db1","settings":{"_column_size":100,"_inline_size":null},"elements":[{"id":"3eabacb6","settings":{"text":"VIEW FULL MENU","typography_typography":"custom","typography_font_size":{"unit":"px","size":12},"typography_font_weight":"700","button_text_color":"#ffffff","background_color":"#5CD04A","button_box_shadow_box_shadow_type":"yes","button_box_shadow_box_shadow":{"horizontal":0,"vertical":5,"blur":10,"spread":0,"color":"rgba(92,208,74,0.55)"},"text_padding":{"unit":"px","top":"15","right":"30","bottom":"15","left":"30","isLinked":false},"align":"center","typography_font_size_mobile":{"unit":"px","size":10},"button_background_hover_color":"#46c46c","text_padding_mobile":{"unit":"px","top":"10","right":"20","bottom":"10","left":"20","isLinked":false}},"elements":[],"isInner":false,"widgetType":"button","elType":"widget"}],"isInner":true,"elType":"column"}],"isInner":true,"elType":"section"}],"isInner":false,"elType":"column"}],"isInner":false,"elType":"section"}],"page_settings":{"background_color_stop":{"unit":"%","size":"0","sizes":[]},"background_color_b_stop":{"unit":"%","size":"100","sizes":[]},"background_gradient_angle":{"unit":"deg","size":"180","sizes":[]},"background_xpos":{"unit":"px","size":"0","sizes":[]},"background_xpos_tablet":{"unit":"px","size":"0","sizes":[]},"background_xpos_mobile":{"unit":"px","size":"0","sizes":[]},"background_ypos":{"unit":"px","size":"0","sizes":[]},"background_ypos_tablet":{"unit":"px","size":"0","sizes":[]},"background_ypos_mobile":{"unit":"px","size":"0","sizes":[]},"background_bg_width":{"unit":"%","size":"100","sizes":[]},"background_bg_width_tablet":{"unit":"px","size":"","sizes":[]},"background_bg_width_mobile":{"unit":"px","size":"","sizes":[]},"element_pack_toolbar_typography_font_size":{"unit":"px","size":"","sizes":[]},"element_pack_toolbar_typography_font_size_tablet":{"unit":"px","size":"","sizes":[]},"element_pack_toolbar_typography_font_size_mobile":{"unit":"px","size":"","sizes":[]},"element_pack_toolbar_typography_line_height":{"unit":"em","size":"","sizes":[]},"element_pack_toolbar_typography_line_height_tablet":{"unit":"em","size":"","sizes":[]},"element_pack_toolbar_typography_line_height_mobile":{"unit":"em","size":"","sizes":[]},"element_pack_toolbar_typography_letter_spacing":{"unit":"px","size":"","sizes":[]},"element_pack_toolbar_typography_letter_spacing_tablet":{"unit":"px","size":"","sizes":[]},"element_pack_toolbar_typography_letter_spacing_mobile":{"unit":"px","size":"","sizes":[]},"element_pack_global_tooltip_width":{"unit":"px","size":"","sizes":[]},"element_pack_global_tooltip_width_tablet":{"unit":"px","size":"","sizes":[]},"element_pack_global_tooltip_width_mobile":{"unit":"px","size":"","sizes":[]},"element_pack_global_tooltip_background_color_stop":{"unit":"%","size":"0","sizes":[]},"element_pack_global_tooltip_background_color_b_stop":{"unit":"%","size":"100","sizes":[]},"element_pack_global_tooltip_background_gradient_angle":{"unit":"deg","size":"180","sizes":[]},"element_pack_global_tooltip_background_xpos":{"unit":"px","size":"0","sizes":[]},"element_pack_global_tooltip_background_xpos_tablet":{"unit":"px","size":"0","sizes":[]},"element_pack_global_tooltip_background_xpos_mobile":{"unit":"px","size":"0","sizes":[]},"element_pack_global_tooltip_background_ypos":{"unit":"px","size":"0","sizes":[]},"element_pack_global_tooltip_background_ypos_tablet":{"unit":"px","size":"0","sizes":[]},"element_pack_global_tooltip_background_ypos_mobile":{"unit":"px","size":"0","sizes":[]},"element_pack_global_tooltip_background_bg_width":{"unit":"%","size":"100","sizes":[]},"element_pack_global_tooltip_background_bg_width_tablet":{"unit":"px","size":"","sizes":[]},"element_pack_global_tooltip_background_bg_width_mobile":{"unit":"px","size":"","sizes":[]},"element_pack_global_tooltip_typography_font_size":{"unit":"px","size":"","sizes":[]},"element_pack_global_tooltip_typography_font_size_tablet":{"unit":"px","size":"","sizes":[]},"element_pack_global_tooltip_typography_font_size_mobile":{"unit":"px","size":"","sizes":[]},"element_pack_global_tooltip_typography_line_height":{"unit":"em","size":"","sizes":[]},"element_pack_global_tooltip_typography_line_height_tablet":{"unit":"em","size":"","sizes":[]},"element_pack_global_tooltip_typography_line_height_mobile":{"unit":"em","size":"","sizes":[]},"element_pack_global_tooltip_typography_letter_spacing":{"unit":"px","size":"","sizes":[]},"element_pack_global_tooltip_typography_letter_spacing_tablet":{"unit":"px","size":"","sizes":[]},"element_pack_global_tooltip_typography_letter_spacing_mobile":{"unit":"px","size":"","sizes":[]}}}