{"version":"0.4","title":"restaurant-blocks-8","type":"section","content":[{"id":"40c0b63","settings":{"background_background":"classic","padding":{"unit":"px","top":"0","right":"0","bottom":"150","left":"0","isLinked":false},"background_image":{"id":47911,"url":"http:\/\/192.168.1.100\/others-ready-pages\/wp-content\/uploads\/2019\/04\/02-3-2.png"},"background_position":"center right","padding_tablet":{"unit":"px","top":"80","right":"0","bottom":"80","left":"0","isLinked":false},"padding_mobile":{"unit":"px","top":"50","right":"0","bottom":"50","left":"0","isLinked":false}},"elements":[{"id":"627eefcb","settings":{"_column_size":100,"_inline_size":null,"_inline_size_mobile":100},"elements":[{"id":"459a3e6d","settings":{"gap":"wider","structure":"21","margin":{"unit":"px","top":"","right":0,"bottom":"","left":0,"isLinked":true}},"elements":[{"id":"68fb7942","settings":{"_column_size":33,"_inline_size":45,"_inline_size_tablet":100},"elements":[],"isInner":true,"elType":"column"},{"id":"10b24c27","settings":{"_column_size":66,"_inline_size":54.9969999999999998863131622783839702606201171875,"content_position":"center","_inline_size_tablet":100,"_inline_size_mobile":100},"elements":[{"id":"6837007e","settings":{"title":"We are a specialist food\nhave been selling high quality","_widget_parallax_on":"yes","_widget_parallax_y_value":{"unit":"px","size":100},"_widget_parallax_viewport_value":{"unit":"px","size":0.299999999999999988897769753748434595763683319091796875},"title_color":"#202020"},"elements":[],"isInner":false,"widgetType":"heading","elType":"widget"},{"id":"610d2b51","settings":{"editor":"<p>We have been trading online for the last 3 years so it\u2019s now even easier for our customers to get great, fresh produce. Our product of the month is our range of fruit smoothies and if your order them now you can benefit.<\/p>","_widget_parallax_on":"yes","_widget_parallax_y_value":{"unit":"px","size":100},"_widget_parallax_viewport_value":{"unit":"px","size":0.299999999999999988897769753748434595763683319091796875},"_padding":{"unit":"px","top":"0","right":"150","bottom":"0","left":"0","isLinked":false},"_padding_mobile":{"unit":"px","top":"0","right":"0","bottom":"0","left":"0","isLinked":false}},"elements":[],"isInner":false,"widgetType":"text-editor","elType":"widget"}],"isInner":true,"elType":"column"}],"isInner":true,"elType":"section"},{"id":"6c28bb6e","settings":{"gap":"wider","structure":"30"},"elements":[{"id":"5b517cf0","settings":{"_column_size":33,"_inline_size":45,"box_shadow_hover_box_shadow_type":"yes","box_shadow_hover_box_shadow":{"horizontal":0,"vertical":5,"blur":50,"spread":0,"color":"rgba(0,0,0,0.1)"},"_inline_size_tablet":100},"elements":[],"isInner":true,"elType":"column"},{"id":"72600896","settings":{"_column_size":33,"_inline_size":27.458999999999999630517777404747903347015380859375,"box_shadow_hover_box_shadow_type":"yes","box_shadow_hover_box_shadow":{"horizontal":0,"vertical":5,"blur":50,"spread":0,"color":"rgba(0,0,0,0.1)"},"box_shadow_box_shadow":{"horizontal":0,"vertical":5,"blur":50,"spread":0,"color":"rgba(0,0,0,0.05)"},"_inline_size_tablet":50},"elements":[{"id":"9cc4a27","settings":{"title":"Gather","header_size":"h3","title_color":"#202020"},"elements":[],"isInner":false,"widgetType":"heading","elType":"widget"},{"id":"3eecf6bd","settings":{"editor":"<p>We have been trading online for the last 3 years so it\u2019s now even easier for our customers to get great, fresh produce.<\/p>"},"elements":[],"isInner":false,"widgetType":"text-editor","elType":"widget"}],"isInner":true,"elType":"column"},{"id":"80d79aa","settings":{"_column_size":33,"_inline_size":27.53699999999999903366187936626374721527099609375,"content_position":"center","box_shadow_hover_box_shadow_type":"yes","box_shadow_hover_box_shadow":{"horizontal":0,"vertical":5,"blur":50,"spread":0,"color":"rgba(0,0,0,0.1)"},"_inline_size_tablet":50},"elements":[{"id":"19b5f8d0","settings":{"title":"Cook","header_size":"h3","title_color":"#202020"},"elements":[],"isInner":false,"widgetType":"heading","elType":"widget"},{"id":"793d2715","settings":{"editor":"<p>We have been trading online for the last 3 years so it\u2019s now even easier for our customers to get great, fresh produce.<\/p>"},"elements":[],"isInner":false,"widgetType":"text-editor","elType":"widget"}],"isInner":true,"elType":"column"}],"isInner":true,"elType":"section"},{"id":"5a85f84d","settings":{"structure":"32"},"elements":[{"id":"3f8a55fe","settings":{"_column_size":50,"_inline_size":46.47500000000000142108547152020037174224853515625,"_inline_size_tablet":100},"elements":[],"isInner":true,"elType":"column"},{"id":"67bc7bc2","settings":{"_column_size":25,"_inline_size":28.52499999999999857891452847979962825775146484375,"_inline_size_tablet":100},"elements":[{"id":"737026b1","settings":{"text":"Discover More","button_background_background":"classic","button_background_color":"#ffffff","button_border_style":"none","advanced_button_shadow_box_shadow_type":"yes","advanced_button_shadow_box_shadow":{"horizontal":0,"vertical":5,"blur":50,"spread":0,"color":"rgba(0,0,0,0.05)"},"advanced_button_typography_typography":"custom","advanced_button_typography_text_transform":"capitalize","button_hover_background_background":"classic","button_hover_background_color":"#b7084e","button_hover_border_style":"none","_margin":{"unit":"px","top":"20","right":"0","bottom":"0","left":"0","isLinked":false}},"elements":[],"isInner":false,"widgetType":"bdt-advanced-button","elType":"widget"}],"isInner":true,"elType":"column"},{"id":"67efeb5a","settings":{"_column_size":25,"_inline_size":null,"_inline_size_tablet":100},"elements":[],"isInner":true,"elType":"column"}],"isInner":true,"elType":"section"}],"isInner":false,"elType":"column"}],"isInner":false,"elType":"section"}],"page_settings":{"background_color_stop":{"unit":"%","size":"0","sizes":[]},"background_color_b_stop":{"unit":"%","size":"100","sizes":[]},"background_gradient_angle":{"unit":"deg","size":"180","sizes":[]},"background_xpos":{"unit":"px","size":"0","sizes":[]},"background_xpos_tablet":{"unit":"px","size":"0","sizes":[]},"background_xpos_mobile":{"unit":"px","size":"0","sizes":[]},"background_ypos":{"unit":"px","size":"0","sizes":[]},"background_ypos_tablet":{"unit":"px","size":"0","sizes":[]},"background_ypos_mobile":{"unit":"px","size":"0","sizes":[]},"background_bg_width":{"unit":"%","size":"100","sizes":[]},"background_bg_width_tablet":{"unit":"px","size":"","sizes":[]},"background_bg_width_mobile":{"unit":"px","size":"","sizes":[]},"element_pack_toolbar_typography_font_size":{"unit":"px","size":"","sizes":[]},"element_pack_toolbar_typography_font_size_tablet":{"unit":"px","size":"","sizes":[]},"element_pack_toolbar_typography_font_size_mobile":{"unit":"px","size":"","sizes":[]},"element_pack_toolbar_typography_line_height":{"unit":"em","size":"","sizes":[]},"element_pack_toolbar_typography_line_height_tablet":{"unit":"em","size":"","sizes":[]},"element_pack_toolbar_typography_line_height_mobile":{"unit":"em","size":"","sizes":[]},"element_pack_toolbar_typography_letter_spacing":{"unit":"px","size":"","sizes":[]},"element_pack_toolbar_typography_letter_spacing_tablet":{"unit":"px","size":"","sizes":[]},"element_pack_toolbar_typography_letter_spacing_mobile":{"unit":"px","size":"","sizes":[]},"element_pack_global_tooltip_width":{"unit":"px","size":"","sizes":[]},"element_pack_global_tooltip_width_tablet":{"unit":"px","size":"","sizes":[]},"element_pack_global_tooltip_width_mobile":{"unit":"px","size":"","sizes":[]},"element_pack_global_tooltip_background_color_stop":{"unit":"%","size":"0","sizes":[]},"element_pack_global_tooltip_background_color_b_stop":{"unit":"%","size":"100","sizes":[]},"element_pack_global_tooltip_background_gradient_angle":{"unit":"deg","size":"180","sizes":[]},"element_pack_global_tooltip_background_xpos":{"unit":"px","size":"0","sizes":[]},"element_pack_global_tooltip_background_xpos_tablet":{"unit":"px","size":"0","sizes":[]},"element_pack_global_tooltip_background_xpos_mobile":{"unit":"px","size":"0","sizes":[]},"element_pack_global_tooltip_background_ypos":{"unit":"px","size":"0","sizes":[]},"element_pack_global_tooltip_background_ypos_tablet":{"unit":"px","size":"0","sizes":[]},"element_pack_global_tooltip_background_ypos_mobile":{"unit":"px","size":"0","sizes":[]},"element_pack_global_tooltip_background_bg_width":{"unit":"%","size":"100","sizes":[]},"element_pack_global_tooltip_background_bg_width_tablet":{"unit":"px","size":"","sizes":[]},"element_pack_global_tooltip_background_bg_width_mobile":{"unit":"px","size":"","sizes":[]},"element_pack_global_tooltip_typography_font_size":{"unit":"px","size":"","sizes":[]},"element_pack_global_tooltip_typography_font_size_tablet":{"unit":"px","size":"","sizes":[]},"element_pack_global_tooltip_typography_font_size_mobile":{"unit":"px","size":"","sizes":[]},"element_pack_global_tooltip_typography_line_height":{"unit":"em","size":"","sizes":[]},"element_pack_global_tooltip_typography_line_height_tablet":{"unit":"em","size":"","sizes":[]},"element_pack_global_tooltip_typography_line_height_mobile":{"unit":"em","size":"","sizes":[]},"element_pack_global_tooltip_typography_letter_spacing":{"unit":"px","size":"","sizes":[]},"element_pack_global_tooltip_typography_letter_spacing_tablet":{"unit":"px","size":"","sizes":[]},"element_pack_global_tooltip_typography_letter_spacing_mobile":{"unit":"px","size":"","sizes":[]}}}