{"version":"0.4","title":"restaurant-blocks-4","type":"section","content":[{"id":"75c4a60e","settings":{"background_background":"classic","background_image":{"id":47918,"url":"http:\/\/192.168.1.100\/others-ready-pages\/wp-content\/uploads\/2019\/04\/bg1.png"},"padding":{"unit":"px","top":"240","right":"0","bottom":"180","left":"0","isLinked":false},"layout":"full_width","padding_tablet":{"unit":"px","top":"250","right":"30","bottom":"250","left":"30","isLinked":false},"padding_mobile":{"unit":"px","top":"200","right":"15","bottom":"200","left":"15","isLinked":false},"background_overlay_background":"classic","shape_divider_top":"tilt","shape_divider_top_color":"#f4f4f4","shape_divider_top_height":{"unit":"px","size":170},"shape_divider_top_flip":"yes","shape_divider_bottom":"tilt","shape_divider_bottom_color":"#f4f4f4","shape_divider_bottom_height":{"unit":"px","size":150},"shape_divider_bottom_flip":"yes","margin":{"unit":"px","top":"","right":0,"bottom":"","left":0,"isLinked":true},"background_position":"top right"},"elements":[{"id":"5258a212","settings":{"_column_size":100,"_inline_size_tablet":100,"_inline_size_mobile":100,"padding_tablet":{"unit":"px","top":"0","right":"0","bottom":"0","left":"0","isLinked":false}},"elements":[{"id":"2c9cf3a3","settings":{"structure":"20","gap":"wider"},"elements":[{"id":"278119a6","settings":{"_column_size":50,"_inline_size":null,"_inline_size_tablet":100,"padding_tablet":{"unit":"px","top":"0","right":"0","bottom":"0","left":"0","isLinked":false},"_inline_size_mobile":100,"padding":{"unit":"px","top":"0","right":"0","bottom":"0","left":"0","isLinked":false}},"elements":[{"id":"36403459","settings":{"sub_heading":"","main_heading":"What Our Visitor Say's","align":"left","advanced_heading":"GOOD FOOD","advanced_heading_x_position":{"unit":"px","size":-45},"advanced_heading_y_position":{"unit":"px","size":75},"advanced_heading_rotate":{"unit":"px","size":90},"advanced_heading_color":"#cccbc8","split_text":"Splite Text"},"elements":[],"isInner":false,"widgetType":"bdt-advanced-heading","elType":"widget"},{"id":"12451222","settings":{"columns":"1","navigation":"dots","item_background":"#ffffff","text_color":"rgba(0,0,0,0.5)","dots_color":"#23a455","active_dot_color":"#b51850","item_box_shadow_switcher":"","item_box_shadow":{"horizontal":0,"vertical":"","blur":"","spread":0,"color":""},"rating_color":"rgba(145,156,167,0.69)","active_rating_color":"#b7084e","dots_size":{"unit":"px","size":8},"_widget_parallax_on":"yes","_widget_parallax_y_value":{"unit":"px","size":100},"columns_tablet":"1","_margin_tablet":{"unit":"px","top":"0","right":"0","bottom":"0","left":"0","isLinked":false}},"elements":[],"isInner":false,"widgetType":"bdt-testimonial-carousel","elType":"widget"}],"isInner":true,"elType":"column"},{"id":"654261d8","settings":{"_column_size":50,"_inline_size":null,"_inline_size_mobile":100},"elements":[],"isInner":true,"elType":"column"}],"isInner":true,"elType":"section"}],"isInner":false,"elType":"column"}],"isInner":false,"elType":"section"}],"page_settings":{"background_color_stop":{"unit":"%","size":"0","sizes":[]},"background_color_b_stop":{"unit":"%","size":"100","sizes":[]},"background_gradient_angle":{"unit":"deg","size":"180","sizes":[]},"background_xpos":{"unit":"px","size":"0","sizes":[]},"background_xpos_tablet":{"unit":"px","size":"0","sizes":[]},"background_xpos_mobile":{"unit":"px","size":"0","sizes":[]},"background_ypos":{"unit":"px","size":"0","sizes":[]},"background_ypos_tablet":{"unit":"px","size":"0","sizes":[]},"background_ypos_mobile":{"unit":"px","size":"0","sizes":[]},"background_bg_width":{"unit":"%","size":"100","sizes":[]},"background_bg_width_tablet":{"unit":"px","size":"","sizes":[]},"background_bg_width_mobile":{"unit":"px","size":"","sizes":[]},"element_pack_toolbar_typography_font_size":{"unit":"px","size":"","sizes":[]},"element_pack_toolbar_typography_font_size_tablet":{"unit":"px","size":"","sizes":[]},"element_pack_toolbar_typography_font_size_mobile":{"unit":"px","size":"","sizes":[]},"element_pack_toolbar_typography_line_height":{"unit":"em","size":"","sizes":[]},"element_pack_toolbar_typography_line_height_tablet":{"unit":"em","size":"","sizes":[]},"element_pack_toolbar_typography_line_height_mobile":{"unit":"em","size":"","sizes":[]},"element_pack_toolbar_typography_letter_spacing":{"unit":"px","size":"","sizes":[]},"element_pack_toolbar_typography_letter_spacing_tablet":{"unit":"px","size":"","sizes":[]},"element_pack_toolbar_typography_letter_spacing_mobile":{"unit":"px","size":"","sizes":[]},"element_pack_global_tooltip_width":{"unit":"px","size":"","sizes":[]},"element_pack_global_tooltip_width_tablet":{"unit":"px","size":"","sizes":[]},"element_pack_global_tooltip_width_mobile":{"unit":"px","size":"","sizes":[]},"element_pack_global_tooltip_background_color_stop":{"unit":"%","size":"0","sizes":[]},"element_pack_global_tooltip_background_color_b_stop":{"unit":"%","size":"100","sizes":[]},"element_pack_global_tooltip_background_gradient_angle":{"unit":"deg","size":"180","sizes":[]},"element_pack_global_tooltip_background_xpos":{"unit":"px","size":"0","sizes":[]},"element_pack_global_tooltip_background_xpos_tablet":{"unit":"px","size":"0","sizes":[]},"element_pack_global_tooltip_background_xpos_mobile":{"unit":"px","size":"0","sizes":[]},"element_pack_global_tooltip_background_ypos":{"unit":"px","size":"0","sizes":[]},"element_pack_global_tooltip_background_ypos_tablet":{"unit":"px","size":"0","sizes":[]},"element_pack_global_tooltip_background_ypos_mobile":{"unit":"px","size":"0","sizes":[]},"element_pack_global_tooltip_background_bg_width":{"unit":"%","size":"100","sizes":[]},"element_pack_global_tooltip_background_bg_width_tablet":{"unit":"px","size":"","sizes":[]},"element_pack_global_tooltip_background_bg_width_mobile":{"unit":"px","size":"","sizes":[]},"element_pack_global_tooltip_typography_font_size":{"unit":"px","size":"","sizes":[]},"element_pack_global_tooltip_typography_font_size_tablet":{"unit":"px","size":"","sizes":[]},"element_pack_global_tooltip_typography_font_size_mobile":{"unit":"px","size":"","sizes":[]},"element_pack_global_tooltip_typography_line_height":{"unit":"em","size":"","sizes":[]},"element_pack_global_tooltip_typography_line_height_tablet":{"unit":"em","size":"","sizes":[]},"element_pack_global_tooltip_typography_line_height_mobile":{"unit":"em","size":"","sizes":[]},"element_pack_global_tooltip_typography_letter_spacing":{"unit":"px","size":"","sizes":[]},"element_pack_global_tooltip_typography_letter_spacing_tablet":{"unit":"px","size":"","sizes":[]},"element_pack_global_tooltip_typography_letter_spacing_mobile":{"unit":"px","size":"","sizes":[]}}}