{"version":"0.4","title":"login-blocks-3","type":"section","content":[{"id":"4925fe3","settings":{"content_width":{"unit":"px","size":800},"padding":{"unit":"px","top":"150","right":"0","bottom":"150","left":"0","isLinked":false},"padding_tablet":{"unit":"px","top":"80","right":"30","bottom":"80","left":"30","isLinked":false},"padding_mobile":{"unit":"px","top":"50","right":"15","bottom":"50","left":"15","isLinked":false}},"elements":[{"id":"5504b80a","settings":{"_column_size":100,"background_background":"gradient","background_color":"#ff6372","background_color_b_stop":{"unit":"%","size":60},"background_gradient_angle":{"unit":"deg","size":130},"padding":{"unit":"px","top":"50","right":"50","bottom":"50","left":"50","isLinked":true},"_inline_size_tablet":100},"elements":[{"id":"7ed53da3","settings":{"title":"Please Login our Website.","align":"center","typography_typography":"custom","typography_font_size":{"unit":"px","size":28},"_margin":{"unit":"px","top":"0","right":"0","bottom":"30","left":"0","isLinked":false},"typography_font_size_mobile":{"unit":"px","size":25},"title_color":"#ffffff"},"elements":[],"isInner":false,"widgetType":"heading","elType":"widget"},{"id":"7ecef8b5","settings":{"weight":{"unit":"px","size":2},"color":"#ffffff","width":{"unit":"%","size":15},"align":"center","gap":{"unit":"px","size":2},"_margin":{"unit":"px","top":"-10","right":"0","bottom":"25","left":"0","isLinked":false}},"elements":[],"isInner":false,"widgetType":"divider","elType":"widget"},{"id":"16f93461","settings":{"gap":"wider","structure":"20","background_background":"classic","background_color":"rgba(255,255,255,0.66)","box_shadow_box_shadow_type":"yes","box_shadow_box_shadow":{"horizontal":0,"vertical":5,"blur":30,"spread":0,"color":"rgba(0,0,0,0.19)"},"padding_mobile":{"unit":"px","top":"15","right":"0","bottom":"30","left":"0","isLinked":false}},"elements":[{"id":"2ecf5b2c","settings":{"_column_size":50,"_inline_size":null,"background_background":"classic","_inline_size_mobile":100},"elements":[{"id":"54ab4425","settings":{"image":{"id":47288,"url":"https:\/\/bdthemes.net\/demo\/ready-pages\/ready-blocks\/wp-content\/uploads\/2019\/04\/hierarchical-structure.png"},"image_size":"full"},"elements":[],"isInner":false,"widgetType":"image","elType":"widget"}],"isInner":true,"elType":"column"},{"id":"1d7067a2","settings":{"_column_size":50,"_inline_size":null,"_inline_size_mobile":100,"padding":{"unit":"px","top":"45","right":"45","bottom":"35","left":"35","isLinked":false},"padding_mobile":{"unit":"px","top":"20","right":"20","bottom":"20","left":"20","isLinked":true}},"elements":[{"id":"2bfd1d18","settings":{"button_text":"Log In","align":"stretch","bdt_dropdown_dropdown_button_text":"Log In","bdt_modal_modal_button_text":"Log In","user_label":"Username or Email","user_placeholder":"Username or Email","password_label":"Password","password_placeholder":"Password","links_color":"#000000","links_hover_color":"#ffffff","label_color":"#000000","field_text_color":"#000000","field_placeholder_color":"rgba(0,0,0,0.5)","field_background_color":"rgba(0,0,0,0)","button_typography_typography":"custom","button_typography_font_size":{"unit":"px","size":15},"button_typography_font_weight":"700","button_background_color":"rgba(0,0,0,0)","button_hover_color":"#ffffff","button_background_hover_color":"#000000","show_remember_me":"","field_border_border":"solid","field_border_width":{"unit":"px","top":"1","right":"1","bottom":"1","left":"1","isLinked":true},"field_border_color":"rgba(0,0,0,0.19)","button_border_border":"solid","button_border_width":{"unit":"px","top":"1","right":"1","bottom":"1","left":"1","isLinked":true},"button_border_color":"rgba(0,0,0,0.2)","show_labels":"","row_gap":{"unit":"px","size":30},"button_text_color":"#000000","custom_navs":[{"custom_nav_title":"Billing","icon":"fa fa-usd","custom_nav_link":{"url":"#","is_external":"","nofollow":""},"_id":"f354a3f"},{"custom_nav_title":"Settings","icon":"fa fa-cog","custom_nav_link":{"url":"#","is_external":"","nofollow":""},"_id":"9f38efe"},{"custom_nav_title":"Support","icon":"fa fa-life-ring","custom_nav_link":{"url":"#","is_external":"","nofollow":""},"_id":"6536d81"}],"logged_in_custom_message":"Hey,"},"elements":[],"isInner":false,"widgetType":"bdt-user-login","elType":"widget"}],"isInner":true,"elType":"column"}],"isInner":true,"elType":"section"}],"isInner":false,"elType":"column"}],"isInner":false,"elType":"section"}],"page_settings":{"background_color_stop":{"unit":"%","size":"0","sizes":[]},"background_color_b_stop":{"unit":"%","size":"100","sizes":[]},"background_gradient_angle":{"unit":"deg","size":"180","sizes":[]},"background_xpos":{"unit":"px","size":"0","sizes":[]},"background_xpos_tablet":{"unit":"px","size":"0","sizes":[]},"background_xpos_mobile":{"unit":"px","size":"0","sizes":[]},"background_ypos":{"unit":"px","size":"0","sizes":[]},"background_ypos_tablet":{"unit":"px","size":"0","sizes":[]},"background_ypos_mobile":{"unit":"px","size":"0","sizes":[]},"background_bg_width":{"unit":"%","size":"100","sizes":[]},"background_bg_width_tablet":{"unit":"px","size":"","sizes":[]},"background_bg_width_mobile":{"unit":"px","size":"","sizes":[]},"element_pack_toolbar_typography_font_size":{"unit":"px","size":"","sizes":[]},"element_pack_toolbar_typography_font_size_tablet":{"unit":"px","size":"","sizes":[]},"element_pack_toolbar_typography_font_size_mobile":{"unit":"px","size":"","sizes":[]},"element_pack_toolbar_typography_line_height":{"unit":"em","size":"","sizes":[]},"element_pack_toolbar_typography_line_height_tablet":{"unit":"em","size":"","sizes":[]},"element_pack_toolbar_typography_line_height_mobile":{"unit":"em","size":"","sizes":[]},"element_pack_toolbar_typography_letter_spacing":{"unit":"px","size":"","sizes":[]},"element_pack_toolbar_typography_letter_spacing_tablet":{"unit":"px","size":"","sizes":[]},"element_pack_toolbar_typography_letter_spacing_mobile":{"unit":"px","size":"","sizes":[]},"element_pack_global_tooltip_width":{"unit":"px","size":"","sizes":[]},"element_pack_global_tooltip_width_tablet":{"unit":"px","size":"","sizes":[]},"element_pack_global_tooltip_width_mobile":{"unit":"px","size":"","sizes":[]},"element_pack_global_tooltip_background_color_stop":{"unit":"%","size":"0","sizes":[]},"element_pack_global_tooltip_background_color_b_stop":{"unit":"%","size":"100","sizes":[]},"element_pack_global_tooltip_background_gradient_angle":{"unit":"deg","size":"180","sizes":[]},"element_pack_global_tooltip_background_xpos":{"unit":"px","size":"0","sizes":[]},"element_pack_global_tooltip_background_xpos_tablet":{"unit":"px","size":"0","sizes":[]},"element_pack_global_tooltip_background_xpos_mobile":{"unit":"px","size":"0","sizes":[]},"element_pack_global_tooltip_background_ypos":{"unit":"px","size":"0","sizes":[]},"element_pack_global_tooltip_background_ypos_tablet":{"unit":"px","size":"0","sizes":[]},"element_pack_global_tooltip_background_ypos_mobile":{"unit":"px","size":"0","sizes":[]},"element_pack_global_tooltip_background_bg_width":{"unit":"%","size":"100","sizes":[]},"element_pack_global_tooltip_background_bg_width_tablet":{"unit":"px","size":"","sizes":[]},"element_pack_global_tooltip_background_bg_width_mobile":{"unit":"px","size":"","sizes":[]},"element_pack_global_tooltip_typography_font_size":{"unit":"px","size":"","sizes":[]},"element_pack_global_tooltip_typography_font_size_tablet":{"unit":"px","size":"","sizes":[]},"element_pack_global_tooltip_typography_font_size_mobile":{"unit":"px","size":"","sizes":[]},"element_pack_global_tooltip_typography_line_height":{"unit":"em","size":"","sizes":[]},"element_pack_global_tooltip_typography_line_height_tablet":{"unit":"em","size":"","sizes":[]},"element_pack_global_tooltip_typography_line_height_mobile":{"unit":"em","size":"","sizes":[]},"element_pack_global_tooltip_typography_letter_spacing":{"unit":"px","size":"","sizes":[]},"element_pack_global_tooltip_typography_letter_spacing_tablet":{"unit":"px","size":"","sizes":[]},"element_pack_global_tooltip_typography_letter_spacing_mobile":{"unit":"px","size":"","sizes":[]}}}