{"version":"0.4","title":"login-blocks-4","type":"section","content":[{"id":"1d6445a2","settings":{"content_width":{"unit":"px","size":900},"padding":{"unit":"px","top":"150","right":"0","bottom":"150","left":"0","isLinked":false},"background_background":"classic","background_image":{"id":47290,"url":"https:\/\/bdthemes.net\/demo\/ready-pages\/ready-blocks\/wp-content\/uploads\/2019\/04\/interior-bg1.jpg"},"padding_tablet":{"unit":"px","top":"80","right":"30","bottom":"80","left":"30","isLinked":false},"padding_mobile":{"unit":"px","top":"50","right":"15","bottom":"50","left":"15","isLinked":false}},"elements":[{"id":"4bac03a8","settings":{"_column_size":100,"background_background":"classic","background_color_b_stop":{"unit":"%","size":60},"background_gradient_angle":{"unit":"deg","size":130},"padding":{"unit":"px","top":"70","right":"80","bottom":"70","left":"75","isLinked":false},"_inline_size":null,"_inline_size_tablet":100,"background_image":{"id":47289,"url":"https:\/\/bdthemes.net\/demo\/ready-pages\/ready-blocks\/wp-content\/uploads\/2019\/04\/bd2-3.png"},"padding_tablet":{"unit":"px","top":"30","right":"30","bottom":"30","left":"50","isLinked":false}},"elements":[{"id":"5d96365b","settings":{"structure":"20"},"elements":[{"id":"423ea9d7","settings":{"_column_size":50,"_inline_size":null,"_inline_size_tablet":70},"elements":[{"id":"57598022","settings":{"title":"Please Login Hurry Up.","align":"left","typography_typography":"custom","typography_font_size":{"unit":"px","size":28},"_margin":{"unit":"px","top":"0","right":"0","bottom":"30","left":"0","isLinked":false},"typography_font_size_mobile":{"unit":"px","size":20},"title_color":"#202020"},"elements":[],"isInner":false,"widgetType":"heading","elType":"widget"},{"id":"2fea4a21","settings":{"button_text":"Log In","align":"stretch","bdt_dropdown_dropdown_button_text":"Log In","bdt_modal_modal_button_text":"Log In","user_label":"Username or Email","user_placeholder":"Username or Email","password_label":"Password","password_placeholder":"Password","links_color":"#000000","links_hover_color":"#000000","label_color":"#000000","field_text_color":"#000000","field_placeholder_color":"rgba(0,0,0,0.5)","field_background_color":"rgba(0,0,0,0)","button_typography_typography":"custom","button_typography_font_size":{"unit":"px","size":15},"button_typography_font_weight":"700","button_background_color":"rgba(0,0,0,0.98)","button_hover_color":"#ffffff","button_background_hover_color":"#444444","show_remember_me":"","field_border_border":"solid","field_border_width":{"unit":"px","top":"2","right":"2","bottom":"2","left":"2","isLinked":true},"field_border_color":"rgba(0,0,0,0.15)","button_border_border":"solid","button_border_width":{"unit":"px","top":"1","right":"1","bottom":"1","left":"1","isLinked":true},"button_border_color":"#000000","show_labels":"","row_gap":{"unit":"px","size":30},"button_text_color":"#ffffff","field_hover_border_color":"#f7b733","button_hover_border_color":"#444444","button_hover_animation":"wobble-skew","custom_navs":[{"custom_nav_title":"Billing","icon":"fa fa-usd","custom_nav_link":{"url":"#","is_external":"","nofollow":""},"_id":"50fb275"},{"custom_nav_title":"Settings","icon":"fa fa-cog","custom_nav_link":{"url":"#","is_external":"","nofollow":""},"_id":"fe79639"},{"custom_nav_title":"Support","icon":"fa fa-life-ring","custom_nav_link":{"url":"#","is_external":"","nofollow":""},"_id":"05887b5"}],"logged_in_custom_message":"Hey,"},"elements":[],"isInner":false,"widgetType":"bdt-user-login","elType":"widget"}],"isInner":true,"elType":"column"},{"id":"3c21046e","settings":{"_column_size":50,"_inline_size":null,"_inline_size_tablet":30},"elements":[],"isInner":true,"elType":"column"}],"isInner":true,"elType":"section"}],"isInner":false,"elType":"column"}],"isInner":false,"elType":"section"}],"page_settings":{"background_color_stop":{"unit":"%","size":"0","sizes":[]},"background_color_b_stop":{"unit":"%","size":"100","sizes":[]},"background_gradient_angle":{"unit":"deg","size":"180","sizes":[]},"background_xpos":{"unit":"px","size":"0","sizes":[]},"background_xpos_tablet":{"unit":"px","size":"0","sizes":[]},"background_xpos_mobile":{"unit":"px","size":"0","sizes":[]},"background_ypos":{"unit":"px","size":"0","sizes":[]},"background_ypos_tablet":{"unit":"px","size":"0","sizes":[]},"background_ypos_mobile":{"unit":"px","size":"0","sizes":[]},"background_bg_width":{"unit":"%","size":"100","sizes":[]},"background_bg_width_tablet":{"unit":"px","size":"","sizes":[]},"background_bg_width_mobile":{"unit":"px","size":"","sizes":[]},"element_pack_toolbar_typography_font_size":{"unit":"px","size":"","sizes":[]},"element_pack_toolbar_typography_font_size_tablet":{"unit":"px","size":"","sizes":[]},"element_pack_toolbar_typography_font_size_mobile":{"unit":"px","size":"","sizes":[]},"element_pack_toolbar_typography_line_height":{"unit":"em","size":"","sizes":[]},"element_pack_toolbar_typography_line_height_tablet":{"unit":"em","size":"","sizes":[]},"element_pack_toolbar_typography_line_height_mobile":{"unit":"em","size":"","sizes":[]},"element_pack_toolbar_typography_letter_spacing":{"unit":"px","size":"","sizes":[]},"element_pack_toolbar_typography_letter_spacing_tablet":{"unit":"px","size":"","sizes":[]},"element_pack_toolbar_typography_letter_spacing_mobile":{"unit":"px","size":"","sizes":[]},"element_pack_global_tooltip_width":{"unit":"px","size":"","sizes":[]},"element_pack_global_tooltip_width_tablet":{"unit":"px","size":"","sizes":[]},"element_pack_global_tooltip_width_mobile":{"unit":"px","size":"","sizes":[]},"element_pack_global_tooltip_background_color_stop":{"unit":"%","size":"0","sizes":[]},"element_pack_global_tooltip_background_color_b_stop":{"unit":"%","size":"100","sizes":[]},"element_pack_global_tooltip_background_gradient_angle":{"unit":"deg","size":"180","sizes":[]},"element_pack_global_tooltip_background_xpos":{"unit":"px","size":"0","sizes":[]},"element_pack_global_tooltip_background_xpos_tablet":{"unit":"px","size":"0","sizes":[]},"element_pack_global_tooltip_background_xpos_mobile":{"unit":"px","size":"0","sizes":[]},"element_pack_global_tooltip_background_ypos":{"unit":"px","size":"0","sizes":[]},"element_pack_global_tooltip_background_ypos_tablet":{"unit":"px","size":"0","sizes":[]},"element_pack_global_tooltip_background_ypos_mobile":{"unit":"px","size":"0","sizes":[]},"element_pack_global_tooltip_background_bg_width":{"unit":"%","size":"100","sizes":[]},"element_pack_global_tooltip_background_bg_width_tablet":{"unit":"px","size":"","sizes":[]},"element_pack_global_tooltip_background_bg_width_mobile":{"unit":"px","size":"","sizes":[]},"element_pack_global_tooltip_typography_font_size":{"unit":"px","size":"","sizes":[]},"element_pack_global_tooltip_typography_font_size_tablet":{"unit":"px","size":"","sizes":[]},"element_pack_global_tooltip_typography_font_size_mobile":{"unit":"px","size":"","sizes":[]},"element_pack_global_tooltip_typography_line_height":{"unit":"em","size":"","sizes":[]},"element_pack_global_tooltip_typography_line_height_tablet":{"unit":"em","size":"","sizes":[]},"element_pack_global_tooltip_typography_line_height_mobile":{"unit":"em","size":"","sizes":[]},"element_pack_global_tooltip_typography_letter_spacing":{"unit":"px","size":"","sizes":[]},"element_pack_global_tooltip_typography_letter_spacing_tablet":{"unit":"px","size":"","sizes":[]},"element_pack_global_tooltip_typography_letter_spacing_mobile":{"unit":"px","size":"","sizes":[]}}}