{"version":"0.4","title":"flip-box-blocks-4","type":"section","content":[{"id":"7300db76","settings":{"gap":"extended","structure":"30","background_background":"classic","background_image":{"id":47815,"url":"https:\/\/bdthemes.net\/demo\/ready-pages\/ready-blocks\/wp-content\/uploads\/2019\/04\/bg-4.jpg"},"background_position":"center center","background_repeat":"no-repeat","background_size":"cover","padding":{"unit":"px","top":"100","right":"0","bottom":"100","left":"0","isLinked":false}},"elements":[{"id":"1c93f55d","settings":{"_column_size":33,"_inline_size":null},"elements":[{"id":"3bb0c793","settings":{"icon":"","front_title_text":"Simple and<br> Beautiful ","front_description_text":"Nullam volutpat nulla ligula, sed dignissim mi convallis eget. Morbi vel nunc nunc. Vestibulum efficitur quam vitae lacinia molestie. Ut vel elit et diam dignissim dictum vel eu ante. Nulla a ante dictum, iaculis turpis nec.","front_background_background":"classic","front_background_image":{"id":47811,"url":"https:\/\/bdthemes.net\/demo\/ready-pages\/ready-blocks\/wp-content\/uploads\/2019\/04\/01-1-3.jpg"},"front_background_size":"cover","back_title_text":"Simple and Beautiful ","back_description_text":"","button_text":"MORE INFO","back_background_background":"classic","back_background_color":"#ffffff","height":{"unit":"px","size":435},"icon_size":{"unit":"px","size":6},"front_title_typography_typography":"custom","front_title_typography_font_size":{"unit":"px","size":32},"front_title_typography_font_size_tablet":{"unit":"px","size":24},"front_title_typography_line_height":{"unit":"em","size":1.1999999999999999555910790149937383830547332763671875},"front_description_typography_typography":"custom","front_description_typography_font_size_tablet":{"unit":"px","size":14},"back_title_color":"#54595f","back_title_typography_typography":"custom","back_title_typography_font_size":{"unit":"px","size":28},"back_title_typography_font_size_tablet":{"unit":"px","size":28},"image":{"id":"47708","url":"https:\/\/bdthemes.net\/demo\/ready-pages\/ready-blocks\/wp-content\/uploads\/2019\/04\/placeholder-3.png"}},"elements":[],"isInner":false,"widgetType":"bdt-flip-box","elType":"widget"}],"isInner":false,"elType":"column"},{"id":"7c24cea5","settings":{"_column_size":33,"_inline_size":null},"elements":[{"id":"489084e1","settings":{"icon":"","front_title_text":"First and Friendly<br> Support","front_description_text":"Nullam volutpat nulla ligula, sed dignissim mi convallis eget. Morbi vel nunc nunc. Vestibulum efficitur quam vitae lacinia molestie. Ut vel elit et diam dignissim dictum vel eu ante. Nulla a ante dictum, iaculis turpis nec.","front_background_background":"classic","front_background_image":{"id":47813,"url":"https:\/\/bdthemes.net\/demo\/ready-pages\/ready-blocks\/wp-content\/uploads\/2019\/04\/02-1.jpg"},"front_background_size":"cover","back_title_text":"First and Friendly Support","back_description_text":"","button_text":"MORE INFO","back_background_background":"classic","back_background_color":"#ffffff","height":{"unit":"px","size":435},"icon_size":{"unit":"px","size":6},"front_title_typography_typography":"custom","front_title_typography_font_size":{"unit":"px","size":32},"front_title_typography_font_size_tablet":{"unit":"px","size":24},"front_title_typography_line_height":{"unit":"em","size":1.1999999999999999555910790149937383830547332763671875},"back_title_color":"#54595f","back_title_typography_typography":"custom","back_title_typography_font_size":{"unit":"px","size":28},"back_title_typography_font_size_tablet":{"unit":"px","size":24},"image":{"id":"47708","url":"https:\/\/bdthemes.net\/demo\/ready-pages\/ready-blocks\/wp-content\/uploads\/2019\/04\/placeholder-3.png"}},"elements":[],"isInner":false,"widgetType":"bdt-flip-box","elType":"widget"}],"isInner":false,"elType":"column"},{"id":"6589cc77","settings":{"_column_size":33,"_inline_size":null},"elements":[{"id":"7d250bf1","settings":{"icon":"","front_title_text":"Discover and <br> Design","front_description_text":"Nullam volutpat nulla ligula, sed dignissim mi convallis eget. Morbi vel nunc nunc. Vestibulum efficitur quam vitae lacinia molestie. Ut vel elit et diam dignissim dictum vel eu ante. Nulla a ante dictum, iaculis turpis nec.","front_background_background":"classic","front_background_image":{"id":47814,"url":"https:\/\/bdthemes.net\/demo\/ready-pages\/ready-blocks\/wp-content\/uploads\/2019\/04\/03-1.jpg"},"front_background_size":"cover","back_title_text":"Discover and  Design","back_description_text":"","button_text":"MORE INFO","back_background_background":"classic","back_background_color":"#ffffff","height":{"unit":"px","size":435},"icon_size":{"unit":"px","size":6},"front_title_typography_typography":"custom","front_title_typography_font_size":{"unit":"px","size":32},"front_title_typography_font_size_tablet":{"unit":"px","size":24},"front_title_typography_line_height":{"unit":"em","size":1.1999999999999999555910790149937383830547332763671875},"back_title_color":"#54595f","back_title_typography_typography":"custom","back_title_typography_font_size":{"unit":"px","size":28},"back_title_typography_font_size_tablet":{"unit":"px","size":24},"image":{"id":"47708","url":"https:\/\/bdthemes.net\/demo\/ready-pages\/ready-blocks\/wp-content\/uploads\/2019\/04\/placeholder-3.png"}},"elements":[],"isInner":false,"widgetType":"bdt-flip-box","elType":"widget"}],"isInner":false,"elType":"column"}],"isInner":false,"elType":"section"}],"page_settings":{"background_color_stop":{"unit":"%","size":"0","sizes":[]},"background_color_b_stop":{"unit":"%","size":"100","sizes":[]},"background_gradient_angle":{"unit":"deg","size":"180","sizes":[]},"background_xpos":{"unit":"px","size":"0","sizes":[]},"background_xpos_tablet":{"unit":"px","size":"0","sizes":[]},"background_xpos_mobile":{"unit":"px","size":"0","sizes":[]},"background_ypos":{"unit":"px","size":"0","sizes":[]},"background_ypos_tablet":{"unit":"px","size":"0","sizes":[]},"background_ypos_mobile":{"unit":"px","size":"0","sizes":[]},"background_bg_width":{"unit":"%","size":"100","sizes":[]},"background_bg_width_tablet":{"unit":"px","size":"","sizes":[]},"background_bg_width_mobile":{"unit":"px","size":"","sizes":[]},"element_pack_toolbar_typography_font_size":{"unit":"px","size":"","sizes":[]},"element_pack_toolbar_typography_font_size_tablet":{"unit":"px","size":"","sizes":[]},"element_pack_toolbar_typography_font_size_mobile":{"unit":"px","size":"","sizes":[]},"element_pack_toolbar_typography_line_height":{"unit":"em","size":"","sizes":[]},"element_pack_toolbar_typography_line_height_tablet":{"unit":"em","size":"","sizes":[]},"element_pack_toolbar_typography_line_height_mobile":{"unit":"em","size":"","sizes":[]},"element_pack_toolbar_typography_letter_spacing":{"unit":"px","size":"","sizes":[]},"element_pack_toolbar_typography_letter_spacing_tablet":{"unit":"px","size":"","sizes":[]},"element_pack_toolbar_typography_letter_spacing_mobile":{"unit":"px","size":"","sizes":[]},"element_pack_global_tooltip_width":{"unit":"px","size":"","sizes":[]},"element_pack_global_tooltip_width_tablet":{"unit":"px","size":"","sizes":[]},"element_pack_global_tooltip_width_mobile":{"unit":"px","size":"","sizes":[]},"element_pack_global_tooltip_background_color_stop":{"unit":"%","size":"0","sizes":[]},"element_pack_global_tooltip_background_color_b_stop":{"unit":"%","size":"100","sizes":[]},"element_pack_global_tooltip_background_gradient_angle":{"unit":"deg","size":"180","sizes":[]},"element_pack_global_tooltip_background_xpos":{"unit":"px","size":"0","sizes":[]},"element_pack_global_tooltip_background_xpos_tablet":{"unit":"px","size":"0","sizes":[]},"element_pack_global_tooltip_background_xpos_mobile":{"unit":"px","size":"0","sizes":[]},"element_pack_global_tooltip_background_ypos":{"unit":"px","size":"0","sizes":[]},"element_pack_global_tooltip_background_ypos_tablet":{"unit":"px","size":"0","sizes":[]},"element_pack_global_tooltip_background_ypos_mobile":{"unit":"px","size":"0","sizes":[]},"element_pack_global_tooltip_background_bg_width":{"unit":"%","size":"100","sizes":[]},"element_pack_global_tooltip_background_bg_width_tablet":{"unit":"px","size":"","sizes":[]},"element_pack_global_tooltip_background_bg_width_mobile":{"unit":"px","size":"","sizes":[]},"element_pack_global_tooltip_typography_font_size":{"unit":"px","size":"","sizes":[]},"element_pack_global_tooltip_typography_font_size_tablet":{"unit":"px","size":"","sizes":[]},"element_pack_global_tooltip_typography_font_size_mobile":{"unit":"px","size":"","sizes":[]},"element_pack_global_tooltip_typography_line_height":{"unit":"em","size":"","sizes":[]},"element_pack_global_tooltip_typography_line_height_tablet":{"unit":"em","size":"","sizes":[]},"element_pack_global_tooltip_typography_line_height_mobile":{"unit":"em","size":"","sizes":[]},"element_pack_global_tooltip_typography_letter_spacing":{"unit":"px","size":"","sizes":[]},"element_pack_global_tooltip_typography_letter_spacing_tablet":{"unit":"px","size":"","sizes":[]},"element_pack_global_tooltip_typography_letter_spacing_mobile":{"unit":"px","size":"","sizes":[]}}}