{"version":"0.4","title":"flip-box-blocks-3","type":"section","content":[{"id":"32262bbd","settings":{"content_width":{"unit":"px","size":1100},"gap":"wider","content_position":"middle","structure":"20","padding":{"unit":"px","top":"100","right":"0","bottom":"100","left":"0","isLinked":false},"background_background":"classic"},"elements":[{"id":"38a5f777","settings":{"_column_size":50,"_inline_size":null,"_inline_size_tablet":100},"elements":[{"id":"3dc33f1c","settings":{"image":{"id":47810,"url":"https:\/\/bdthemes.net\/demo\/ready-pages\/ready-blocks\/wp-content\/uploads\/2019\/04\/bg2-1.jpg"},"image_size":"medium_large","image_custom_dimension":{"width":"600","height":"580"},"width":{"unit":"%","size":100}},"elements":[],"isInner":false,"widgetType":"image","elType":"widget"}],"isInner":false,"elType":"column"},{"id":"673b2489","settings":{"_column_size":50,"_inline_size":null,"_inline_size_tablet":100},"elements":[{"id":"7312ff35","settings":{"structure":"20"},"elements":[{"id":"6e9246d","settings":{"_column_size":50,"_inline_size":null,"_inline_size_tablet":50},"elements":[{"id":"774f5d3b","settings":{"icon":"fa fa-rocket","icon_view":"stacked","front_title_text":"HQ PERFORMANCE","front_description_text":"Ut hendrerit enim sed ligula iaculis rutrum vitae non turpis.","front_background_background":"classic","front_background_color":"#589594","front_background_position":"center center","front_background_repeat":"no-repeat","front_background_size":"cover","front_background_overlay":"rgba(0,0,0,0.52)","back_title_text":"","back_description_text":"","button_text":"READ MORE","back_background_background":"classic","back_background_color":"#f5f5f5","border_radius":{"unit":"px","size":5},"flip_direction":"right","icon_spacing":{"unit":"px","size":14},"icon_primary_color":"#ffffff","icon_secondary_color":"#589594","icon_size":{"unit":"px","size":28},"front_title_typography_typography":"custom","front_title_typography_font_size":{"unit":"px","size":16},"back_title_color":"#000000","back_title_typography_typography":"custom","back_title_typography_font_size":{"unit":"px","size":16},"back_description_color":"#54595f","button_text_color":"#ffffff","button_background_color":"#000000","button_typography_typography":"custom","button_typography_font_weight":"500","_background_background":"classic","_border_width":{"unit":"px","top":"0","right":"0","bottom":"0","left":"0","isLinked":true},"_border_color":"#ffffff","_box_shadow_box_shadow":{"horizontal":0,"vertical":5,"blur":30,"spread":0,"color":"rgba(0,0,0,0.04)"},"image":{"id":"47708","url":"https:\/\/bdthemes.net\/demo\/ready-pages\/ready-blocks\/wp-content\/uploads\/2019\/04\/placeholder-3.png"}},"elements":[],"isInner":false,"widgetType":"bdt-flip-box","elType":"widget"},{"id":"772f4d1f","settings":{"icon":"fa fa-youtube","icon_view":"stacked","front_title_text":"DOCUMENTATION","front_description_text":"Ut hendrerit enim sed ligula iaculis rutrum vitae non turpis.","front_background_background":"classic","front_background_color":"#54a87e","front_background_position":"center center","front_background_repeat":"no-repeat","front_background_size":"cover","front_background_overlay":"rgba(0,0,0,0.52)","back_title_text":"","back_description_text":"","button_text":"READ MORE","back_background_background":"classic","back_background_color":"#f5f5f5","border_radius":{"unit":"px","size":5},"flip_direction":"right","icon_spacing":{"unit":"px","size":14},"icon_primary_color":"#ffffff","icon_secondary_color":"#589594","icon_size":{"unit":"px","size":28},"front_title_typography_typography":"custom","front_title_typography_font_size":{"unit":"px","size":16},"back_title_color":"#000000","back_title_typography_typography":"custom","back_title_typography_font_size":{"unit":"px","size":16},"back_description_color":"#54595f","button_text_color":"#ffffff","button_background_color":"#000000","button_typography_typography":"custom","button_typography_font_weight":"500","_background_background":"classic","_border_width":{"unit":"px","top":"0","right":"0","bottom":"0","left":"0","isLinked":true},"_border_color":"#ffffff","_box_shadow_box_shadow":{"horizontal":0,"vertical":5,"blur":30,"spread":0,"color":"rgba(0,0,0,0.04)"},"image":{"id":"47708","url":"https:\/\/bdthemes.net\/demo\/ready-pages\/ready-blocks\/wp-content\/uploads\/2019\/04\/placeholder-3.png"}},"elements":[],"isInner":false,"widgetType":"bdt-flip-box","elType":"widget"}],"isInner":true,"elType":"column"},{"id":"227fd33b","settings":{"_column_size":50,"_inline_size":null,"_inline_size_tablet":50},"elements":[{"id":"7a860e17","settings":{"icon":"fa fa-star","icon_view":"stacked","front_title_text":"PREMIUM LAB","front_description_text":"Ut hendrerit enim sed ligula iaculis rutrum vitae non turpis.","front_background_background":"classic","front_background_color":"#eda65e","front_background_position":"center center","front_background_repeat":"no-repeat","front_background_size":"cover","front_background_overlay":"rgba(0,0,0,0.52)","back_title_text":"","back_description_text":"","button_text":"READ MORE","back_background_background":"classic","back_background_color":"#f5f5f5","border_radius":{"unit":"px","size":5},"flip_direction":"right","icon_spacing":{"unit":"px","size":14},"icon_primary_color":"#ffffff","icon_secondary_color":"#eda65e","icon_size":{"unit":"px","size":28},"front_title_typography_typography":"custom","front_title_typography_font_size":{"unit":"px","size":16},"back_title_color":"#000000","back_title_typography_typography":"custom","back_title_typography_font_size":{"unit":"px","size":16},"back_description_color":"#54595f","button_text_color":"#ffffff","button_background_color":"#000000","button_typography_typography":"custom","button_typography_font_weight":"500","_margin":{"unit":"px","top":"150","right":"0","bottom":"0","left":"0","isLinked":false},"_background_background":"classic","_border_width":{"unit":"px","top":"0","right":"0","bottom":"0","left":"0","isLinked":true},"_border_color":"#ffffff","_box_shadow_box_shadow":{"horizontal":0,"vertical":5,"blur":30,"spread":0,"color":"rgba(0,0,0,0.04)"},"image":{"id":"47708","url":"https:\/\/bdthemes.net\/demo\/ready-pages\/ready-blocks\/wp-content\/uploads\/2019\/04\/placeholder-3.png"}},"elements":[],"isInner":false,"widgetType":"bdt-flip-box","elType":"widget"}],"isInner":true,"elType":"column"}],"isInner":true,"elType":"section"}],"isInner":false,"elType":"column"}],"isInner":false,"elType":"section"}],"page_settings":{"background_color_stop":{"unit":"%","size":"0","sizes":[]},"background_color_b_stop":{"unit":"%","size":"100","sizes":[]},"background_gradient_angle":{"unit":"deg","size":"180","sizes":[]},"background_xpos":{"unit":"px","size":"0","sizes":[]},"background_xpos_tablet":{"unit":"px","size":"0","sizes":[]},"background_xpos_mobile":{"unit":"px","size":"0","sizes":[]},"background_ypos":{"unit":"px","size":"0","sizes":[]},"background_ypos_tablet":{"unit":"px","size":"0","sizes":[]},"background_ypos_mobile":{"unit":"px","size":"0","sizes":[]},"background_bg_width":{"unit":"%","size":"100","sizes":[]},"background_bg_width_tablet":{"unit":"px","size":"","sizes":[]},"background_bg_width_mobile":{"unit":"px","size":"","sizes":[]},"element_pack_toolbar_typography_font_size":{"unit":"px","size":"","sizes":[]},"element_pack_toolbar_typography_font_size_tablet":{"unit":"px","size":"","sizes":[]},"element_pack_toolbar_typography_font_size_mobile":{"unit":"px","size":"","sizes":[]},"element_pack_toolbar_typography_line_height":{"unit":"em","size":"","sizes":[]},"element_pack_toolbar_typography_line_height_tablet":{"unit":"em","size":"","sizes":[]},"element_pack_toolbar_typography_line_height_mobile":{"unit":"em","size":"","sizes":[]},"element_pack_toolbar_typography_letter_spacing":{"unit":"px","size":"","sizes":[]},"element_pack_toolbar_typography_letter_spacing_tablet":{"unit":"px","size":"","sizes":[]},"element_pack_toolbar_typography_letter_spacing_mobile":{"unit":"px","size":"","sizes":[]},"element_pack_global_tooltip_width":{"unit":"px","size":"","sizes":[]},"element_pack_global_tooltip_width_tablet":{"unit":"px","size":"","sizes":[]},"element_pack_global_tooltip_width_mobile":{"unit":"px","size":"","sizes":[]},"element_pack_global_tooltip_background_color_stop":{"unit":"%","size":"0","sizes":[]},"element_pack_global_tooltip_background_color_b_stop":{"unit":"%","size":"100","sizes":[]},"element_pack_global_tooltip_background_gradient_angle":{"unit":"deg","size":"180","sizes":[]},"element_pack_global_tooltip_background_xpos":{"unit":"px","size":"0","sizes":[]},"element_pack_global_tooltip_background_xpos_tablet":{"unit":"px","size":"0","sizes":[]},"element_pack_global_tooltip_background_xpos_mobile":{"unit":"px","size":"0","sizes":[]},"element_pack_global_tooltip_background_ypos":{"unit":"px","size":"0","sizes":[]},"element_pack_global_tooltip_background_ypos_tablet":{"unit":"px","size":"0","sizes":[]},"element_pack_global_tooltip_background_ypos_mobile":{"unit":"px","size":"0","sizes":[]},"element_pack_global_tooltip_background_bg_width":{"unit":"%","size":"100","sizes":[]},"element_pack_global_tooltip_background_bg_width_tablet":{"unit":"px","size":"","sizes":[]},"element_pack_global_tooltip_background_bg_width_mobile":{"unit":"px","size":"","sizes":[]},"element_pack_global_tooltip_typography_font_size":{"unit":"px","size":"","sizes":[]},"element_pack_global_tooltip_typography_font_size_tablet":{"unit":"px","size":"","sizes":[]},"element_pack_global_tooltip_typography_font_size_mobile":{"unit":"px","size":"","sizes":[]},"element_pack_global_tooltip_typography_line_height":{"unit":"em","size":"","sizes":[]},"element_pack_global_tooltip_typography_line_height_tablet":{"unit":"em","size":"","sizes":[]},"element_pack_global_tooltip_typography_line_height_mobile":{"unit":"em","size":"","sizes":[]},"element_pack_global_tooltip_typography_letter_spacing":{"unit":"px","size":"","sizes":[]},"element_pack_global_tooltip_typography_letter_spacing_tablet":{"unit":"px","size":"","sizes":[]},"element_pack_global_tooltip_typography_letter_spacing_mobile":{"unit":"px","size":"","sizes":[]}}}