{"version":"0.4","title":"custom-gallery-blocks-4","type":"section","content":[{"id":"38a5a1be","settings":{"padding":{"unit":"px","top":"100","right":"0","bottom":"120","left":"0","isLinked":false},"padding_tablet":{"unit":"px","top":"80","right":"30","bottom":"80","left":"30","isLinked":false},"padding_mobile":{"unit":"px","top":"50","right":"15","bottom":"50","left":"15","isLinked":false},"background_background":"classic","background_color":"#00beca","_title":"Working Gallery","sticky":"","sticky_on":["desktop","tablet","mobile"],"sticky_offset":0,"sticky_effects_offset":0,"custom_css":"","section_parallax_elements":[{"section_parallax_title":"Parallax 1","section_parallax_image":{"id":47622,"url":"https:\/\/bdthemes.net\/demo\/ready-pages\/ready-blocks\/wp-content\/uploads\/2019\/04\/01-1-1.png"},"section_parallax_depth":0.1000000000000000055511151231257827021181583404541015625,"section_parallax_bgp_x":30,"section_parallax_bgp_y":70,"section_parallax_bg_size":"cover","_id":"d2dcd68"},{"section_parallax_title":"Parallax 2","section_parallax_image":{"id":47623,"url":"https:\/\/bdthemes.net\/demo\/ready-pages\/ready-blocks\/wp-content\/uploads\/2019\/04\/02-1-2.png"},"section_parallax_depth":0.1000000000000000055511151231257827021181583404541015625,"section_parallax_bgp_x":30,"section_parallax_bgp_y":70,"section_parallax_bg_size":"cover","_id":"a6b08f1"},{"section_parallax_title":"Parallax 3","section_parallax_image":{"id":47624,"url":"https:\/\/bdthemes.net\/demo\/ready-pages\/ready-blocks\/wp-content\/uploads\/2019\/04\/03-1-1.png"},"section_parallax_depth":0.1000000000000000055511151231257827021181583404541015625,"section_parallax_bgp_x":30,"section_parallax_bgp_y":70,"section_parallax_bg_size":"cover","_id":"3110906"},{"section_parallax_title":"Parallax 4","section_parallax_image":{"id":47625,"url":"https:\/\/bdthemes.net\/demo\/ready-pages\/ready-blocks\/wp-content\/uploads\/2019\/04\/04-1-1.png"},"section_parallax_depth":0.1000000000000000055511151231257827021181583404541015625,"section_parallax_bgp_x":30,"section_parallax_bgp_y":70,"section_parallax_bg_size":"cover","_id":"a3e09e1"},{"section_parallax_title":"Parallax 5","section_parallax_image":{"id":47626,"url":"https:\/\/bdthemes.net\/demo\/ready-pages\/ready-blocks\/wp-content\/uploads\/2019\/04\/05-1-2.png"},"section_parallax_depth":0.1000000000000000055511151231257827021181583404541015625,"section_parallax_bgp_x":30,"section_parallax_bgp_y":70,"section_parallax_bg_size":"cover","_id":"d620afa"}],"section_parallax_mode":"hover"},"elements":[{"id":"35991c43","settings":{"_column_size":100,"_inline_size_tablet":100,"_inline_size_mobile":100,"padding":{"unit":"px","top":"0","right":"0","bottom":"0","left":"0","isLinked":true},"custom_css":""},"elements":[{"id":"7850322b","settings":{"content_width":{"unit":"px","size":630}},"elements":[{"id":"712f076b","settings":{"_column_size":100,"_inline_size":null,"_inline_size_tablet":100,"_inline_size_mobile":100},"elements":[{"id":"160e2ae1","settings":{"title":"Online Shopping System","align":"center","typography_typography":"custom","typography_font_size_mobile":{"unit":"px","size":24},"_margin_tablet":{"unit":"px","top":"0","right":"0","bottom":"30","left":"0","isLinked":false},"element_pack_widget_tooltip_text":"This is Tooltip","typography_line_height_tablet":{"unit":"em","size":""},"typography_line_height_mobile":{"unit":"em","size":""},"element_pack_widget_tooltip":"","element_pack_widget_tooltip_placement":"top","element_pack_widget_tooltip_animation":"shift-toward","element_pack_widget_tooltip_x_offset":0,"element_pack_widget_tooltip_y_offset":0,"element_pack_widget_tooltip_arrow":"","element_pack_widget_tooltip_width":{"unit":"px","size":""},"element_pack_widget_tooltip_width_tablet":{"unit":"px","size":""},"element_pack_widget_tooltip_width_mobile":{"unit":"px","size":""},"element_pack_widget_tooltip_color":"","element_pack_widget_tooltip_background_background":"","element_pack_widget_tooltip_background_color":"","element_pack_widget_tooltip_background_color_stop":{"unit":"%","size":0},"element_pack_widget_tooltip_background_color_b":"#f2295b","element_pack_widget_tooltip_background_color_b_stop":{"unit":"%","size":100},"element_pack_widget_tooltip_background_gradient_type":"linear","element_pack_widget_tooltip_background_gradient_angle":{"unit":"deg","size":180},"element_pack_widget_tooltip_background_gradient_position":"center center","element_pack_widget_tooltip_background_image":{"url":"","id":""},"element_pack_widget_tooltip_background_position":"","element_pack_widget_tooltip_background_attachment":"","element_pack_widget_tooltip_background_repeat":"","element_pack_widget_tooltip_background_size":"","element_pack_widget_tooltip_background_video_link":"","element_pack_widget_tooltip_background_video_start":"","element_pack_widget_tooltip_background_video_end":"","element_pack_widget_tooltip_background_video_fallback":{"url":"","id":""},"element_pack_widget_tooltip_arrow_color":"","element_pack_widget_tooltip_padding":{"unit":"px","top":"","right":"","bottom":"","left":"","isLinked":true},"element_pack_widget_tooltip_padding_tablet":{"unit":"px","top":"","right":"","bottom":"","left":"","isLinked":true},"element_pack_widget_tooltip_padding_mobile":{"unit":"px","top":"","right":"","bottom":"","left":"","isLinked":true},"element_pack_widget_tooltip_border_border":"","element_pack_widget_tooltip_border_width":{"unit":"px","top":"","right":"","bottom":"","left":"","isLinked":true},"element_pack_widget_tooltip_border_color":"","element_pack_widget_tooltip_border_radius":{"unit":"px","top":"","right":"","bottom":"","left":"","isLinked":true},"element_pack_widget_tooltip_border_radius_tablet":{"unit":"px","top":"","right":"","bottom":"","left":"","isLinked":true},"element_pack_widget_tooltip_border_radius_mobile":{"unit":"px","top":"","right":"","bottom":"","left":"","isLinked":true},"element_pack_widget_tooltip_text_align":"center","element_pack_widget_tooltip_box_shadow_box_shadow_type":"","element_pack_widget_tooltip_box_shadow_box_shadow":{"horizontal":0,"vertical":0,"blur":10,"spread":0,"color":"rgba(0,0,0,0.5)"},"element_pack_widget_tooltip_box_shadow_box_shadow_position":" ","element_pack_widget_tooltip_typography_typography":"","element_pack_widget_tooltip_typography_font_family":"","element_pack_widget_tooltip_typography_font_size":{"unit":"px","size":""},"element_pack_widget_tooltip_typography_font_size_tablet":{"unit":"px","size":""},"element_pack_widget_tooltip_typography_font_size_mobile":{"unit":"px","size":""},"element_pack_widget_tooltip_typography_font_weight":"","element_pack_widget_tooltip_typography_text_transform":"","element_pack_widget_tooltip_typography_font_style":"","element_pack_widget_tooltip_typography_text_decoration":"","element_pack_widget_tooltip_typography_line_height":{"unit":"em","size":""},"element_pack_widget_tooltip_typography_line_height_tablet":{"unit":"em","size":""},"element_pack_widget_tooltip_typography_line_height_mobile":{"unit":"em","size":""},"element_pack_widget_tooltip_typography_letter_spacing":{"unit":"px","size":""},"element_pack_widget_tooltip_typography_letter_spacing_tablet":{"unit":"px","size":""},"element_pack_widget_tooltip_typography_letter_spacing_mobile":{"unit":"px","size":""},"sticky":"","sticky_on":["desktop","tablet","mobile"],"sticky_offset":0,"sticky_effects_offset":0,"sticky_parent":"","custom_css":"","typography_font_family":"Saira","title_color":"#ffffff","_padding":{"unit":"px","top":"15","right":"15","bottom":"15","left":"15","isLinked":true},"_background_background":"classic","_background_color":"rgba(0,0,0,0.7)"},"elements":[],"isInner":false,"widgetType":"heading","elType":"widget"},{"id":"73cbd16e","settings":{"editor":"<p>One morning, when Gregor Samsa woke from troubled dreams, he found himself transformed in his bed into a horrible vermin.\u00a0<\/p>","align":"center","typography_typography":"custom","typography_font_family":"Saira","_margin":{"unit":"px","top":"0","right":"0","bottom":"40","left":"0","isLinked":false},"text_color":"rgba(255,255,255,0.9)"},"elements":[],"isInner":false,"widgetType":"text-editor","elType":"widget"}],"isInner":true,"elType":"column"}],"isInner":true,"elType":"section"},{"id":"cbfb14c","settings":{"gallery":[{"image_title":"Women On Laptop","image_text":"One morning, when Gregor Samsa woke from troubled dreams, he found himself.","gallery_image":{"id":47608,"url":"https:\/\/bdthemes.net\/demo\/ready-pages\/ready-blocks\/wp-content\/uploads\/2019\/04\/cs46.jpg"},"_id":"8acedb7","image_link_type":"","image_link_video":{"url":"https:\/\/quirksmode.org\/html5\/videos\/big_buck_bunny.mp4","is_external":"","nofollow":""},"image_link_youtube":{"url":"https:\/\/www.youtube.com\/watch?v=YE7VzlLtp-4","is_external":"","nofollow":""},"image_link_vimeo":{"url":"https:\/\/vimeo.com\/1084537","is_external":"","nofollow":""},"image_link_google_map":{"url":"https:\/\/www.google.com\/maps\/embed?pb=!1m18!1m12!1m3!1d4740.819266853735!2d9.99008871708242!3d53.550454675412404!2m3!1f0!2f0!3f0!3m2!1i1024!2i768!4f13.1!3m3!1m2!1s0x0%3A0x3f9d24afe84a0263!2sRathaus!5e0!3m2!1sde!2sde!4v1499675200938","is_external":"","nofollow":""},"image_link_website":{"url":"","is_external":"","nofollow":""}},{"image_title":"Smiling Women","image_text":"One morning, when Gregor Samsa woke from troubled dreams, he found himself.","_id":"93986ff","gallery_image":{"id":47609,"url":"https:\/\/bdthemes.net\/demo\/ready-pages\/ready-blocks\/wp-content\/uploads\/2019\/04\/cs45.jpg"},"image_link_type":"","image_link_video":{"url":"https:\/\/quirksmode.org\/html5\/videos\/big_buck_bunny.mp4","is_external":"","nofollow":""},"image_link_youtube":{"url":"https:\/\/www.youtube.com\/watch?v=YE7VzlLtp-4","is_external":"","nofollow":""},"image_link_vimeo":{"url":"https:\/\/vimeo.com\/1084537","is_external":"","nofollow":""},"image_link_google_map":{"url":"https:\/\/www.google.com\/maps\/embed?pb=!1m18!1m12!1m3!1d4740.819266853735!2d9.99008871708242!3d53.550454675412404!2m3!1f0!2f0!3f0!3m2!1i1024!2i768!4f13.1!3m3!1m2!1s0x0%3A0x3f9d24afe84a0263!2sRathaus!5e0!3m2!1sde!2sde!4v1499675200938","is_external":"","nofollow":""},"image_link_website":{"url":"","is_external":"","nofollow":""}},{"image_title":"Women Ware Shirt","image_text":"One morning, when Gregor Samsa woke from troubled dreams, he found himself.","_id":"bf48ba7","gallery_image":{"id":47610,"url":"https:\/\/bdthemes.net\/demo\/ready-pages\/ready-blocks\/wp-content\/uploads\/2019\/04\/cs44.jpg"},"image_link_type":"","image_link_video":{"url":"https:\/\/quirksmode.org\/html5\/videos\/big_buck_bunny.mp4","is_external":"","nofollow":""},"image_link_youtube":{"url":"https:\/\/www.youtube.com\/watch?v=YE7VzlLtp-4","is_external":"","nofollow":""},"image_link_vimeo":{"url":"https:\/\/vimeo.com\/1084537","is_external":"","nofollow":""},"image_link_google_map":{"url":"https:\/\/www.google.com\/maps\/embed?pb=!1m18!1m12!1m3!1d4740.819266853735!2d9.99008871708242!3d53.550454675412404!2m3!1f0!2f0!3f0!3m2!1i1024!2i768!4f13.1!3m3!1m2!1s0x0%3A0x3f9d24afe84a0263!2sRathaus!5e0!3m2!1sde!2sde!4v1499675200938","is_external":"","nofollow":""},"image_link_website":{"url":"","is_external":"","nofollow":""}},{"image_title":"Working on Bed","image_text":"One morning, when Gregor Samsa woke from troubled dreams, he found himself.","_id":"4ba547c","gallery_image":{"id":47611,"url":"https:\/\/bdthemes.net\/demo\/ready-pages\/ready-blocks\/wp-content\/uploads\/2019\/04\/cs43.jpg"},"image_link_type":"","image_link_video":{"url":"https:\/\/quirksmode.org\/html5\/videos\/big_buck_bunny.mp4","is_external":"","nofollow":""},"image_link_youtube":{"url":"https:\/\/www.youtube.com\/watch?v=YE7VzlLtp-4","is_external":"","nofollow":""},"image_link_vimeo":{"url":"https:\/\/vimeo.com\/1084537","is_external":"","nofollow":""},"image_link_google_map":{"url":"https:\/\/www.google.com\/maps\/embed?pb=!1m18!1m12!1m3!1d4740.819266853735!2d9.99008871708242!3d53.550454675412404!2m3!1f0!2f0!3f0!3m2!1i1024!2i768!4f13.1!3m3!1m2!1s0x0%3A0x3f9d24afe84a0263!2sRathaus!5e0!3m2!1sde!2sde!4v1499675200938","is_external":"","nofollow":""},"image_link_website":{"url":"","is_external":"","nofollow":""}},{"image_title":"Happy Face","image_text":"One morning, when Gregor Samsa woke from troubled dreams, he found himself.","_id":"295bd8c","gallery_image":{"id":47612,"url":"https:\/\/bdthemes.net\/demo\/ready-pages\/ready-blocks\/wp-content\/uploads\/2019\/04\/cs42.jpg"},"image_link_type":"","image_link_video":{"url":"https:\/\/quirksmode.org\/html5\/videos\/big_buck_bunny.mp4","is_external":"","nofollow":""},"image_link_youtube":{"url":"https:\/\/www.youtube.com\/watch?v=YE7VzlLtp-4","is_external":"","nofollow":""},"image_link_vimeo":{"url":"https:\/\/vimeo.com\/1084537","is_external":"","nofollow":""},"image_link_google_map":{"url":"https:\/\/www.google.com\/maps\/embed?pb=!1m18!1m12!1m3!1d4740.819266853735!2d9.99008871708242!3d53.550454675412404!2m3!1f0!2f0!3f0!3m2!1i1024!2i768!4f13.1!3m3!1m2!1s0x0%3A0x3f9d24afe84a0263!2sRathaus!5e0!3m2!1sde!2sde!4v1499675200938","is_external":"","nofollow":""},"image_link_website":{"url":"","is_external":"","nofollow":""}},{"image_title":"Smiling Couple","image_text":"One morning, when Gregor Samsa woke from troubled dreams, he found himself.","_id":"c47f29c","gallery_image":{"id":47613,"url":"https:\/\/bdthemes.net\/demo\/ready-pages\/ready-blocks\/wp-content\/uploads\/2019\/04\/cs41.jpg"},"image_link_type":"","image_link_video":{"url":"https:\/\/quirksmode.org\/html5\/videos\/big_buck_bunny.mp4","is_external":"","nofollow":""},"image_link_youtube":{"url":"https:\/\/www.youtube.com\/watch?v=YE7VzlLtp-4","is_external":"","nofollow":""},"image_link_vimeo":{"url":"https:\/\/vimeo.com\/1084537","is_external":"","nofollow":""},"image_link_google_map":{"url":"https:\/\/www.google.com\/maps\/embed?pb=!1m18!1m12!1m3!1d4740.819266853735!2d9.99008871708242!3d53.550454675412404!2m3!1f0!2f0!3f0!3m2!1i1024!2i768!4f13.1!3m3!1m2!1s0x0%3A0x3f9d24afe84a0263!2sRathaus!5e0!3m2!1sde!2sde!4v1499675200938","is_external":"","nofollow":""},"image_link_website":{"url":"","is_external":"","nofollow":""}}],"section_schedule_start_date":"2018-02-01 00:00","section_schedule_end_date":"2018-02-28 00:00","thumbnail_size_size":"medium_large","bdt_abetis_desc_background_color":"#ffffff","title_tag":"h4","bdt_abetis_desc_padding":{"unit":"px","top":"20","right":"30","bottom":"20","left":"30","isLinked":false},"button_text_color":"#000000","background_color":"#ffffff","button_border_radius":{"unit":"px","top":"5","right":"50","bottom":"0","left":"5","isLinked":false},"button_padding":{"unit":"px","top":"10","right":"10","bottom":"10","left":"10","isLinked":true},"overlay_animation":"slide-left","overlay_background":"rgba(0,0,0,0.5)","bdt_fedara_desc_padding":{"unit":"px","top":"30","right":"0","bottom":"30","left":"0","isLinked":false},"element_pack_widget_tooltip_text":"This is Tooltip","title_typography_line_height_tablet":{"unit":"em","size":""},"title_typography_line_height_mobile":{"unit":"em","size":""},"text_typography_line_height_tablet":{"unit":"em","size":""},"text_typography_line_height_mobile":{"unit":"em","size":""},"typography_line_height_tablet":{"unit":"em","size":""},"typography_line_height_mobile":{"unit":"em","size":""},"element_pack_widget_tooltip":"","element_pack_widget_tooltip_placement":"top","element_pack_widget_tooltip_animation":"shift-toward","element_pack_widget_tooltip_x_offset":0,"element_pack_widget_tooltip_y_offset":0,"element_pack_widget_tooltip_arrow":"","element_pack_widget_tooltip_width":{"unit":"px","size":""},"element_pack_widget_tooltip_width_tablet":{"unit":"px","size":""},"element_pack_widget_tooltip_width_mobile":{"unit":"px","size":""},"element_pack_widget_tooltip_color":"","element_pack_widget_tooltip_background_background":"","element_pack_widget_tooltip_background_color":"","element_pack_widget_tooltip_background_color_stop":{"unit":"%","size":0},"element_pack_widget_tooltip_background_color_b":"#f2295b","element_pack_widget_tooltip_background_color_b_stop":{"unit":"%","size":100},"element_pack_widget_tooltip_background_gradient_type":"linear","element_pack_widget_tooltip_background_gradient_angle":{"unit":"deg","size":180},"element_pack_widget_tooltip_background_gradient_position":"center center","element_pack_widget_tooltip_background_image":{"url":"","id":""},"element_pack_widget_tooltip_background_position":"","element_pack_widget_tooltip_background_attachment":"","element_pack_widget_tooltip_background_repeat":"","element_pack_widget_tooltip_background_size":"","element_pack_widget_tooltip_background_video_link":"","element_pack_widget_tooltip_background_video_start":"","element_pack_widget_tooltip_background_video_end":"","element_pack_widget_tooltip_background_video_fallback":{"url":"","id":""},"element_pack_widget_tooltip_arrow_color":"","element_pack_widget_tooltip_padding":{"unit":"px","top":"","right":"","bottom":"","left":"","isLinked":true},"element_pack_widget_tooltip_padding_tablet":{"unit":"px","top":"","right":"","bottom":"","left":"","isLinked":true},"element_pack_widget_tooltip_padding_mobile":{"unit":"px","top":"","right":"","bottom":"","left":"","isLinked":true},"element_pack_widget_tooltip_border_border":"","element_pack_widget_tooltip_border_width":{"unit":"px","top":"","right":"","bottom":"","left":"","isLinked":true},"element_pack_widget_tooltip_border_color":"","element_pack_widget_tooltip_border_radius":{"unit":"px","top":"","right":"","bottom":"","left":"","isLinked":true},"element_pack_widget_tooltip_border_radius_tablet":{"unit":"px","top":"","right":"","bottom":"","left":"","isLinked":true},"element_pack_widget_tooltip_border_radius_mobile":{"unit":"px","top":"","right":"","bottom":"","left":"","isLinked":true},"element_pack_widget_tooltip_text_align":"center","element_pack_widget_tooltip_box_shadow_box_shadow_type":"","element_pack_widget_tooltip_box_shadow_box_shadow":{"horizontal":0,"vertical":0,"blur":10,"spread":0,"color":"rgba(0,0,0,0.5)"},"element_pack_widget_tooltip_box_shadow_box_shadow_position":" ","element_pack_widget_tooltip_typography_typography":"","element_pack_widget_tooltip_typography_font_family":"","element_pack_widget_tooltip_typography_font_size":{"unit":"px","size":""},"element_pack_widget_tooltip_typography_font_size_tablet":{"unit":"px","size":""},"element_pack_widget_tooltip_typography_font_size_mobile":{"unit":"px","size":""},"element_pack_widget_tooltip_typography_font_weight":"","element_pack_widget_tooltip_typography_text_transform":"","element_pack_widget_tooltip_typography_font_style":"","element_pack_widget_tooltip_typography_text_decoration":"","element_pack_widget_tooltip_typography_line_height":{"unit":"em","size":""},"element_pack_widget_tooltip_typography_line_height_tablet":{"unit":"em","size":""},"element_pack_widget_tooltip_typography_line_height_mobile":{"unit":"em","size":""},"element_pack_widget_tooltip_typography_letter_spacing":{"unit":"px","size":""},"element_pack_widget_tooltip_typography_letter_spacing_tablet":{"unit":"px","size":""},"element_pack_widget_tooltip_typography_letter_spacing_mobile":{"unit":"px","size":""},"sticky":"","sticky_on":["desktop","tablet","mobile"],"sticky_offset":0,"sticky_effects_offset":0,"sticky_parent":"","custom_css":"","item_ratio":{"unit":"px","size":360},"link_type":"text","item_gap":{"unit":"px","size":30},"row_gap":{"unit":"px","size":30},"item_border_radius":{"unit":"px","top":"10","right":"10","bottom":"10","left":"10","isLinked":true},"title_color":"#ffffff","text_color":"#ffffff","bdt_fedara_desc_background_color":"#ffffff"},"elements":[],"isInner":false,"widgetType":"bdt-custom-gallery","elType":"widget"}],"isInner":false,"elType":"column"}],"isInner":false,"elType":"section"}],"page_settings":{"background_color_stop":{"unit":"%","size":"0","sizes":[]},"background_color_b_stop":{"unit":"%","size":"100","sizes":[]},"background_gradient_angle":{"unit":"deg","size":"180","sizes":[]},"background_xpos":{"unit":"px","size":"0","sizes":[]},"background_xpos_tablet":{"unit":"px","size":"0","sizes":[]},"background_xpos_mobile":{"unit":"px","size":"0","sizes":[]},"background_ypos":{"unit":"px","size":"0","sizes":[]},"background_ypos_tablet":{"unit":"px","size":"0","sizes":[]},"background_ypos_mobile":{"unit":"px","size":"0","sizes":[]},"background_bg_width":{"unit":"%","size":"100","sizes":[]},"background_bg_width_tablet":{"unit":"px","size":"","sizes":[]},"background_bg_width_mobile":{"unit":"px","size":"","sizes":[]},"element_pack_toolbar_typography_font_size":{"unit":"px","size":"","sizes":[]},"element_pack_toolbar_typography_font_size_tablet":{"unit":"px","size":"","sizes":[]},"element_pack_toolbar_typography_font_size_mobile":{"unit":"px","size":"","sizes":[]},"element_pack_toolbar_typography_line_height":{"unit":"em","size":"","sizes":[]},"element_pack_toolbar_typography_line_height_tablet":{"unit":"em","size":"","sizes":[]},"element_pack_toolbar_typography_line_height_mobile":{"unit":"em","size":"","sizes":[]},"element_pack_toolbar_typography_letter_spacing":{"unit":"px","size":"","sizes":[]},"element_pack_toolbar_typography_letter_spacing_tablet":{"unit":"px","size":"","sizes":[]},"element_pack_toolbar_typography_letter_spacing_mobile":{"unit":"px","size":"","sizes":[]},"element_pack_global_tooltip_width":{"unit":"px","size":"","sizes":[]},"element_pack_global_tooltip_width_tablet":{"unit":"px","size":"","sizes":[]},"element_pack_global_tooltip_width_mobile":{"unit":"px","size":"","sizes":[]},"element_pack_global_tooltip_background_color_stop":{"unit":"%","size":"0","sizes":[]},"element_pack_global_tooltip_background_color_b_stop":{"unit":"%","size":"100","sizes":[]},"element_pack_global_tooltip_background_gradient_angle":{"unit":"deg","size":"180","sizes":[]},"element_pack_global_tooltip_background_xpos":{"unit":"px","size":"0","sizes":[]},"element_pack_global_tooltip_background_xpos_tablet":{"unit":"px","size":"0","sizes":[]},"element_pack_global_tooltip_background_xpos_mobile":{"unit":"px","size":"0","sizes":[]},"element_pack_global_tooltip_background_ypos":{"unit":"px","size":"0","sizes":[]},"element_pack_global_tooltip_background_ypos_tablet":{"unit":"px","size":"0","sizes":[]},"element_pack_global_tooltip_background_ypos_mobile":{"unit":"px","size":"0","sizes":[]},"element_pack_global_tooltip_background_bg_width":{"unit":"%","size":"100","sizes":[]},"element_pack_global_tooltip_background_bg_width_tablet":{"unit":"px","size":"","sizes":[]},"element_pack_global_tooltip_background_bg_width_mobile":{"unit":"px","size":"","sizes":[]},"element_pack_global_tooltip_typography_font_size":{"unit":"px","size":"","sizes":[]},"element_pack_global_tooltip_typography_font_size_tablet":{"unit":"px","size":"","sizes":[]},"element_pack_global_tooltip_typography_font_size_mobile":{"unit":"px","size":"","sizes":[]},"element_pack_global_tooltip_typography_line_height":{"unit":"em","size":"","sizes":[]},"element_pack_global_tooltip_typography_line_height_tablet":{"unit":"em","size":"","sizes":[]},"element_pack_global_tooltip_typography_line_height_mobile":{"unit":"em","size":"","sizes":[]},"element_pack_global_tooltip_typography_letter_spacing":{"unit":"px","size":"","sizes":[]},"element_pack_global_tooltip_typography_letter_spacing_tablet":{"unit":"px","size":"","sizes":[]},"element_pack_global_tooltip_typography_letter_spacing_mobile":{"unit":"px","size":"","sizes":[]}}}