{"version":"0.4","title":"advanced-icon-box-blocks-16","type":"section","content":[{"id":"2194080","settings":{"padding":{"unit":"px","top":"150","right":"0","bottom":"150","left":"0","isLinked":false},"background_background":"classic","padding_tablet":{"unit":"px","top":"80","right":"30","bottom":"80","left":"30","isLinked":false},"padding_mobile":{"unit":"px","top":"50","right":"15","bottom":"50","left":"15","isLinked":false},"sticky":"","sticky_on":["desktop","tablet","mobile"],"sticky_offset":0,"sticky_effects_offset":0,"custom_css":""},"elements":[{"id":"14ecd7ec","settings":{"_column_size":100,"padding":{"unit":"px","top":"0","right":"0","bottom":"0","left":"0","isLinked":true},"_inline_size_mobile":100,"_inline_size_tablet":100,"custom_css":""},"elements":[{"id":"5ca4a0b4","settings":{"title":"Gradient Background Color","align":"center","element_pack_widget_tooltip_text":"This is Tooltip","typography_typography":"custom","typography_font_size_mobile":{"unit":"px","size":28},"_margin":{"unit":"px","top":"0","right":"0","bottom":"50","left":"0","isLinked":false},"_margin_mobile":{"unit":"px","top":"0","right":"0","bottom":"0","left":"0","isLinked":false},"typography_line_height_tablet":{"unit":"em","size":""},"typography_line_height_mobile":{"unit":"em","size":""},"element_pack_widget_tooltip":"","element_pack_widget_tooltip_placement":"top","element_pack_widget_tooltip_animation":"shift-toward","element_pack_widget_tooltip_x_offset":0,"element_pack_widget_tooltip_y_offset":0,"element_pack_widget_tooltip_arrow":"","element_pack_widget_tooltip_width":{"unit":"px","size":""},"element_pack_widget_tooltip_width_tablet":{"unit":"px","size":""},"element_pack_widget_tooltip_width_mobile":{"unit":"px","size":""},"element_pack_widget_tooltip_color":"","element_pack_widget_tooltip_background_background":"","element_pack_widget_tooltip_background_color":"","element_pack_widget_tooltip_background_color_stop":{"unit":"%","size":0},"element_pack_widget_tooltip_background_color_b":"#f2295b","element_pack_widget_tooltip_background_color_b_stop":{"unit":"%","size":100},"element_pack_widget_tooltip_background_gradient_type":"linear","element_pack_widget_tooltip_background_gradient_angle":{"unit":"deg","size":180},"element_pack_widget_tooltip_background_gradient_position":"center center","element_pack_widget_tooltip_background_image":{"url":"","id":""},"element_pack_widget_tooltip_background_position":"","element_pack_widget_tooltip_background_attachment":"","element_pack_widget_tooltip_background_repeat":"","element_pack_widget_tooltip_background_size":"","element_pack_widget_tooltip_background_video_link":"","element_pack_widget_tooltip_background_video_start":"","element_pack_widget_tooltip_background_video_end":"","element_pack_widget_tooltip_background_video_fallback":{"url":"","id":""},"element_pack_widget_tooltip_arrow_color":"","element_pack_widget_tooltip_padding":{"unit":"px","top":"","right":"","bottom":"","left":"","isLinked":true},"element_pack_widget_tooltip_padding_tablet":{"unit":"px","top":"","right":"","bottom":"","left":"","isLinked":true},"element_pack_widget_tooltip_padding_mobile":{"unit":"px","top":"","right":"","bottom":"","left":"","isLinked":true},"element_pack_widget_tooltip_border_border":"","element_pack_widget_tooltip_border_width":{"unit":"px","top":"","right":"","bottom":"","left":"","isLinked":true},"element_pack_widget_tooltip_border_color":"","element_pack_widget_tooltip_border_radius":{"unit":"px","top":"","right":"","bottom":"","left":"","isLinked":true},"element_pack_widget_tooltip_border_radius_tablet":{"unit":"px","top":"","right":"","bottom":"","left":"","isLinked":true},"element_pack_widget_tooltip_border_radius_mobile":{"unit":"px","top":"","right":"","bottom":"","left":"","isLinked":true},"element_pack_widget_tooltip_text_align":"center","element_pack_widget_tooltip_box_shadow_box_shadow_type":"","element_pack_widget_tooltip_box_shadow_box_shadow":{"horizontal":0,"vertical":0,"blur":10,"spread":0,"color":"rgba(0,0,0,0.5)"},"element_pack_widget_tooltip_box_shadow_box_shadow_position":" ","element_pack_widget_tooltip_typography_typography":"","element_pack_widget_tooltip_typography_font_family":"","element_pack_widget_tooltip_typography_font_size":{"unit":"px","size":""},"element_pack_widget_tooltip_typography_font_size_tablet":{"unit":"px","size":""},"element_pack_widget_tooltip_typography_font_size_mobile":{"unit":"px","size":""},"element_pack_widget_tooltip_typography_font_weight":"","element_pack_widget_tooltip_typography_text_transform":"","element_pack_widget_tooltip_typography_font_style":"","element_pack_widget_tooltip_typography_text_decoration":"","element_pack_widget_tooltip_typography_line_height":{"unit":"em","size":""},"element_pack_widget_tooltip_typography_line_height_tablet":{"unit":"em","size":""},"element_pack_widget_tooltip_typography_line_height_mobile":{"unit":"em","size":""},"element_pack_widget_tooltip_typography_letter_spacing":{"unit":"px","size":""},"element_pack_widget_tooltip_typography_letter_spacing_tablet":{"unit":"px","size":""},"element_pack_widget_tooltip_typography_letter_spacing_mobile":{"unit":"px","size":""},"sticky":"","sticky_on":["desktop","tablet","mobile"],"sticky_offset":0,"sticky_effects_offset":0,"sticky_parent":"","custom_css":""},"elements":[],"isInner":false,"widgetType":"heading","elType":"widget"},{"id":"e9bba6d","settings":{"gap":"wide","structure":"30","sticky":"","sticky_on":["desktop","tablet","mobile"],"sticky_offset":0,"sticky_effects_offset":0,"custom_css":""},"elements":[{"id":"174bb044","settings":{"_column_size":33,"_inline_size":null,"_inline_size_tablet":50,"_inline_size_mobile":100,"custom_css":""},"elements":[{"id":"714bd405","settings":{"icon_type":"image","image":{"id":"47209","url":"https:\/\/bdthemes.net\/demo\/ready-pages\/ready-blocks\/wp-content\/uploads\/2019\/04\/022-sofa-1.png"},"title_text":"Single Sofa Design","description_text":"A wonderful serenity has taken of my entire soul sweet mornings.","readmore_text":"Read More","readmore_icon":"fa fa-angle-right","badge_text":"OPPS!!","icon_background_background":"classic","icon_background_color":"#ffffff","icon_padding":{"unit":"px","top":"20","right":"20","bottom":"20","left":"20","isLinked":true},"icon_radius":{"unit":"px","top":"5","right":"5","bottom":"5","left":"5","isLinked":true},"title_bottom_space":{"unit":"px","size":10},"title_color":"#ffffff","description_color":"rgba(255,255,255,0.8)","readmore_text_color":"#ffffff","readmore_background_background":"classic","readmore_background_color":"#914eb7","readmore_radius":{"unit":"px","top":"5","right":"5","bottom":"5","left":"5","isLinked":true},"readmore_padding":{"unit":"px","top":"8","right":"20","bottom":"8","left":"20","isLinked":false},"readmore_spacing":{"unit":"px","size":30},"readmore_typography_typography":"custom","readmore_typography_font_size":{"unit":"px","size":14},"readmore_typography_font_weight":"700","readmore_hover_background_background":"classic","readmore_hover_background_color":"#ab45dc","_padding":{"unit":"px","top":"70","right":"40","bottom":"70","left":"40","isLinked":false},"element_pack_widget_tooltip_text":"This is Tooltip","_background_background":"gradient","_background_color":"#9d50bb","_background_color_b":"#6e48aa","_background_gradient_angle":{"unit":"deg","size":145},"_border_radius":{"unit":"px","top":"5","right":"5","bottom":"5","left":"5","isLinked":true},"css_filters_css_filter":"custom","css_filters_brightness":{"unit":"px","size":0},"css_filters_contrast":{"unit":"px","size":0},"css_filters_hover_css_filter":"custom","icon_radius_advanced":"75% 25% 43% 57% \/ 46% 29% 71% 54%","icon_typography_line_height_tablet":{"unit":"em","size":""},"icon_typography_line_height_mobile":{"unit":"em","size":""},"title_typography_line_height_tablet":{"unit":"em","size":""},"title_typography_line_height_mobile":{"unit":"em","size":""},"description_typography_line_height_tablet":{"unit":"em","size":""},"description_typography_line_height_mobile":{"unit":"em","size":""},"readmore_typography_line_height_tablet":{"unit":"em","size":""},"readmore_typography_line_height_mobile":{"unit":"em","size":""},"badge_typography_line_height_tablet":{"unit":"em","size":""},"badge_typography_line_height_mobile":{"unit":"em","size":""},"_animation":"fadeIn","_animation_delay":200,"element_pack_widget_tooltip":"","element_pack_widget_tooltip_placement":"top","element_pack_widget_tooltip_animation":"shift-toward","element_pack_widget_tooltip_x_offset":0,"element_pack_widget_tooltip_y_offset":0,"element_pack_widget_tooltip_arrow":"","element_pack_widget_tooltip_width":{"unit":"px","size":""},"element_pack_widget_tooltip_width_tablet":{"unit":"px","size":""},"element_pack_widget_tooltip_width_mobile":{"unit":"px","size":""},"element_pack_widget_tooltip_color":"","element_pack_widget_tooltip_background_background":"","element_pack_widget_tooltip_background_color":"","element_pack_widget_tooltip_background_color_stop":{"unit":"%","size":0},"element_pack_widget_tooltip_background_color_b":"#f2295b","element_pack_widget_tooltip_background_color_b_stop":{"unit":"%","size":100},"element_pack_widget_tooltip_background_gradient_type":"linear","element_pack_widget_tooltip_background_gradient_angle":{"unit":"deg","size":180},"element_pack_widget_tooltip_background_gradient_position":"center center","element_pack_widget_tooltip_background_image":{"url":"","id":""},"element_pack_widget_tooltip_background_position":"","element_pack_widget_tooltip_background_attachment":"","element_pack_widget_tooltip_background_repeat":"","element_pack_widget_tooltip_background_size":"","element_pack_widget_tooltip_background_video_link":"","element_pack_widget_tooltip_background_video_start":"","element_pack_widget_tooltip_background_video_end":"","element_pack_widget_tooltip_background_video_fallback":{"url":"","id":""},"element_pack_widget_tooltip_arrow_color":"","element_pack_widget_tooltip_padding":{"unit":"px","top":"","right":"","bottom":"","left":"","isLinked":true},"element_pack_widget_tooltip_padding_tablet":{"unit":"px","top":"","right":"","bottom":"","left":"","isLinked":true},"element_pack_widget_tooltip_padding_mobile":{"unit":"px","top":"","right":"","bottom":"","left":"","isLinked":true},"element_pack_widget_tooltip_border_border":"","element_pack_widget_tooltip_border_width":{"unit":"px","top":"","right":"","bottom":"","left":"","isLinked":true},"element_pack_widget_tooltip_border_color":"","element_pack_widget_tooltip_border_radius":{"unit":"px","top":"","right":"","bottom":"","left":"","isLinked":true},"element_pack_widget_tooltip_border_radius_tablet":{"unit":"px","top":"","right":"","bottom":"","left":"","isLinked":true},"element_pack_widget_tooltip_border_radius_mobile":{"unit":"px","top":"","right":"","bottom":"","left":"","isLinked":true},"element_pack_widget_tooltip_text_align":"center","element_pack_widget_tooltip_box_shadow_box_shadow_type":"","element_pack_widget_tooltip_box_shadow_box_shadow":{"horizontal":0,"vertical":0,"blur":10,"spread":0,"color":"rgba(0,0,0,0.5)"},"element_pack_widget_tooltip_box_shadow_box_shadow_position":" ","element_pack_widget_tooltip_typography_typography":"","element_pack_widget_tooltip_typography_font_family":"","element_pack_widget_tooltip_typography_font_size":{"unit":"px","size":""},"element_pack_widget_tooltip_typography_font_size_tablet":{"unit":"px","size":""},"element_pack_widget_tooltip_typography_font_size_mobile":{"unit":"px","size":""},"element_pack_widget_tooltip_typography_font_weight":"","element_pack_widget_tooltip_typography_text_transform":"","element_pack_widget_tooltip_typography_font_style":"","element_pack_widget_tooltip_typography_text_decoration":"","element_pack_widget_tooltip_typography_line_height":{"unit":"em","size":""},"element_pack_widget_tooltip_typography_line_height_tablet":{"unit":"em","size":""},"element_pack_widget_tooltip_typography_line_height_mobile":{"unit":"em","size":""},"element_pack_widget_tooltip_typography_letter_spacing":{"unit":"px","size":""},"element_pack_widget_tooltip_typography_letter_spacing_tablet":{"unit":"px","size":""},"element_pack_widget_tooltip_typography_letter_spacing_mobile":{"unit":"px","size":""},"sticky":"","sticky_on":["desktop","tablet","mobile"],"sticky_offset":0,"sticky_effects_offset":0,"sticky_parent":"","custom_css":""},"elements":[],"isInner":false,"widgetType":"bdt-advanced-icon-box","elType":"widget"}],"isInner":true,"elType":"column"},{"id":"7b4e22ab","settings":{"_column_size":33,"_inline_size":null,"_inline_size_tablet":50,"_inline_size_mobile":100,"custom_css":""},"elements":[{"id":"3a11d863","settings":{"icon_type":"image","image":{"id":"47210","url":"https:\/\/bdthemes.net\/demo\/ready-pages\/ready-blocks\/wp-content\/uploads\/2019\/04\/029-table-7.png"},"title_text":"Modern Table Set","description_text":"A wonderful serenity has taken of my entire soul sweet mornings.","readmore_text":"Read More","readmore_icon":"fa fa-angle-right","badge_text":"OPPS!!","icon_background_background":"classic","icon_background_color":"#ffffff","icon_padding":{"unit":"px","top":"20","right":"20","bottom":"20","left":"20","isLinked":true},"icon_radius":{"unit":"px","top":"5","right":"5","bottom":"5","left":"5","isLinked":true},"title_bottom_space":{"unit":"px","size":10},"title_color":"#ffffff","description_color":"rgba(255,255,255,0.8)","readmore_text_color":"#ffffff","readmore_background_background":"classic","readmore_background_color":"#92437c","readmore_radius":{"unit":"px","top":"5","right":"5","bottom":"5","left":"5","isLinked":true},"readmore_padding":{"unit":"px","top":"8","right":"20","bottom":"8","left":"20","isLinked":false},"readmore_spacing":{"unit":"px","size":30},"readmore_typography_typography":"custom","readmore_typography_font_size":{"unit":"px","size":14},"readmore_typography_font_weight":"700","readmore_hover_background_background":"classic","readmore_hover_background_color":"#bf2f93","_padding":{"unit":"px","top":"70","right":"40","bottom":"70","left":"40","isLinked":false},"element_pack_widget_tooltip_text":"This is Tooltip","_background_background":"gradient","_background_color":"#ad5389","_background_color_b":"#3c1053","_background_gradient_angle":{"unit":"deg","size":145},"_border_radius":{"unit":"px","top":"5","right":"5","bottom":"5","left":"5","isLinked":true},"css_filters_css_filter":"custom","css_filters_brightness":{"unit":"px","size":0},"css_filters_contrast":{"unit":"px","size":0},"css_filters_hover_css_filter":"custom","icon_radius_advanced":"75% 25% 43% 57% \/ 46% 29% 71% 54%","icon_typography_line_height_tablet":{"unit":"em","size":""},"icon_typography_line_height_mobile":{"unit":"em","size":""},"title_typography_line_height_tablet":{"unit":"em","size":""},"title_typography_line_height_mobile":{"unit":"em","size":""},"description_typography_line_height_tablet":{"unit":"em","size":""},"description_typography_line_height_mobile":{"unit":"em","size":""},"readmore_typography_line_height_tablet":{"unit":"em","size":""},"readmore_typography_line_height_mobile":{"unit":"em","size":""},"badge_typography_line_height_tablet":{"unit":"em","size":""},"badge_typography_line_height_mobile":{"unit":"em","size":""},"_animation":"fadeIn","_animation_delay":300,"element_pack_widget_tooltip":"","element_pack_widget_tooltip_placement":"top","element_pack_widget_tooltip_animation":"shift-toward","element_pack_widget_tooltip_x_offset":0,"element_pack_widget_tooltip_y_offset":0,"element_pack_widget_tooltip_arrow":"","element_pack_widget_tooltip_width":{"unit":"px","size":""},"element_pack_widget_tooltip_width_tablet":{"unit":"px","size":""},"element_pack_widget_tooltip_width_mobile":{"unit":"px","size":""},"element_pack_widget_tooltip_color":"","element_pack_widget_tooltip_background_background":"","element_pack_widget_tooltip_background_color":"","element_pack_widget_tooltip_background_color_stop":{"unit":"%","size":0},"element_pack_widget_tooltip_background_color_b":"#f2295b","element_pack_widget_tooltip_background_color_b_stop":{"unit":"%","size":100},"element_pack_widget_tooltip_background_gradient_type":"linear","element_pack_widget_tooltip_background_gradient_angle":{"unit":"deg","size":180},"element_pack_widget_tooltip_background_gradient_position":"center center","element_pack_widget_tooltip_background_image":{"url":"","id":""},"element_pack_widget_tooltip_background_position":"","element_pack_widget_tooltip_background_attachment":"","element_pack_widget_tooltip_background_repeat":"","element_pack_widget_tooltip_background_size":"","element_pack_widget_tooltip_background_video_link":"","element_pack_widget_tooltip_background_video_start":"","element_pack_widget_tooltip_background_video_end":"","element_pack_widget_tooltip_background_video_fallback":{"url":"","id":""},"element_pack_widget_tooltip_arrow_color":"","element_pack_widget_tooltip_padding":{"unit":"px","top":"","right":"","bottom":"","left":"","isLinked":true},"element_pack_widget_tooltip_padding_tablet":{"unit":"px","top":"","right":"","bottom":"","left":"","isLinked":true},"element_pack_widget_tooltip_padding_mobile":{"unit":"px","top":"","right":"","bottom":"","left":"","isLinked":true},"element_pack_widget_tooltip_border_border":"","element_pack_widget_tooltip_border_width":{"unit":"px","top":"","right":"","bottom":"","left":"","isLinked":true},"element_pack_widget_tooltip_border_color":"","element_pack_widget_tooltip_border_radius":{"unit":"px","top":"","right":"","bottom":"","left":"","isLinked":true},"element_pack_widget_tooltip_border_radius_tablet":{"unit":"px","top":"","right":"","bottom":"","left":"","isLinked":true},"element_pack_widget_tooltip_border_radius_mobile":{"unit":"px","top":"","right":"","bottom":"","left":"","isLinked":true},"element_pack_widget_tooltip_text_align":"center","element_pack_widget_tooltip_box_shadow_box_shadow_type":"","element_pack_widget_tooltip_box_shadow_box_shadow":{"horizontal":0,"vertical":0,"blur":10,"spread":0,"color":"rgba(0,0,0,0.5)"},"element_pack_widget_tooltip_box_shadow_box_shadow_position":" ","element_pack_widget_tooltip_typography_typography":"","element_pack_widget_tooltip_typography_font_family":"","element_pack_widget_tooltip_typography_font_size":{"unit":"px","size":""},"element_pack_widget_tooltip_typography_font_size_tablet":{"unit":"px","size":""},"element_pack_widget_tooltip_typography_font_size_mobile":{"unit":"px","size":""},"element_pack_widget_tooltip_typography_font_weight":"","element_pack_widget_tooltip_typography_text_transform":"","element_pack_widget_tooltip_typography_font_style":"","element_pack_widget_tooltip_typography_text_decoration":"","element_pack_widget_tooltip_typography_line_height":{"unit":"em","size":""},"element_pack_widget_tooltip_typography_line_height_tablet":{"unit":"em","size":""},"element_pack_widget_tooltip_typography_line_height_mobile":{"unit":"em","size":""},"element_pack_widget_tooltip_typography_letter_spacing":{"unit":"px","size":""},"element_pack_widget_tooltip_typography_letter_spacing_tablet":{"unit":"px","size":""},"element_pack_widget_tooltip_typography_letter_spacing_mobile":{"unit":"px","size":""},"sticky":"","sticky_on":["desktop","tablet","mobile"],"sticky_offset":0,"sticky_effects_offset":0,"sticky_parent":"","custom_css":""},"elements":[],"isInner":false,"widgetType":"bdt-advanced-icon-box","elType":"widget"}],"isInner":true,"elType":"column"},{"id":"2b6810d7","settings":{"_column_size":33,"_inline_size":null,"_inline_size_tablet":50,"_inline_size_mobile":100,"custom_css":""},"elements":[{"id":"3f2cab1b","settings":{"icon_type":"image","image":{"id":"47211","url":"https:\/\/bdthemes.net\/demo\/ready-pages\/ready-blocks\/wp-content\/uploads\/2019\/04\/015-drawer.png"},"title_text":"Dual Drawer Set","description_text":"A wonderful serenity has taken of my entire soul sweet mornings.","readmore_text":"Read More","readmore_icon":"fa fa-angle-right","badge_text":"OPPS!!","icon_background_background":"classic","icon_background_color":"#ffffff","icon_padding":{"unit":"px","top":"20","right":"20","bottom":"20","left":"20","isLinked":true},"icon_radius":{"unit":"px","top":"5","right":"5","bottom":"5","left":"5","isLinked":true},"title_bottom_space":{"unit":"px","size":10},"title_color":"#ffffff","description_color":"rgba(255,255,255,0.8)","readmore_text_color":"#ffffff","readmore_background_background":"classic","readmore_background_color":"#990668","readmore_radius":{"unit":"px","top":"5","right":"5","bottom":"5","left":"5","isLinked":true},"readmore_padding":{"unit":"px","top":"8","right":"20","bottom":"8","left":"20","isLinked":false},"readmore_spacing":{"unit":"px","size":30},"readmore_typography_typography":"custom","readmore_typography_font_size":{"unit":"px","size":14},"readmore_typography_font_weight":"700","readmore_hover_background_background":"classic","readmore_hover_background_color":"#da5aac","_padding":{"unit":"px","top":"70","right":"40","bottom":"70","left":"40","isLinked":false},"element_pack_widget_tooltip_text":"This is Tooltip","_background_background":"gradient","_background_color":"#aa076b","_background_color_b":"#61045f","_background_gradient_angle":{"unit":"deg","size":145},"_border_radius":{"unit":"px","top":"5","right":"5","bottom":"5","left":"5","isLinked":true},"css_filters_css_filter":"custom","css_filters_brightness":{"unit":"px","size":0},"css_filters_contrast":{"unit":"px","size":0},"css_filters_hover_css_filter":"custom","icon_radius_advanced":"75% 25% 43% 57% \/ 46% 29% 71% 54%","icon_typography_line_height_tablet":{"unit":"em","size":""},"icon_typography_line_height_mobile":{"unit":"em","size":""},"title_typography_line_height_tablet":{"unit":"em","size":""},"title_typography_line_height_mobile":{"unit":"em","size":""},"description_typography_line_height_tablet":{"unit":"em","size":""},"description_typography_line_height_mobile":{"unit":"em","size":""},"readmore_typography_line_height_tablet":{"unit":"em","size":""},"readmore_typography_line_height_mobile":{"unit":"em","size":""},"badge_typography_line_height_tablet":{"unit":"em","size":""},"badge_typography_line_height_mobile":{"unit":"em","size":""},"_animation":"fadeIn","_animation_delay":400,"element_pack_widget_tooltip":"","element_pack_widget_tooltip_placement":"top","element_pack_widget_tooltip_animation":"shift-toward","element_pack_widget_tooltip_x_offset":0,"element_pack_widget_tooltip_y_offset":0,"element_pack_widget_tooltip_arrow":"","element_pack_widget_tooltip_width":{"unit":"px","size":""},"element_pack_widget_tooltip_width_tablet":{"unit":"px","size":""},"element_pack_widget_tooltip_width_mobile":{"unit":"px","size":""},"element_pack_widget_tooltip_color":"","element_pack_widget_tooltip_background_background":"","element_pack_widget_tooltip_background_color":"","element_pack_widget_tooltip_background_color_stop":{"unit":"%","size":0},"element_pack_widget_tooltip_background_color_b":"#f2295b","element_pack_widget_tooltip_background_color_b_stop":{"unit":"%","size":100},"element_pack_widget_tooltip_background_gradient_type":"linear","element_pack_widget_tooltip_background_gradient_angle":{"unit":"deg","size":180},"element_pack_widget_tooltip_background_gradient_position":"center center","element_pack_widget_tooltip_background_image":{"url":"","id":""},"element_pack_widget_tooltip_background_position":"","element_pack_widget_tooltip_background_attachment":"","element_pack_widget_tooltip_background_repeat":"","element_pack_widget_tooltip_background_size":"","element_pack_widget_tooltip_background_video_link":"","element_pack_widget_tooltip_background_video_start":"","element_pack_widget_tooltip_background_video_end":"","element_pack_widget_tooltip_background_video_fallback":{"url":"","id":""},"element_pack_widget_tooltip_arrow_color":"","element_pack_widget_tooltip_padding":{"unit":"px","top":"","right":"","bottom":"","left":"","isLinked":true},"element_pack_widget_tooltip_padding_tablet":{"unit":"px","top":"","right":"","bottom":"","left":"","isLinked":true},"element_pack_widget_tooltip_padding_mobile":{"unit":"px","top":"","right":"","bottom":"","left":"","isLinked":true},"element_pack_widget_tooltip_border_border":"","element_pack_widget_tooltip_border_width":{"unit":"px","top":"","right":"","bottom":"","left":"","isLinked":true},"element_pack_widget_tooltip_border_color":"","element_pack_widget_tooltip_border_radius":{"unit":"px","top":"","right":"","bottom":"","left":"","isLinked":true},"element_pack_widget_tooltip_border_radius_tablet":{"unit":"px","top":"","right":"","bottom":"","left":"","isLinked":true},"element_pack_widget_tooltip_border_radius_mobile":{"unit":"px","top":"","right":"","bottom":"","left":"","isLinked":true},"element_pack_widget_tooltip_text_align":"center","element_pack_widget_tooltip_box_shadow_box_shadow_type":"","element_pack_widget_tooltip_box_shadow_box_shadow":{"horizontal":0,"vertical":0,"blur":10,"spread":0,"color":"rgba(0,0,0,0.5)"},"element_pack_widget_tooltip_box_shadow_box_shadow_position":" ","element_pack_widget_tooltip_typography_typography":"","element_pack_widget_tooltip_typography_font_family":"","element_pack_widget_tooltip_typography_font_size":{"unit":"px","size":""},"element_pack_widget_tooltip_typography_font_size_tablet":{"unit":"px","size":""},"element_pack_widget_tooltip_typography_font_size_mobile":{"unit":"px","size":""},"element_pack_widget_tooltip_typography_font_weight":"","element_pack_widget_tooltip_typography_text_transform":"","element_pack_widget_tooltip_typography_font_style":"","element_pack_widget_tooltip_typography_text_decoration":"","element_pack_widget_tooltip_typography_line_height":{"unit":"em","size":""},"element_pack_widget_tooltip_typography_line_height_tablet":{"unit":"em","size":""},"element_pack_widget_tooltip_typography_line_height_mobile":{"unit":"em","size":""},"element_pack_widget_tooltip_typography_letter_spacing":{"unit":"px","size":""},"element_pack_widget_tooltip_typography_letter_spacing_tablet":{"unit":"px","size":""},"element_pack_widget_tooltip_typography_letter_spacing_mobile":{"unit":"px","size":""},"sticky":"","sticky_on":["desktop","tablet","mobile"],"sticky_offset":0,"sticky_effects_offset":0,"sticky_parent":"","custom_css":""},"elements":[],"isInner":false,"widgetType":"bdt-advanced-icon-box","elType":"widget"}],"isInner":true,"elType":"column"}],"isInner":true,"elType":"section"}],"isInner":false,"elType":"column"}],"isInner":false,"elType":"section"}]}