{"version":"0.4","title":"advanced-icon-box-blocks-9","type":"section","content":[{"id":"14bf5cbb","settings":{"padding":{"unit":"px","top":"150","right":"0","bottom":"150","left":"0","isLinked":false},"background_background":"classic","padding_tablet":{"unit":"px","top":"80","right":"30","bottom":"80","left":"30","isLinked":false},"padding_mobile":{"unit":"px","top":"50","right":"15","bottom":"50","left":"15","isLinked":false},"layout":"full_width","border_border":"solid","border_width":{"unit":"px","top":"1","right":"0","bottom":"0","left":"0","isLinked":false},"border_color":"#e8e8e8","sticky":"","sticky_on":["desktop","tablet","mobile"],"sticky_offset":0,"sticky_effects_offset":0,"custom_css":""},"elements":[{"id":"7e09505","settings":{"_column_size":100,"padding":{"unit":"px","top":"0","right":"0","bottom":"0","left":"0","isLinked":true},"_inline_size_mobile":100,"_inline_size_tablet":100,"custom_css":""},"elements":[{"id":"1217efe0","settings":{"title":"Various Food Features","align":"center","element_pack_widget_tooltip_text":"This is Tooltip","typography_typography":"custom","typography_font_size_mobile":{"unit":"px","size":28},"_margin":{"unit":"px","top":"0","right":"0","bottom":"50","left":"0","isLinked":false},"typography_line_height_tablet":{"unit":"em","size":""},"typography_line_height_mobile":{"unit":"em","size":""},"element_pack_widget_tooltip":"","element_pack_widget_tooltip_placement":"top","element_pack_widget_tooltip_animation":"shift-toward","element_pack_widget_tooltip_x_offset":0,"element_pack_widget_tooltip_y_offset":0,"element_pack_widget_tooltip_arrow":"","element_pack_widget_tooltip_width":{"unit":"px","size":""},"element_pack_widget_tooltip_width_tablet":{"unit":"px","size":""},"element_pack_widget_tooltip_width_mobile":{"unit":"px","size":""},"element_pack_widget_tooltip_typography_typography":"","element_pack_widget_tooltip_typography_font_family":"","element_pack_widget_tooltip_typography_font_size":{"unit":"px","size":""},"element_pack_widget_tooltip_typography_font_size_tablet":{"unit":"px","size":""},"element_pack_widget_tooltip_typography_font_size_mobile":{"unit":"px","size":""},"element_pack_widget_tooltip_typography_font_weight":"","element_pack_widget_tooltip_typography_text_transform":"","element_pack_widget_tooltip_typography_font_style":"","element_pack_widget_tooltip_typography_text_decoration":"","element_pack_widget_tooltip_typography_line_height":{"unit":"em","size":""},"element_pack_widget_tooltip_typography_line_height_tablet":{"unit":"em","size":""},"element_pack_widget_tooltip_typography_line_height_mobile":{"unit":"em","size":""},"element_pack_widget_tooltip_typography_letter_spacing":{"unit":"px","size":""},"element_pack_widget_tooltip_typography_letter_spacing_tablet":{"unit":"px","size":""},"element_pack_widget_tooltip_typography_letter_spacing_mobile":{"unit":"px","size":""},"element_pack_widget_tooltip_color":"","element_pack_widget_tooltip_text_align":"center","element_pack_widget_tooltip_background_background":"","element_pack_widget_tooltip_background_color":"","element_pack_widget_tooltip_background_color_stop":{"unit":"%","size":0},"element_pack_widget_tooltip_background_color_b":"#f2295b","element_pack_widget_tooltip_background_color_b_stop":{"unit":"%","size":100},"element_pack_widget_tooltip_background_gradient_type":"linear","element_pack_widget_tooltip_background_gradient_angle":{"unit":"deg","size":180},"element_pack_widget_tooltip_background_gradient_position":"center center","element_pack_widget_tooltip_background_image":{"url":"","id":""},"element_pack_widget_tooltip_background_position":"","element_pack_widget_tooltip_background_attachment":"","element_pack_widget_tooltip_background_repeat":"","element_pack_widget_tooltip_background_size":"","element_pack_widget_tooltip_background_video_link":"","element_pack_widget_tooltip_background_video_start":"","element_pack_widget_tooltip_background_video_end":"","element_pack_widget_tooltip_background_video_fallback":{"url":"","id":""},"element_pack_widget_tooltip_arrow_color":"","element_pack_widget_tooltip_padding":{"unit":"px","top":"","right":"","bottom":"","left":"","isLinked":true},"element_pack_widget_tooltip_padding_tablet":{"unit":"px","top":"","right":"","bottom":"","left":"","isLinked":true},"element_pack_widget_tooltip_padding_mobile":{"unit":"px","top":"","right":"","bottom":"","left":"","isLinked":true},"element_pack_widget_tooltip_border_border":"","element_pack_widget_tooltip_border_width":{"unit":"px","top":"","right":"","bottom":"","left":"","isLinked":true},"element_pack_widget_tooltip_border_color":"","element_pack_widget_tooltip_border_radius":{"unit":"px","top":"","right":"","bottom":"","left":"","isLinked":true},"element_pack_widget_tooltip_border_radius_tablet":{"unit":"px","top":"","right":"","bottom":"","left":"","isLinked":true},"element_pack_widget_tooltip_border_radius_mobile":{"unit":"px","top":"","right":"","bottom":"","left":"","isLinked":true},"element_pack_widget_tooltip_box_shadow_box_shadow_type":"","element_pack_widget_tooltip_box_shadow_box_shadow":{"horizontal":0,"vertical":0,"blur":10,"spread":0,"color":"rgba(0,0,0,0.5)"},"element_pack_widget_tooltip_box_shadow_box_shadow_position":" ","sticky":"","sticky_on":["desktop","tablet","mobile"],"sticky_offset":0,"sticky_effects_offset":0,"sticky_parent":"","custom_css":""},"elements":[],"isInner":false,"widgetType":"heading","elType":"widget"},{"id":"876b1ea","settings":{"gap":"wide","structure":"30","margin":{"unit":"px","top":"","right":0,"bottom":"","left":0,"isLinked":true},"sticky":"","sticky_on":["desktop","tablet","mobile"],"sticky_offset":0,"sticky_effects_offset":0,"custom_css":""},"elements":[{"id":"6d7fb880","settings":{"_column_size":33,"_inline_size":null,"_inline_size_tablet":50,"_inline_size_mobile":100,"custom_css":""},"elements":[{"id":"29cc375b","settings":{"icon_type":"image","image":{"id":"47192","url":"https:\/\/bdthemes.net\/demo\/ready-pages\/ready-blocks\/wp-content\/uploads\/2019\/04\/image-4.jpg"},"title_text":"Eating Deer Meat Is Good for You <br>Meat isn't High Protein","description_text":"","readmore_text":"VIew More","readmore_icon":"fa fa-angle-right","badge_text":"POPULAR","icon_space":{"unit":"px","size":30},"image_fullwidth":"yes","title_bottom_space":{"unit":"px","size":15},"readmore_text_color":"#444444","readmore_typography_typography":"custom","readmore_typography_font_size":{"unit":"px","size":14},"readmore_typography_font_weight":"700","_padding":{"unit":"px","top":"0","right":"0","bottom":"40","left":"0","isLinked":false},"element_pack_widget_tooltip_text":"This is Tooltip","_box_shadow_box_shadow_type":"yes","_box_shadow_box_shadow":{"horizontal":0,"vertical":10,"blur":30,"spread":0,"color":"rgba(0,0,0,0.05)"},"_box_shadow_hover_box_shadow_type":"yes","_box_shadow_hover_box_shadow":{"horizontal":0,"vertical":10,"blur":30,"spread":0,"color":"rgba(0,0,0,0.1)"},"readmore_hover_text_color":"#f47c35","icon_radius":{"unit":"px","top":"10","right":"10","bottom":"10","left":"10","isLinked":true},"title_color":"#444444","_border_radius":{"unit":"px","top":"10","right":"10","bottom":"10","left":"10","isLinked":true},"title_link_url":{"url":"","is_external":"on","nofollow":""},"icon_radius_advanced":"75% 25% 43% 57% \/ 46% 29% 71% 54%","global_link":"yes","global_link_url":{"url":"https:\/\/bdthemes.com\/","is_external":"","nofollow":""},"icon_typography_line_height_tablet":{"unit":"em","size":""},"icon_typography_line_height_mobile":{"unit":"em","size":""},"title_typography_line_height_tablet":{"unit":"em","size":""},"title_typography_line_height_mobile":{"unit":"em","size":""},"description_typography_line_height_tablet":{"unit":"em","size":""},"description_typography_line_height_mobile":{"unit":"em","size":""},"readmore_typography_line_height_tablet":{"unit":"em","size":""},"readmore_typography_line_height_mobile":{"unit":"em","size":""},"badge_typography_line_height_tablet":{"unit":"em","size":""},"badge_typography_line_height_mobile":{"unit":"em","size":""},"element_pack_widget_tooltip":"","element_pack_widget_tooltip_placement":"top","element_pack_widget_tooltip_animation":"shift-toward","element_pack_widget_tooltip_x_offset":0,"element_pack_widget_tooltip_y_offset":0,"element_pack_widget_tooltip_arrow":"","element_pack_widget_tooltip_width":{"unit":"px","size":""},"element_pack_widget_tooltip_width_tablet":{"unit":"px","size":""},"element_pack_widget_tooltip_width_mobile":{"unit":"px","size":""},"element_pack_widget_tooltip_typography_typography":"","element_pack_widget_tooltip_typography_font_family":"","element_pack_widget_tooltip_typography_font_size":{"unit":"px","size":""},"element_pack_widget_tooltip_typography_font_size_tablet":{"unit":"px","size":""},"element_pack_widget_tooltip_typography_font_size_mobile":{"unit":"px","size":""},"element_pack_widget_tooltip_typography_font_weight":"","element_pack_widget_tooltip_typography_text_transform":"","element_pack_widget_tooltip_typography_font_style":"","element_pack_widget_tooltip_typography_text_decoration":"","element_pack_widget_tooltip_typography_line_height":{"unit":"em","size":""},"element_pack_widget_tooltip_typography_line_height_tablet":{"unit":"em","size":""},"element_pack_widget_tooltip_typography_line_height_mobile":{"unit":"em","size":""},"element_pack_widget_tooltip_typography_letter_spacing":{"unit":"px","size":""},"element_pack_widget_tooltip_typography_letter_spacing_tablet":{"unit":"px","size":""},"element_pack_widget_tooltip_typography_letter_spacing_mobile":{"unit":"px","size":""},"element_pack_widget_tooltip_color":"","element_pack_widget_tooltip_text_align":"center","element_pack_widget_tooltip_background_background":"","element_pack_widget_tooltip_background_color":"","element_pack_widget_tooltip_background_color_stop":{"unit":"%","size":0},"element_pack_widget_tooltip_background_color_b":"#f2295b","element_pack_widget_tooltip_background_color_b_stop":{"unit":"%","size":100},"element_pack_widget_tooltip_background_gradient_type":"linear","element_pack_widget_tooltip_background_gradient_angle":{"unit":"deg","size":180},"element_pack_widget_tooltip_background_gradient_position":"center center","element_pack_widget_tooltip_background_image":{"url":"","id":""},"element_pack_widget_tooltip_background_position":"","element_pack_widget_tooltip_background_attachment":"","element_pack_widget_tooltip_background_repeat":"","element_pack_widget_tooltip_background_size":"","element_pack_widget_tooltip_background_video_link":"","element_pack_widget_tooltip_background_video_start":"","element_pack_widget_tooltip_background_video_end":"","element_pack_widget_tooltip_background_video_fallback":{"url":"","id":""},"element_pack_widget_tooltip_arrow_color":"","element_pack_widget_tooltip_padding":{"unit":"px","top":"","right":"","bottom":"","left":"","isLinked":true},"element_pack_widget_tooltip_padding_tablet":{"unit":"px","top":"","right":"","bottom":"","left":"","isLinked":true},"element_pack_widget_tooltip_padding_mobile":{"unit":"px","top":"","right":"","bottom":"","left":"","isLinked":true},"element_pack_widget_tooltip_border_border":"","element_pack_widget_tooltip_border_width":{"unit":"px","top":"","right":"","bottom":"","left":"","isLinked":true},"element_pack_widget_tooltip_border_color":"","element_pack_widget_tooltip_border_radius":{"unit":"px","top":"","right":"","bottom":"","left":"","isLinked":true},"element_pack_widget_tooltip_border_radius_tablet":{"unit":"px","top":"","right":"","bottom":"","left":"","isLinked":true},"element_pack_widget_tooltip_border_radius_mobile":{"unit":"px","top":"","right":"","bottom":"","left":"","isLinked":true},"element_pack_widget_tooltip_box_shadow_box_shadow_type":"","element_pack_widget_tooltip_box_shadow_box_shadow":{"horizontal":0,"vertical":0,"blur":10,"spread":0,"color":"rgba(0,0,0,0.5)"},"element_pack_widget_tooltip_box_shadow_box_shadow_position":" ","sticky":"","sticky_on":["desktop","tablet","mobile"],"sticky_offset":0,"sticky_effects_offset":0,"sticky_parent":"","custom_css":"","_animation":"fadeIn","_animation_delay":200},"elements":[],"isInner":false,"widgetType":"bdt-advanced-icon-box","elType":"widget"}],"isInner":true,"elType":"column"},{"id":"7c0e5163","settings":{"_column_size":33,"_inline_size":null,"_inline_size_tablet":50,"_inline_size_mobile":100,"custom_css":""},"elements":[{"id":"2f3b74d9","settings":{"icon_type":"image","image":{"id":"47193","url":"https:\/\/bdthemes.net\/demo\/ready-pages\/ready-blocks\/wp-content\/uploads\/2019\/04\/image-6.jpg"},"title_text":"Fruit is Delicious, Different Fruits<br>Give Us Like Jam and Juices","description_text":"","readmore_text":"View More","readmore_icon":"fa fa-angle-right","badge_text":"POPULAR","icon_space":{"unit":"px","size":30},"image_fullwidth":"yes","title_bottom_space":{"unit":"px","size":15},"readmore_text_color":"#444444","readmore_typography_typography":"custom","readmore_typography_font_size":{"unit":"px","size":14},"readmore_typography_font_weight":"700","_padding":{"unit":"px","top":"0","right":"0","bottom":"40","left":"0","isLinked":false},"element_pack_widget_tooltip_text":"This is Tooltip","_box_shadow_box_shadow_type":"yes","_box_shadow_box_shadow":{"horizontal":0,"vertical":10,"blur":30,"spread":0,"color":"rgba(0,0,0,0.05)"},"_box_shadow_hover_box_shadow_type":"yes","_box_shadow_hover_box_shadow":{"horizontal":0,"vertical":10,"blur":30,"spread":0,"color":"rgba(0,0,0,0.1)"},"readmore_hover_text_color":"#f47c35","icon_radius":{"unit":"px","top":"10","right":"10","bottom":"10","left":"10","isLinked":true},"title_color":"#444444","_border_radius":{"unit":"px","top":"10","right":"10","bottom":"10","left":"10","isLinked":true},"title_link_url":{"url":"https:\/\/bdthemes.com\/","is_external":"on","nofollow":""},"icon_radius_advanced":"75% 25% 43% 57% \/ 46% 29% 71% 54%","global_link":"yes","icon_typography_line_height_tablet":{"unit":"em","size":""},"icon_typography_line_height_mobile":{"unit":"em","size":""},"title_typography_line_height_tablet":{"unit":"em","size":""},"title_typography_line_height_mobile":{"unit":"em","size":""},"description_typography_line_height_tablet":{"unit":"em","size":""},"description_typography_line_height_mobile":{"unit":"em","size":""},"readmore_typography_line_height_tablet":{"unit":"em","size":""},"readmore_typography_line_height_mobile":{"unit":"em","size":""},"badge_typography_line_height_tablet":{"unit":"em","size":""},"badge_typography_line_height_mobile":{"unit":"em","size":""},"element_pack_widget_tooltip":"","element_pack_widget_tooltip_placement":"top","element_pack_widget_tooltip_animation":"shift-toward","element_pack_widget_tooltip_x_offset":0,"element_pack_widget_tooltip_y_offset":0,"element_pack_widget_tooltip_arrow":"","element_pack_widget_tooltip_width":{"unit":"px","size":""},"element_pack_widget_tooltip_width_tablet":{"unit":"px","size":""},"element_pack_widget_tooltip_width_mobile":{"unit":"px","size":""},"element_pack_widget_tooltip_typography_typography":"","element_pack_widget_tooltip_typography_font_family":"","element_pack_widget_tooltip_typography_font_size":{"unit":"px","size":""},"element_pack_widget_tooltip_typography_font_size_tablet":{"unit":"px","size":""},"element_pack_widget_tooltip_typography_font_size_mobile":{"unit":"px","size":""},"element_pack_widget_tooltip_typography_font_weight":"","element_pack_widget_tooltip_typography_text_transform":"","element_pack_widget_tooltip_typography_font_style":"","element_pack_widget_tooltip_typography_text_decoration":"","element_pack_widget_tooltip_typography_line_height":{"unit":"em","size":""},"element_pack_widget_tooltip_typography_line_height_tablet":{"unit":"em","size":""},"element_pack_widget_tooltip_typography_line_height_mobile":{"unit":"em","size":""},"element_pack_widget_tooltip_typography_letter_spacing":{"unit":"px","size":""},"element_pack_widget_tooltip_typography_letter_spacing_tablet":{"unit":"px","size":""},"element_pack_widget_tooltip_typography_letter_spacing_mobile":{"unit":"px","size":""},"element_pack_widget_tooltip_color":"","element_pack_widget_tooltip_text_align":"center","element_pack_widget_tooltip_background_background":"","element_pack_widget_tooltip_background_color":"","element_pack_widget_tooltip_background_color_stop":{"unit":"%","size":0},"element_pack_widget_tooltip_background_color_b":"#f2295b","element_pack_widget_tooltip_background_color_b_stop":{"unit":"%","size":100},"element_pack_widget_tooltip_background_gradient_type":"linear","element_pack_widget_tooltip_background_gradient_angle":{"unit":"deg","size":180},"element_pack_widget_tooltip_background_gradient_position":"center center","element_pack_widget_tooltip_background_image":{"url":"","id":""},"element_pack_widget_tooltip_background_position":"","element_pack_widget_tooltip_background_attachment":"","element_pack_widget_tooltip_background_repeat":"","element_pack_widget_tooltip_background_size":"","element_pack_widget_tooltip_background_video_link":"","element_pack_widget_tooltip_background_video_start":"","element_pack_widget_tooltip_background_video_end":"","element_pack_widget_tooltip_background_video_fallback":{"url":"","id":""},"element_pack_widget_tooltip_arrow_color":"","element_pack_widget_tooltip_padding":{"unit":"px","top":"","right":"","bottom":"","left":"","isLinked":true},"element_pack_widget_tooltip_padding_tablet":{"unit":"px","top":"","right":"","bottom":"","left":"","isLinked":true},"element_pack_widget_tooltip_padding_mobile":{"unit":"px","top":"","right":"","bottom":"","left":"","isLinked":true},"element_pack_widget_tooltip_border_border":"","element_pack_widget_tooltip_border_width":{"unit":"px","top":"","right":"","bottom":"","left":"","isLinked":true},"element_pack_widget_tooltip_border_color":"","element_pack_widget_tooltip_border_radius":{"unit":"px","top":"","right":"","bottom":"","left":"","isLinked":true},"element_pack_widget_tooltip_border_radius_tablet":{"unit":"px","top":"","right":"","bottom":"","left":"","isLinked":true},"element_pack_widget_tooltip_border_radius_mobile":{"unit":"px","top":"","right":"","bottom":"","left":"","isLinked":true},"element_pack_widget_tooltip_box_shadow_box_shadow_type":"","element_pack_widget_tooltip_box_shadow_box_shadow":{"horizontal":0,"vertical":0,"blur":10,"spread":0,"color":"rgba(0,0,0,0.5)"},"element_pack_widget_tooltip_box_shadow_box_shadow_position":" ","sticky":"","sticky_on":["desktop","tablet","mobile"],"sticky_offset":0,"sticky_effects_offset":0,"sticky_parent":"","custom_css":"","_animation":"fadeIn","_animation_delay":300},"elements":[],"isInner":false,"widgetType":"bdt-advanced-icon-box","elType":"widget"}],"isInner":true,"elType":"column"},{"id":"75a0c821","settings":{"_column_size":33,"_inline_size":null,"_inline_size_tablet":50,"_inline_size_mobile":100,"custom_css":""},"elements":[{"id":"15056129","settings":{"icon_type":"image","image":{"id":"47194","url":"https:\/\/bdthemes.net\/demo\/ready-pages\/ready-blocks\/wp-content\/uploads\/2019\/04\/image-7.jpg"},"title_text":"A Sandwich is a Food Typically <br>Vegetables Cheese Meat","description_text":"","readmore_text":"View More","readmore_icon":"fa fa-angle-right","badge_text":"POPULAR","icon_space":{"unit":"px","size":30},"image_fullwidth":"yes","title_bottom_space":{"unit":"px","size":15},"readmore_text_color":"#444444","readmore_typography_typography":"custom","readmore_typography_font_size":{"unit":"px","size":14},"readmore_typography_font_weight":"700","_padding":{"unit":"px","top":"0","right":"0","bottom":"40","left":"0","isLinked":false},"element_pack_widget_tooltip_text":"This is Tooltip","_box_shadow_box_shadow_type":"yes","_box_shadow_box_shadow":{"horizontal":0,"vertical":10,"blur":30,"spread":0,"color":"rgba(0,0,0,0.05)"},"_box_shadow_hover_box_shadow_type":"yes","_box_shadow_hover_box_shadow":{"horizontal":0,"vertical":10,"blur":30,"spread":0,"color":"rgba(0,0,0,0.1)"},"readmore_hover_text_color":"#f47c35","icon_radius":{"unit":"px","top":"10","right":"10","bottom":"10","left":"10","isLinked":true},"title_color":"#444444","_border_radius":{"unit":"px","top":"10","right":"10","bottom":"10","left":"10","isLinked":true},"title_link_url":{"url":"https:\/\/bdthemes.com\/","is_external":"on","nofollow":""},"icon_radius_advanced":"75% 25% 43% 57% \/ 46% 29% 71% 54%","global_link":"yes","icon_typography_line_height_tablet":{"unit":"em","size":""},"icon_typography_line_height_mobile":{"unit":"em","size":""},"title_typography_line_height_tablet":{"unit":"em","size":""},"title_typography_line_height_mobile":{"unit":"em","size":""},"description_typography_line_height_tablet":{"unit":"em","size":""},"description_typography_line_height_mobile":{"unit":"em","size":""},"readmore_typography_line_height_tablet":{"unit":"em","size":""},"readmore_typography_line_height_mobile":{"unit":"em","size":""},"badge_typography_line_height_tablet":{"unit":"em","size":""},"badge_typography_line_height_mobile":{"unit":"em","size":""},"element_pack_widget_tooltip":"","element_pack_widget_tooltip_placement":"top","element_pack_widget_tooltip_animation":"shift-toward","element_pack_widget_tooltip_x_offset":0,"element_pack_widget_tooltip_y_offset":0,"element_pack_widget_tooltip_arrow":"","element_pack_widget_tooltip_width":{"unit":"px","size":""},"element_pack_widget_tooltip_width_tablet":{"unit":"px","size":""},"element_pack_widget_tooltip_width_mobile":{"unit":"px","size":""},"element_pack_widget_tooltip_typography_typography":"","element_pack_widget_tooltip_typography_font_family":"","element_pack_widget_tooltip_typography_font_size":{"unit":"px","size":""},"element_pack_widget_tooltip_typography_font_size_tablet":{"unit":"px","size":""},"element_pack_widget_tooltip_typography_font_size_mobile":{"unit":"px","size":""},"element_pack_widget_tooltip_typography_font_weight":"","element_pack_widget_tooltip_typography_text_transform":"","element_pack_widget_tooltip_typography_font_style":"","element_pack_widget_tooltip_typography_text_decoration":"","element_pack_widget_tooltip_typography_line_height":{"unit":"em","size":""},"element_pack_widget_tooltip_typography_line_height_tablet":{"unit":"em","size":""},"element_pack_widget_tooltip_typography_line_height_mobile":{"unit":"em","size":""},"element_pack_widget_tooltip_typography_letter_spacing":{"unit":"px","size":""},"element_pack_widget_tooltip_typography_letter_spacing_tablet":{"unit":"px","size":""},"element_pack_widget_tooltip_typography_letter_spacing_mobile":{"unit":"px","size":""},"element_pack_widget_tooltip_color":"","element_pack_widget_tooltip_text_align":"center","element_pack_widget_tooltip_background_background":"","element_pack_widget_tooltip_background_color":"","element_pack_widget_tooltip_background_color_stop":{"unit":"%","size":0},"element_pack_widget_tooltip_background_color_b":"#f2295b","element_pack_widget_tooltip_background_color_b_stop":{"unit":"%","size":100},"element_pack_widget_tooltip_background_gradient_type":"linear","element_pack_widget_tooltip_background_gradient_angle":{"unit":"deg","size":180},"element_pack_widget_tooltip_background_gradient_position":"center center","element_pack_widget_tooltip_background_image":{"url":"","id":""},"element_pack_widget_tooltip_background_position":"","element_pack_widget_tooltip_background_attachment":"","element_pack_widget_tooltip_background_repeat":"","element_pack_widget_tooltip_background_size":"","element_pack_widget_tooltip_background_video_link":"","element_pack_widget_tooltip_background_video_start":"","element_pack_widget_tooltip_background_video_end":"","element_pack_widget_tooltip_background_video_fallback":{"url":"","id":""},"element_pack_widget_tooltip_arrow_color":"","element_pack_widget_tooltip_padding":{"unit":"px","top":"","right":"","bottom":"","left":"","isLinked":true},"element_pack_widget_tooltip_padding_tablet":{"unit":"px","top":"","right":"","bottom":"","left":"","isLinked":true},"element_pack_widget_tooltip_padding_mobile":{"unit":"px","top":"","right":"","bottom":"","left":"","isLinked":true},"element_pack_widget_tooltip_border_border":"","element_pack_widget_tooltip_border_width":{"unit":"px","top":"","right":"","bottom":"","left":"","isLinked":true},"element_pack_widget_tooltip_border_color":"","element_pack_widget_tooltip_border_radius":{"unit":"px","top":"","right":"","bottom":"","left":"","isLinked":true},"element_pack_widget_tooltip_border_radius_tablet":{"unit":"px","top":"","right":"","bottom":"","left":"","isLinked":true},"element_pack_widget_tooltip_border_radius_mobile":{"unit":"px","top":"","right":"","bottom":"","left":"","isLinked":true},"element_pack_widget_tooltip_box_shadow_box_shadow_type":"","element_pack_widget_tooltip_box_shadow_box_shadow":{"horizontal":0,"vertical":0,"blur":10,"spread":0,"color":"rgba(0,0,0,0.5)"},"element_pack_widget_tooltip_box_shadow_box_shadow_position":" ","sticky":"","sticky_on":["desktop","tablet","mobile"],"sticky_offset":0,"sticky_effects_offset":0,"sticky_parent":"","custom_css":"","_animation":"fadeIn","_animation_delay":400},"elements":[],"isInner":false,"widgetType":"bdt-advanced-icon-box","elType":"widget"}],"isInner":true,"elType":"column"}],"isInner":true,"elType":"section"}],"isInner":false,"elType":"column"}],"isInner":false,"elType":"section"}]}