{"version":"0.4","title":"advanced-icon-box-blocks-1","type":"section","content":[{"id":"51e1aad0","settings":{"padding":{"unit":"px","top":"150","right":"0","bottom":"150","left":"0","isLinked":false},"padding_tablet":{"unit":"px","top":"80","right":"30","bottom":"80","left":"30","isLinked":false},"padding_mobile":{"unit":"px","top":"50","right":"15","bottom":"50","left":"15","isLinked":false}},"elements":[{"id":"67b69a90","settings":{"_column_size":100,"_inline_size_tablet":100,"_inline_size_mobile":100},"elements":[{"id":"36dccc89","settings":{"content_width":{"unit":"px","size":600}},"elements":[{"id":"691185aa","settings":{"_column_size":100,"_inline_size":null,"_inline_size_tablet":100},"elements":[{"id":"407554ce","settings":{"title":"Round Shape Example","align":"center","align_mobile":"left","_margin_mobile":{"unit":"px","top":"0","right":"0","bottom":"0","left":"0","isLinked":false}},"elements":[],"isInner":false,"widgetType":"heading","elType":"widget"}],"isInner":true,"elType":"column"}],"isInner":true,"elType":"section"},{"id":"da9556","settings":{"gap":"wide","structure":"30"},"elements":[{"id":"6beb8b08","settings":{"_column_size":33,"_inline_size":null,"_inline_size_tablet":50,"_inline_size_mobile":100},"elements":[{"id":"3ba6055","settings":{"icon_type":"image","image":{"id":"47160","url":"https:\/\/bdthemes.net\/demo\/ready-pages\/ready-blocks\/wp-content\/uploads\/2019\/04\/02-2.png"},"title_text":"Ultra Modern Sofa Set","description_text":"A wonderful serenity has taken of my entire soul sweet mornings. I am so happy.","icon_vertical_alignment":"bottom","readmore_text":"Read More","badge_text":"POPULAR","top_icon_vertical_offset":{"unit":"px","size":0},"icon_background_background":"classic","icon_padding":{"unit":"px","top":"10","right":"10","bottom":"10","left":"10","isLinked":true},"icon_border_border":"solid","icon_border_width":{"unit":"px","top":"5","right":"5","bottom":"5","left":"5","isLinked":true},"icon_border_color":"#fbddd8","icon_radius":{"unit":"px","top":"100","right":"100","bottom":"100","left":"100","isLinked":true},"icon_size":{"unit":"px","size":90},"text_align":"left","readmore_text_color":"#444444","readmore_typography_typography":"custom","readmore_typography_font_weight":"500","readmore_hover_text_color":"#000000","_padding":{"unit":"px","top":"50","right":"40","bottom":"45","left":"0","isLinked":false},"icon_radius_advanced":"75% 25% 43% 57% \/ 46% 29% 71% 54%","icon_space":{"unit":"px","size":25},"title_bottom_space":{"unit":"px","size":10},"description_bottom_space":{"unit":"px","size":30},"readmore_border_border":"solid","readmore_border_width":{"unit":"px","top":"3","right":"3","bottom":"3","left":"3","isLinked":true},"readmore_border_color":"#fbddd8","readmore_radius":{"unit":"px","top":"100","right":"100","bottom":"100","left":"100","isLinked":true},"readmore_padding":{"unit":"px","top":"5","right":"25","bottom":"5","left":"25","isLinked":false},"readmore_typography_font_size":{"unit":"px","size":14},"readmore_hover_background_background":"classic","readmore_hover_background_color":"#fbddd8","_animation":"fadeInLeft"},"elements":[],"isInner":false,"widgetType":"bdt-advanced-icon-box","elType":"widget"}],"isInner":true,"elType":"column"},{"id":"37c1134f","settings":{"_column_size":33,"_inline_size":null,"_inline_size_tablet":50,"_inline_size_mobile":100},"elements":[{"id":"5deed7b4","settings":{"icon_type":"image","image":{"id":"47161","url":"https:\/\/bdthemes.net\/demo\/ready-pages\/ready-blocks\/wp-content\/uploads\/2019\/04\/01.png"},"title_text":"Digital Table Lamp","description_text":"A wonderful serenity has taken of my entire soul sweet mornings. I am so happy.","icon_vertical_alignment":"bottom","readmore_text":"Read More","badge_text":"POPULAR","top_icon_vertical_offset":{"unit":"px","size":0},"icon_background_background":"classic","icon_padding":{"unit":"px","top":"10","right":"10","bottom":"10","left":"10","isLinked":true},"icon_border_border":"solid","icon_border_width":{"unit":"px","top":"5","right":"5","bottom":"5","left":"5","isLinked":true},"icon_border_color":"#ffe3a8","icon_radius":{"unit":"px","top":"100","right":"100","bottom":"100","left":"100","isLinked":true},"icon_size":{"unit":"px","size":90},"text_align":"left","readmore_text_color":"#444444","readmore_typography_typography":"custom","readmore_typography_font_weight":"500","readmore_hover_text_color":"#000000","_padding":{"unit":"px","top":"50","right":"40","bottom":"45","left":"0","isLinked":false},"icon_radius_advanced":"75% 25% 43% 57% \/ 46% 29% 71% 54%","icon_space":{"unit":"px","size":25},"title_bottom_space":{"unit":"px","size":10},"description_bottom_space":{"unit":"px","size":30},"readmore_border_border":"solid","readmore_border_width":{"unit":"px","top":"3","right":"3","bottom":"3","left":"3","isLinked":true},"readmore_border_color":"#ffe3a8","readmore_radius":{"unit":"px","top":"100","right":"100","bottom":"100","left":"100","isLinked":true},"readmore_padding":{"unit":"px","top":"5","right":"25","bottom":"5","left":"25","isLinked":false},"readmore_typography_font_size":{"unit":"px","size":14},"readmore_hover_background_background":"classic","readmore_hover_background_color":"#ffe3a8","_animation":"fadeInUp","_animation_delay":300},"elements":[],"isInner":false,"widgetType":"bdt-advanced-icon-box","elType":"widget"}],"isInner":true,"elType":"column"},{"id":"3d59e355","settings":{"_column_size":33,"_inline_size":null,"_inline_size_tablet":50,"_inline_size_mobile":100},"elements":[{"id":"28040cbc","settings":{"icon_type":"image","image":{"id":"47162","url":"https:\/\/bdthemes.net\/demo\/ready-pages\/ready-blocks\/wp-content\/uploads\/2019\/04\/03-2.png"},"title_text":"Extend Book Shelf","description_text":"A wonderful serenity has taken of my entire soul sweet mornings. I am so happy.","icon_vertical_alignment":"bottom","readmore_text":"Read More","badge_text":"POPULAR","top_icon_vertical_offset":{"unit":"px","size":0},"icon_background_background":"classic","icon_padding":{"unit":"px","top":"10","right":"10","bottom":"10","left":"10","isLinked":true},"icon_border_border":"solid","icon_border_width":{"unit":"px","top":"5","right":"5","bottom":"5","left":"5","isLinked":true},"icon_border_color":"#fde7d2","icon_radius":{"unit":"px","top":"100","right":"100","bottom":"100","left":"100","isLinked":true},"icon_size":{"unit":"px","size":90},"text_align":"left","readmore_text_color":"#444444","readmore_typography_typography":"custom","readmore_typography_font_weight":"500","readmore_hover_text_color":"#000000","_padding":{"unit":"px","top":"50","right":"40","bottom":"45","left":"0","isLinked":false},"icon_radius_advanced":"75% 25% 43% 57% \/ 46% 29% 71% 54%","icon_space":{"unit":"px","size":25},"title_bottom_space":{"unit":"px","size":10},"description_bottom_space":{"unit":"px","size":30},"readmore_border_border":"solid","readmore_border_width":{"unit":"px","top":"3","right":"3","bottom":"3","left":"3","isLinked":true},"readmore_border_color":"#fde7d2","readmore_radius":{"unit":"px","top":"100","right":"100","bottom":"100","left":"100","isLinked":true},"readmore_padding":{"unit":"px","top":"5","right":"25","bottom":"5","left":"25","isLinked":false},"readmore_typography_font_size":{"unit":"px","size":14},"readmore_hover_background_background":"classic","readmore_hover_background_color":"#fde7d2","_animation":"fadeInRight","_animation_delay":400},"elements":[],"isInner":false,"widgetType":"bdt-advanced-icon-box","elType":"widget"}],"isInner":true,"elType":"column"}],"isInner":true,"elType":"section"}],"isInner":false,"elType":"column"}],"isInner":false,"elType":"section"}]}