{"version":"0.4","title":"advanced-icon-box-blocks-24","type":"section","content":[{"id":"3598c6b0","settings":{"padding":{"unit":"px","top":"150","right":"0","bottom":"150","left":"0","isLinked":false},"background_background":"classic","padding_tablet":{"unit":"px","top":"80","right":"30","bottom":"80","left":"30","isLinked":false},"padding_mobile":{"unit":"px","top":"50","right":"15","bottom":"50","left":"15","isLinked":false},"border_border":"solid","border_width":{"unit":"px","top":"1","right":"0","bottom":"0","left":"0","isLinked":false},"border_color":"#e8e8e8","sticky":"","sticky_on":["desktop","tablet","mobile"],"sticky_offset":0,"sticky_effects_offset":0,"custom_css":""},"elements":[{"id":"3d39526a","settings":{"_column_size":100,"padding":{"unit":"px","top":"0","right":"0","bottom":"0","left":"0","isLinked":true},"_inline_size_mobile":100,"_inline_size_tablet":100,"custom_css":""},"elements":[{"id":"7116d956","settings":{"title":"Reverse Rotate","align":"center","element_pack_widget_tooltip_text":"This is Tooltip","typography_typography":"custom","typography_font_size_mobile":{"unit":"px","size":28},"_margin":{"unit":"px","top":"0","right":"0","bottom":"50","left":"0","isLinked":false},"_margin_mobile":{"unit":"px","top":"0","right":"0","bottom":"0","left":"0","isLinked":false},"typography_line_height_tablet":{"unit":"em","size":""},"typography_line_height_mobile":{"unit":"em","size":""},"element_pack_widget_tooltip":"","element_pack_widget_tooltip_placement":"top","element_pack_widget_tooltip_animation":"shift-toward","element_pack_widget_tooltip_x_offset":0,"element_pack_widget_tooltip_y_offset":0,"element_pack_widget_tooltip_arrow":"","element_pack_widget_tooltip_width":{"unit":"px","size":""},"element_pack_widget_tooltip_width_tablet":{"unit":"px","size":""},"element_pack_widget_tooltip_width_mobile":{"unit":"px","size":""},"element_pack_widget_tooltip_color":"","element_pack_widget_tooltip_background_background":"","element_pack_widget_tooltip_background_color":"","element_pack_widget_tooltip_background_color_stop":{"unit":"%","size":0},"element_pack_widget_tooltip_background_color_b":"#f2295b","element_pack_widget_tooltip_background_color_b_stop":{"unit":"%","size":100},"element_pack_widget_tooltip_background_gradient_type":"linear","element_pack_widget_tooltip_background_gradient_angle":{"unit":"deg","size":180},"element_pack_widget_tooltip_background_gradient_position":"center center","element_pack_widget_tooltip_background_image":{"url":"","id":""},"element_pack_widget_tooltip_background_position":"","element_pack_widget_tooltip_background_attachment":"","element_pack_widget_tooltip_background_repeat":"","element_pack_widget_tooltip_background_size":"","element_pack_widget_tooltip_background_video_link":"","element_pack_widget_tooltip_background_video_start":"","element_pack_widget_tooltip_background_video_end":"","element_pack_widget_tooltip_background_video_fallback":{"url":"","id":""},"element_pack_widget_tooltip_arrow_color":"","element_pack_widget_tooltip_padding":{"unit":"px","top":"","right":"","bottom":"","left":"","isLinked":true},"element_pack_widget_tooltip_padding_tablet":{"unit":"px","top":"","right":"","bottom":"","left":"","isLinked":true},"element_pack_widget_tooltip_padding_mobile":{"unit":"px","top":"","right":"","bottom":"","left":"","isLinked":true},"element_pack_widget_tooltip_border_border":"","element_pack_widget_tooltip_border_width":{"unit":"px","top":"","right":"","bottom":"","left":"","isLinked":true},"element_pack_widget_tooltip_border_color":"","element_pack_widget_tooltip_border_radius":{"unit":"px","top":"","right":"","bottom":"","left":"","isLinked":true},"element_pack_widget_tooltip_border_radius_tablet":{"unit":"px","top":"","right":"","bottom":"","left":"","isLinked":true},"element_pack_widget_tooltip_border_radius_mobile":{"unit":"px","top":"","right":"","bottom":"","left":"","isLinked":true},"element_pack_widget_tooltip_text_align":"center","element_pack_widget_tooltip_box_shadow_box_shadow_type":"","element_pack_widget_tooltip_box_shadow_box_shadow":{"horizontal":0,"vertical":0,"blur":10,"spread":0,"color":"rgba(0,0,0,0.5)"},"element_pack_widget_tooltip_box_shadow_box_shadow_position":" ","element_pack_widget_tooltip_typography_typography":"","element_pack_widget_tooltip_typography_font_family":"","element_pack_widget_tooltip_typography_font_size":{"unit":"px","size":""},"element_pack_widget_tooltip_typography_font_size_tablet":{"unit":"px","size":""},"element_pack_widget_tooltip_typography_font_size_mobile":{"unit":"px","size":""},"element_pack_widget_tooltip_typography_font_weight":"","element_pack_widget_tooltip_typography_text_transform":"","element_pack_widget_tooltip_typography_font_style":"","element_pack_widget_tooltip_typography_text_decoration":"","element_pack_widget_tooltip_typography_line_height":{"unit":"em","size":""},"element_pack_widget_tooltip_typography_line_height_tablet":{"unit":"em","size":""},"element_pack_widget_tooltip_typography_line_height_mobile":{"unit":"em","size":""},"element_pack_widget_tooltip_typography_letter_spacing":{"unit":"px","size":""},"element_pack_widget_tooltip_typography_letter_spacing_tablet":{"unit":"px","size":""},"element_pack_widget_tooltip_typography_letter_spacing_mobile":{"unit":"px","size":""},"sticky":"","sticky_on":["desktop","tablet","mobile"],"sticky_offset":0,"sticky_effects_offset":0,"sticky_parent":"","custom_css":""},"elements":[],"isInner":false,"widgetType":"heading","elType":"widget"},{"id":"4fc60693","settings":{"gap":"wider","structure":"20","margin":{"unit":"px","top":"","right":0,"bottom":"","left":0,"isLinked":true},"sticky":"","sticky_on":["desktop","tablet","mobile"],"sticky_offset":0,"sticky_effects_offset":0,"custom_css":""},"elements":[{"id":"384901bf","settings":{"_column_size":50,"_inline_size":null,"_inline_size_tablet":50,"_inline_size_mobile":100,"custom_css":""},"elements":[{"id":"380f33a2","settings":{"image":{"id":"47224","url":"https:\/\/bdthemes.net\/demo\/ready-pages\/ready-blocks\/wp-content\/uploads\/2019\/04\/014-task.png"},"title_text":"Recycling Step ","description_text":"A wonderful serenity has taken possession of my entire soul, like these sweet mornings of spring which I enjoy with my whole heart.","readmore_text":"Visit Now","badge_text":"OPPS!!","icon_background_background":"classic","title_bottom_space":{"unit":"px","size":10},"readmore_text_color":"#00b4db","readmore_background_background":"classic","readmore_spacing":{"unit":"px","size":30},"readmore_typography_typography":"custom","readmore_typography_font_size":{"unit":"px","size":14},"readmore_typography_font_weight":"400","readmore_hover_background_background":"classic","_padding":{"unit":"px","top":"70","right":"70","bottom":"70","left":"70","isLinked":true},"element_pack_widget_tooltip_text":"This is Tooltip","_background_background":"classic","_background_gradient_angle":{"unit":"deg","size":""},"_border_radius":{"unit":"px","top":"5","right":"5","bottom":"5","left":"5","isLinked":true},"icon_background_gradient_angle":{"unit":"deg","size":45},"image_width":{"unit":"%","size":100},"readmore_hover_text_color":"#ffffff","icon_space":{"unit":"px","size":45},"title_typography_typography":"custom","title_typography_font_size":{"unit":"px","size":24},"icon_radius":{"unit":"px","top":"5","right":"5","bottom":"5","left":"5","isLinked":true},"_box_shadow_box_shadow":{"horizontal":0,"vertical":0,"blur":0,"spread":0,"color":"rgba(0,0,0,0.5)"},"_box_shadow_hover_box_shadow":{"horizontal":0,"vertical":0,"blur":0,"spread":0,"color":"rgba(0,0,0,0.5)"},"description_bottom_space":{"unit":"px","size":35},"readmore_border_border":"solid","readmore_border_width":{"unit":"px","top":"2","right":"2","bottom":"2","left":"2","isLinked":true},"readmore_border_color":"#a1eeff","readmore_radius":{"unit":"px","top":"100","right":"100","bottom":"100","left":"100","isLinked":true},"readmore_padding":{"unit":"px","top":"7","right":"25","bottom":"7","left":"25","isLinked":false},"readmore_hover_background_color":"#00b4db","_background_hover_background":"classic","_background_hover_color":"#ffffff","icon_size":{"unit":"px","size":50},"_padding_tablet":{"unit":"px","top":"40","right":"40","bottom":"40","left":"40","isLinked":true},"title_link":"yes","title_link_url":{"url":"#","is_external":"","nofollow":""},"position":"left","top_icon_vertical_offset":{"unit":"px","size":0},"top_icon_horizontal_offset":{"unit":"px","size":160},"left_icon_horizontal_offset":{"unit":"px","size":122},"left_right_icon_vertical_offset":{"unit":"px","size":0},"icon_background_color":"#00b4db","icon_padding":{"unit":"px","top":"25","right":"25","bottom":"25","left":"25","isLinked":true},"icon_hover_background_background":"classic","icon_hover_rotate":{"unit":"deg","size":-360},"icon_hover_background_rotate":{"unit":"deg","size":180},"readmore_hover_border_color":"#00b4db","_border_border":"solid","_border_width":{"unit":"px","top":"2","right":"2","bottom":"2","left":"2","isLinked":true},"_border_color":"#a1eeff","icon":"fa fa-recycle","icon_color":"#ffffff","icon_radius_advanced":"75% 25% 43% 57% \/ 46% 29% 71% 54%","icon_typography_line_height_tablet":{"unit":"em","size":""},"icon_typography_line_height_mobile":{"unit":"em","size":""},"title_typography_line_height_tablet":{"unit":"em","size":""},"title_typography_line_height_mobile":{"unit":"em","size":""},"description_typography_line_height_tablet":{"unit":"em","size":""},"description_typography_line_height_mobile":{"unit":"em","size":""},"readmore_typography_line_height_tablet":{"unit":"em","size":""},"readmore_typography_line_height_mobile":{"unit":"em","size":""},"badge_typography_line_height_tablet":{"unit":"em","size":""},"badge_typography_line_height_mobile":{"unit":"em","size":""},"_animation":"fadeInLeft","_animation_delay":200,"element_pack_widget_tooltip":"","element_pack_widget_tooltip_placement":"top","element_pack_widget_tooltip_animation":"shift-toward","element_pack_widget_tooltip_x_offset":0,"element_pack_widget_tooltip_y_offset":0,"element_pack_widget_tooltip_arrow":"","element_pack_widget_tooltip_width":{"unit":"px","size":""},"element_pack_widget_tooltip_width_tablet":{"unit":"px","size":""},"element_pack_widget_tooltip_width_mobile":{"unit":"px","size":""},"element_pack_widget_tooltip_color":"","element_pack_widget_tooltip_background_background":"","element_pack_widget_tooltip_background_color":"","element_pack_widget_tooltip_background_color_stop":{"unit":"%","size":0},"element_pack_widget_tooltip_background_color_b":"#f2295b","element_pack_widget_tooltip_background_color_b_stop":{"unit":"%","size":100},"element_pack_widget_tooltip_background_gradient_type":"linear","element_pack_widget_tooltip_background_gradient_angle":{"unit":"deg","size":180},"element_pack_widget_tooltip_background_gradient_position":"center center","element_pack_widget_tooltip_background_image":{"url":"","id":""},"element_pack_widget_tooltip_background_position":"","element_pack_widget_tooltip_background_attachment":"","element_pack_widget_tooltip_background_repeat":"","element_pack_widget_tooltip_background_size":"","element_pack_widget_tooltip_background_video_link":"","element_pack_widget_tooltip_background_video_start":"","element_pack_widget_tooltip_background_video_end":"","element_pack_widget_tooltip_background_video_fallback":{"url":"","id":""},"element_pack_widget_tooltip_arrow_color":"","element_pack_widget_tooltip_padding":{"unit":"px","top":"","right":"","bottom":"","left":"","isLinked":true},"element_pack_widget_tooltip_padding_tablet":{"unit":"px","top":"","right":"","bottom":"","left":"","isLinked":true},"element_pack_widget_tooltip_padding_mobile":{"unit":"px","top":"","right":"","bottom":"","left":"","isLinked":true},"element_pack_widget_tooltip_border_border":"","element_pack_widget_tooltip_border_width":{"unit":"px","top":"","right":"","bottom":"","left":"","isLinked":true},"element_pack_widget_tooltip_border_color":"","element_pack_widget_tooltip_border_radius":{"unit":"px","top":"","right":"","bottom":"","left":"","isLinked":true},"element_pack_widget_tooltip_border_radius_tablet":{"unit":"px","top":"","right":"","bottom":"","left":"","isLinked":true},"element_pack_widget_tooltip_border_radius_mobile":{"unit":"px","top":"","right":"","bottom":"","left":"","isLinked":true},"element_pack_widget_tooltip_text_align":"center","element_pack_widget_tooltip_box_shadow_box_shadow_type":"","element_pack_widget_tooltip_box_shadow_box_shadow":{"horizontal":0,"vertical":0,"blur":10,"spread":0,"color":"rgba(0,0,0,0.5)"},"element_pack_widget_tooltip_box_shadow_box_shadow_position":" ","element_pack_widget_tooltip_typography_typography":"","element_pack_widget_tooltip_typography_font_family":"","element_pack_widget_tooltip_typography_font_size":{"unit":"px","size":""},"element_pack_widget_tooltip_typography_font_size_tablet":{"unit":"px","size":""},"element_pack_widget_tooltip_typography_font_size_mobile":{"unit":"px","size":""},"element_pack_widget_tooltip_typography_font_weight":"","element_pack_widget_tooltip_typography_text_transform":"","element_pack_widget_tooltip_typography_font_style":"","element_pack_widget_tooltip_typography_text_decoration":"","element_pack_widget_tooltip_typography_line_height":{"unit":"em","size":""},"element_pack_widget_tooltip_typography_line_height_tablet":{"unit":"em","size":""},"element_pack_widget_tooltip_typography_line_height_mobile":{"unit":"em","size":""},"element_pack_widget_tooltip_typography_letter_spacing":{"unit":"px","size":""},"element_pack_widget_tooltip_typography_letter_spacing_tablet":{"unit":"px","size":""},"element_pack_widget_tooltip_typography_letter_spacing_mobile":{"unit":"px","size":""},"sticky":"","sticky_on":["desktop","tablet","mobile"],"sticky_offset":0,"sticky_effects_offset":0,"sticky_parent":"","custom_css":"","selected_icon":{"value":"fas fa-recycle","library":"fa-solid"},"__fa4_migrated":{"selected_icon":true}},"elements":[],"isInner":false,"widgetType":"bdt-advanced-icon-box","elType":"widget"}],"isInner":true,"elType":"column"},{"id":"41d685b4","settings":{"_column_size":50,"_inline_size":null,"_inline_size_tablet":50,"_inline_size_mobile":100,"custom_css":""},"elements":[{"id":"1fafae3","settings":{"image":{"id":"47226","url":"https:\/\/bdthemes.net\/demo\/ready-pages\/ready-blocks\/wp-content\/uploads\/2019\/04\/027-monitoring.png"},"title_text":"Monitoring Work","description_text":"A wonderful serenity has taken possession of my entire soul, like these sweet mornings of spring which I enjoy with my whole heart.","readmore_text":"Visit Now","badge_text":"OPPS!!","icon_background_background":"classic","title_bottom_space":{"unit":"px","size":10},"readmore_text_color":"#96c93d","readmore_background_background":"classic","readmore_spacing":{"unit":"px","size":30},"readmore_typography_typography":"custom","readmore_typography_font_size":{"unit":"px","size":14},"readmore_typography_font_weight":"400","readmore_hover_background_background":"classic","_padding":{"unit":"px","top":"70","right":"70","bottom":"70","left":"70","isLinked":true},"element_pack_widget_tooltip_text":"This is Tooltip","_background_background":"classic","_background_gradient_angle":{"unit":"deg","size":""},"_border_radius":{"unit":"px","top":"5","right":"5","bottom":"5","left":"5","isLinked":true},"icon_background_gradient_angle":{"unit":"deg","size":45},"image_width":{"unit":"%","size":100},"readmore_hover_text_color":"#ffffff","icon_space":{"unit":"px","size":45},"title_typography_typography":"custom","title_typography_font_size":{"unit":"px","size":24},"icon_radius":{"unit":"px","top":"5","right":"5","bottom":"5","left":"5","isLinked":true},"_box_shadow_box_shadow":{"horizontal":0,"vertical":0,"blur":0,"spread":0,"color":"rgba(0,0,0,0.5)"},"_box_shadow_hover_box_shadow":{"horizontal":0,"vertical":0,"blur":0,"spread":0,"color":"rgba(0,0,0,0.5)"},"description_bottom_space":{"unit":"px","size":35},"readmore_border_border":"solid","readmore_border_width":{"unit":"px","top":"2","right":"2","bottom":"2","left":"2","isLinked":true},"readmore_border_color":"#c7e88e","readmore_radius":{"unit":"px","top":"100","right":"100","bottom":"100","left":"100","isLinked":true},"readmore_padding":{"unit":"px","top":"7","right":"25","bottom":"7","left":"25","isLinked":false},"readmore_hover_background_color":"#96c93d","_background_hover_background":"classic","_background_hover_color":"#ffffff","icon_size":{"unit":"px","size":50},"_padding_tablet":{"unit":"px","top":"40","right":"40","bottom":"40","left":"40","isLinked":true},"title_link":"yes","title_link_url":{"url":"#","is_external":"","nofollow":""},"position":"right","top_icon_vertical_offset":{"unit":"px","size":0},"top_icon_horizontal_offset":{"unit":"px","size":160},"left_icon_horizontal_offset":{"unit":"px","size":122},"right_icon_horizontal_offset":{"unit":"px","size":120},"left_right_icon_vertical_offset":{"unit":"px","size":0},"icon_background_color":"#96c93d","icon_padding":{"unit":"px","top":"25","right":"25","bottom":"25","left":"25","isLinked":true},"icon_hover_background_background":"classic","icon_hover_rotate":{"unit":"deg","size":-360},"icon_hover_background_rotate":{"unit":"deg","size":180},"readmore_hover_border_color":"#96c93d","_border_border":"solid","_border_width":{"unit":"px","top":"2","right":"2","bottom":"2","left":"2","isLinked":true},"_border_color":"#c7e88e","icon":"fa fa-clock-o","icon_color":"#ffffff","icon_radius_advanced":"75% 25% 43% 57% \/ 46% 29% 71% 54%","icon_typography_line_height_tablet":{"unit":"em","size":""},"icon_typography_line_height_mobile":{"unit":"em","size":""},"title_typography_line_height_tablet":{"unit":"em","size":""},"title_typography_line_height_mobile":{"unit":"em","size":""},"description_typography_line_height_tablet":{"unit":"em","size":""},"description_typography_line_height_mobile":{"unit":"em","size":""},"readmore_typography_line_height_tablet":{"unit":"em","size":""},"readmore_typography_line_height_mobile":{"unit":"em","size":""},"badge_typography_line_height_tablet":{"unit":"em","size":""},"badge_typography_line_height_mobile":{"unit":"em","size":""},"_animation":"fadeInRight","_animation_delay":300,"element_pack_widget_tooltip":"","element_pack_widget_tooltip_placement":"top","element_pack_widget_tooltip_animation":"shift-toward","element_pack_widget_tooltip_x_offset":0,"element_pack_widget_tooltip_y_offset":0,"element_pack_widget_tooltip_arrow":"","element_pack_widget_tooltip_width":{"unit":"px","size":""},"element_pack_widget_tooltip_width_tablet":{"unit":"px","size":""},"element_pack_widget_tooltip_width_mobile":{"unit":"px","size":""},"element_pack_widget_tooltip_color":"","element_pack_widget_tooltip_background_background":"","element_pack_widget_tooltip_background_color":"","element_pack_widget_tooltip_background_color_stop":{"unit":"%","size":0},"element_pack_widget_tooltip_background_color_b":"#f2295b","element_pack_widget_tooltip_background_color_b_stop":{"unit":"%","size":100},"element_pack_widget_tooltip_background_gradient_type":"linear","element_pack_widget_tooltip_background_gradient_angle":{"unit":"deg","size":180},"element_pack_widget_tooltip_background_gradient_position":"center center","element_pack_widget_tooltip_background_image":{"url":"","id":""},"element_pack_widget_tooltip_background_position":"","element_pack_widget_tooltip_background_attachment":"","element_pack_widget_tooltip_background_repeat":"","element_pack_widget_tooltip_background_size":"","element_pack_widget_tooltip_background_video_link":"","element_pack_widget_tooltip_background_video_start":"","element_pack_widget_tooltip_background_video_end":"","element_pack_widget_tooltip_background_video_fallback":{"url":"","id":""},"element_pack_widget_tooltip_arrow_color":"","element_pack_widget_tooltip_padding":{"unit":"px","top":"","right":"","bottom":"","left":"","isLinked":true},"element_pack_widget_tooltip_padding_tablet":{"unit":"px","top":"","right":"","bottom":"","left":"","isLinked":true},"element_pack_widget_tooltip_padding_mobile":{"unit":"px","top":"","right":"","bottom":"","left":"","isLinked":true},"element_pack_widget_tooltip_border_border":"","element_pack_widget_tooltip_border_width":{"unit":"px","top":"","right":"","bottom":"","left":"","isLinked":true},"element_pack_widget_tooltip_border_color":"","element_pack_widget_tooltip_border_radius":{"unit":"px","top":"","right":"","bottom":"","left":"","isLinked":true},"element_pack_widget_tooltip_border_radius_tablet":{"unit":"px","top":"","right":"","bottom":"","left":"","isLinked":true},"element_pack_widget_tooltip_border_radius_mobile":{"unit":"px","top":"","right":"","bottom":"","left":"","isLinked":true},"element_pack_widget_tooltip_text_align":"center","element_pack_widget_tooltip_box_shadow_box_shadow_type":"","element_pack_widget_tooltip_box_shadow_box_shadow":{"horizontal":0,"vertical":0,"blur":10,"spread":0,"color":"rgba(0,0,0,0.5)"},"element_pack_widget_tooltip_box_shadow_box_shadow_position":" ","element_pack_widget_tooltip_typography_typography":"","element_pack_widget_tooltip_typography_font_family":"","element_pack_widget_tooltip_typography_font_size":{"unit":"px","size":""},"element_pack_widget_tooltip_typography_font_size_tablet":{"unit":"px","size":""},"element_pack_widget_tooltip_typography_font_size_mobile":{"unit":"px","size":""},"element_pack_widget_tooltip_typography_font_weight":"","element_pack_widget_tooltip_typography_text_transform":"","element_pack_widget_tooltip_typography_font_style":"","element_pack_widget_tooltip_typography_text_decoration":"","element_pack_widget_tooltip_typography_line_height":{"unit":"em","size":""},"element_pack_widget_tooltip_typography_line_height_tablet":{"unit":"em","size":""},"element_pack_widget_tooltip_typography_line_height_mobile":{"unit":"em","size":""},"element_pack_widget_tooltip_typography_letter_spacing":{"unit":"px","size":""},"element_pack_widget_tooltip_typography_letter_spacing_tablet":{"unit":"px","size":""},"element_pack_widget_tooltip_typography_letter_spacing_mobile":{"unit":"px","size":""},"sticky":"","sticky_on":["desktop","tablet","mobile"],"sticky_offset":0,"sticky_effects_offset":0,"sticky_parent":"","custom_css":"","selected_icon":{"value":"far fa-clock","library":"fa-regular"},"__fa4_migrated":{"selected_icon":true}},"elements":[],"isInner":false,"widgetType":"bdt-advanced-icon-box","elType":"widget"}],"isInner":true,"elType":"column"}],"isInner":true,"elType":"section"}],"isInner":false,"elType":"column"}],"isInner":false,"elType":"section"}]}