{"version":"0.4","title":"featured-blocks-4","type":"section","content":[{"id":"5b58704d","settings":{"layout":"full_width","structure":"22"},"elements":[{"id":"3637477b","settings":{"_column_size":66,"_inline_size":null,"content_position":"center","background_background":"classic","background_color":"#7fb05b","_inline_size_tablet":100,"_inline_size_mobile":100,"padding_tablet":{"unit":"px","top":"80","right":"0","bottom":"80","left":"0","isLinked":false},"padding_mobile":{"unit":"px","top":"50","right":"15","bottom":"50","left":"15","isLinked":false}},"elements":[{"id":"6ab41cbd","settings":{"structure":"34","section_scheduled_content_start_date":"2018-02-01 00:00","section_scheduled_content_end_date":"2018-02-28 00:00"},"elements":[{"id":"1c80911d","settings":{"_column_size":16,"_inline_size":null,"padding":{"unit":"px","top":"0","right":"0","bottom":"0","left":"0","isLinked":true},"_inline_size_mobile":100},"elements":[],"isInner":true,"elType":"column"},{"id":"7b50a809","settings":{"_column_size":66,"_inline_size":null},"elements":[{"id":"4a049032","settings":{"title":"WHO WE ARE","header_size":"h5","align":"left","title_color":"#e4ffd0","typography_typography":"custom","typography_font_size":{"unit":"px","size":30},"typography_font_size_mobile":{"unit":"px","size":24},"typography_font_weight":"500","align_mobile":"center","_margin":{"unit":"px","top":"0","right":"0","bottom":"-10","left":"0","isLinked":false}},"elements":[],"isInner":false,"widgetType":"heading","elType":"widget"},{"id":"2d074809","settings":{"color":"#e4ffd0","width":{"unit":"%","size":5},"align":"left","gap":{"unit":"px","size":0},"width_mobile":{"unit":"%","size":15},"align_mobile":"center"},"elements":[],"isInner":false,"widgetType":"divider","elType":"widget"},{"id":"5b6c5ebb","settings":{"editor":"<p>\u00a0I should be incapable of drawing a single stroke at the present moment; and yet I feel that I never was a greater artist than now. When, while the lovely valley teems with vapour around me, and the meridian sun strikes the upper surface of the impenetrable foliage of my trees, and but a few stray gleams steal into the inner sanctuary<\/p><p>I throw myself down among the tall grass by the trickling stream; and, as I lie close to the earth, a thousand unknown plants are noticed by me<\/p>","align_mobile":"center","text_color":"#d6f7be"},"elements":[],"isInner":false,"widgetType":"text-editor","elType":"widget"}],"isInner":true,"elType":"column"},{"id":"e2df838","settings":{"_column_size":16,"_inline_size":null},"elements":[],"isInner":true,"elType":"column"}],"isInner":true,"elType":"section"},{"id":"6396d011","settings":{"structure":"30","content_width":{"unit":"px","size":810},"section_scheduled_content_start_date":"2018-02-01 00:00","section_scheduled_content_end_date":"2018-02-28 00:00","padding_tablet":{"unit":"px","top":"0","right":"80","bottom":"0","left":"140","isLinked":false},"padding_mobile":{"unit":"px","top":"30","right":"0","bottom":"0","left":"0","isLinked":false}},"elements":[{"id":"3ceaca12","settings":{"_column_size":33,"_inline_size":null,"padding":{"unit":"px","top":"0","right":"0","bottom":"0","left":"0","isLinked":true},"_inline_size_mobile":100,"_inline_size_tablet":50},"elements":[{"id":"20604f62","settings":{"icon_type":"image","image":{"id":47772,"url":"https:\/\/bdthemes.net\/demo\/ready-pages\/ready-blocks\/wp-content\/uploads\/2019\/04\/bank.png"},"title_text":"Restaurant","description_text":"","position":"left","icon_vertical_alignment":"middle","readmore_text":"","badge_text":"POPULAR","icon_radius_advanced":"75% 25% 43% 57% \/ 46% 29% 71% 54%","icon_space":{"unit":"px","size":30},"icon_size":{"unit":"px","size":48},"title_bottom_space":{"unit":"px","size":0},"title_color":"#e4ffd0","title_typography_typography":"custom","title_typography_font_family":"Ubuntu","description_bottom_space":{"unit":"px","size":0},"description_typography_typography":"custom","description_typography_font_family":"Didact Gothic","content_padding":{"unit":"px","top":"20","right":"0","bottom":"0","left":"0","isLinked":false},"description_typography_font_style":"oblique","title_link":"yes","icon_space_mobile":{"unit":"px","size":0}},"elements":[],"isInner":false,"widgetType":"bdt-advanced-icon-box","elType":"widget"}],"isInner":true,"elType":"column"},{"id":"1b71a11a","settings":{"_column_size":33,"_inline_size":null,"_inline_size_tablet":50},"elements":[{"id":"254da81d","settings":{"icon_type":"image","image":{"id":47773,"url":"https:\/\/bdthemes.net\/demo\/ready-pages\/ready-blocks\/wp-content\/uploads\/2019\/04\/lifesaver.png"},"title_text":"Food Item","description_text":"","position":"left","icon_vertical_alignment":"middle","readmore_text":"","badge_text":"POPULAR","icon_radius_advanced":"75% 25% 43% 57% \/ 46% 29% 71% 54%","icon_space":{"unit":"px","size":30},"icon_size":{"unit":"px","size":48},"title_bottom_space":{"unit":"px","size":0},"title_color":"#e4ffd0","title_typography_typography":"custom","title_typography_font_family":"Ubuntu","description_bottom_space":{"unit":"px","size":0},"description_typography_typography":"custom","description_typography_font_family":"Didact Gothic","content_padding":{"unit":"px","top":"20","right":"0","bottom":"0","left":"0","isLinked":false},"description_typography_font_style":"oblique","title_link":"yes","icon_space_mobile":{"unit":"px","size":0}},"elements":[],"isInner":false,"widgetType":"bdt-advanced-icon-box","elType":"widget"}],"isInner":true,"elType":"column"},{"id":"18cd7824","settings":{"_column_size":33,"_inline_size":null,"_inline_size_tablet":50},"elements":[{"id":"6e1712f9","settings":{"icon_type":"image","image":{"id":47774,"url":"https:\/\/bdthemes.net\/demo\/ready-pages\/ready-blocks\/wp-content\/uploads\/2019\/04\/investment.png"},"title_text":"Payment","description_text":"","position":"left","icon_vertical_alignment":"middle","readmore_text":"","badge_text":"POPULAR","icon_radius_advanced":"75% 25% 43% 57% \/ 46% 29% 71% 54%","icon_space":{"unit":"px","size":30},"icon_size":{"unit":"px","size":48},"title_bottom_space":{"unit":"px","size":0},"title_color":"#e4ffd0","title_typography_typography":"custom","title_typography_font_family":"Ubuntu","description_bottom_space":{"unit":"px","size":0},"description_typography_typography":"custom","description_typography_font_family":"Didact Gothic","content_padding":{"unit":"px","top":"20","right":"0","bottom":"0","left":"0","isLinked":false},"description_typography_font_style":"oblique","title_link":"yes","icon_space_mobile":{"unit":"px","size":0}},"elements":[],"isInner":false,"widgetType":"bdt-advanced-icon-box","elType":"widget"}],"isInner":true,"elType":"column"}],"isInner":true,"elType":"section"}],"isInner":false,"elType":"column"},{"id":"7d4a0a40","settings":{"_column_size":33,"_inline_size":null,"padding":{"unit":"px","top":"0","right":"0","bottom":"0","left":"0","isLinked":true},"_inline_size_tablet":100,"_inline_size_mobile":100},"elements":[{"id":"5f23f9dd","settings":{"image":{"id":47775,"url":"https:\/\/bdthemes.net\/demo\/ready-pages\/ready-blocks\/wp-content\/uploads\/2019\/04\/background6.jpg"},"image_size":"full"},"elements":[],"isInner":false,"widgetType":"image","elType":"widget"}],"isInner":false,"elType":"column"}],"isInner":false,"elType":"section"}],"page_settings":{"background_color_stop":{"unit":"%","size":"0","sizes":[]},"background_color_b_stop":{"unit":"%","size":"100","sizes":[]},"background_gradient_angle":{"unit":"deg","size":"180","sizes":[]},"background_xpos":{"unit":"px","size":"0","sizes":[]},"background_xpos_tablet":{"unit":"px","size":"0","sizes":[]},"background_xpos_mobile":{"unit":"px","size":"0","sizes":[]},"background_ypos":{"unit":"px","size":"0","sizes":[]},"background_ypos_tablet":{"unit":"px","size":"0","sizes":[]},"background_ypos_mobile":{"unit":"px","size":"0","sizes":[]},"background_bg_width":{"unit":"%","size":"100","sizes":[]},"background_bg_width_tablet":{"unit":"px","size":"","sizes":[]},"background_bg_width_mobile":{"unit":"px","size":"","sizes":[]},"element_pack_toolbar_typography_font_size":{"unit":"px","size":"","sizes":[]},"element_pack_toolbar_typography_font_size_tablet":{"unit":"px","size":"","sizes":[]},"element_pack_toolbar_typography_font_size_mobile":{"unit":"px","size":"","sizes":[]},"element_pack_toolbar_typography_line_height":{"unit":"em","size":"","sizes":[]},"element_pack_toolbar_typography_line_height_tablet":{"unit":"em","size":"","sizes":[]},"element_pack_toolbar_typography_line_height_mobile":{"unit":"em","size":"","sizes":[]},"element_pack_toolbar_typography_letter_spacing":{"unit":"px","size":"","sizes":[]},"element_pack_toolbar_typography_letter_spacing_tablet":{"unit":"px","size":"","sizes":[]},"element_pack_toolbar_typography_letter_spacing_mobile":{"unit":"px","size":"","sizes":[]},"element_pack_global_tooltip_width":{"unit":"px","size":"","sizes":[]},"element_pack_global_tooltip_width_tablet":{"unit":"px","size":"","sizes":[]},"element_pack_global_tooltip_width_mobile":{"unit":"px","size":"","sizes":[]},"element_pack_global_tooltip_background_color_stop":{"unit":"%","size":"0","sizes":[]},"element_pack_global_tooltip_background_color_b_stop":{"unit":"%","size":"100","sizes":[]},"element_pack_global_tooltip_background_gradient_angle":{"unit":"deg","size":"180","sizes":[]},"element_pack_global_tooltip_background_xpos":{"unit":"px","size":"0","sizes":[]},"element_pack_global_tooltip_background_xpos_tablet":{"unit":"px","size":"0","sizes":[]},"element_pack_global_tooltip_background_xpos_mobile":{"unit":"px","size":"0","sizes":[]},"element_pack_global_tooltip_background_ypos":{"unit":"px","size":"0","sizes":[]},"element_pack_global_tooltip_background_ypos_tablet":{"unit":"px","size":"0","sizes":[]},"element_pack_global_tooltip_background_ypos_mobile":{"unit":"px","size":"0","sizes":[]},"element_pack_global_tooltip_background_bg_width":{"unit":"%","size":"100","sizes":[]},"element_pack_global_tooltip_background_bg_width_tablet":{"unit":"px","size":"","sizes":[]},"element_pack_global_tooltip_background_bg_width_mobile":{"unit":"px","size":"","sizes":[]},"element_pack_global_tooltip_typography_font_size":{"unit":"px","size":"","sizes":[]},"element_pack_global_tooltip_typography_font_size_tablet":{"unit":"px","size":"","sizes":[]},"element_pack_global_tooltip_typography_font_size_mobile":{"unit":"px","size":"","sizes":[]},"element_pack_global_tooltip_typography_line_height":{"unit":"em","size":"","sizes":[]},"element_pack_global_tooltip_typography_line_height_tablet":{"unit":"em","size":"","sizes":[]},"element_pack_global_tooltip_typography_line_height_mobile":{"unit":"em","size":"","sizes":[]},"element_pack_global_tooltip_typography_letter_spacing":{"unit":"px","size":"","sizes":[]},"element_pack_global_tooltip_typography_letter_spacing_tablet":{"unit":"px","size":"","sizes":[]},"element_pack_global_tooltip_typography_letter_spacing_mobile":{"unit":"px","size":"","sizes":[]}}}