{"version":"0.4","title":"featured-blocks-10","type":"section","content":[{"id":"6258d95a","settings":{"padding":{"unit":"px","top":"150","right":"0","bottom":"150","left":"0","isLinked":false},"padding_tablet":{"unit":"px","top":"80","right":"30","bottom":"80","left":"30","isLinked":false},"padding_mobile":{"unit":"px","top":"50","right":"15","bottom":"50","left":"15","isLinked":false}},"elements":[{"id":"1627c679","settings":{"_column_size":100,"_inline_size_tablet":100,"padding":{"unit":"px","top":"0","right":"0","bottom":"0","left":"0","isLinked":true}},"elements":[{"id":"1f112d22","settings":{"title":"More Than Features","align":"left","typography_typography":"custom","typography_font_size_mobile":{"unit":"px","size":24},"_margin":{"unit":"px","top":"0","right":"0","bottom":"50","left":"35","isLinked":false},"_padding":{"unit":"px","top":"0","right":"0","bottom":"0","left":"0","isLinked":false},"align_mobile":"right","_margin_mobile":{"unit":"px","top":"0","right":"35","bottom":"0","left":"0","isLinked":false},"_padding_tablet":{"unit":"px","top":"0","right":"0","bottom":"0","left":"35","isLinked":false},"title_color":"#202020"},"elements":[],"isInner":false,"widgetType":"heading","elType":"widget"},{"id":"2aef857a","settings":{"structure":"30","gap":"wider"},"elements":[{"id":"56b5cb25","settings":{"_column_size":33,"_inline_size":null,"_inline_size_tablet":50,"background_hover_background":"classic","background_hover_color":"rgba(45,50,75,0.1)","padding":{"unit":"px","top":"35","right":"35","bottom":"35","left":"35","isLinked":true},"padding_tablet":{"unit":"px","top":"35","right":"35","bottom":"35","left":"35","isLinked":true}},"elements":[{"id":"1c2521ab","settings":{"image":{"id":"47681","url":"https:\/\/bdthemes.net\/demo\/ready-pages\/ready-blocks\/wp-content\/uploads\/2019\/04\/volume.png"},"title_text":"Digital Marketing","description_text":"Morbi tempus dolor quis fermentum tincidunt. Sed lacinia lacus eu mi consectetur vestibulum Vokalia and Consonantia, there live the blind.","position":"left","image_size":{"unit":"%","size":15},"hover_animation":"wobble-vertical","title_typography_typography":"custom","title_typography_font_family":"Montserrat","title_typography_font_size":{"unit":"px","size":14},"title_typography_font_weight":"600","description_typography_typography":"custom","description_typography_font_family":"Roboto","description_typography_font_size":{"unit":"px","size":14},"description_typography_font_weight":"400","text_align_mobile":"right","image_space":{"unit":"px","size":20},"text_align":"left","title_bottom_space":{"unit":"px","size":10},"title_color":"#2d324b","description_color":"rgba(45,50,75,0.91)","_background_hover_background":"classic"},"elements":[],"isInner":false,"widgetType":"image-box","elType":"widget"}],"isInner":true,"elType":"column"},{"id":"1dd55b99","settings":{"_column_size":33,"_inline_size":null,"_inline_size_tablet":50,"background_hover_background":"classic","background_hover_color":"rgba(45,50,75,0.1)","padding":{"unit":"px","top":"35","right":"35","bottom":"35","left":"35","isLinked":true},"padding_tablet":{"unit":"px","top":"35","right":"35","bottom":"35","left":"35","isLinked":true}},"elements":[{"id":"7033d9ab","settings":{"image":{"id":"47682","url":"https:\/\/bdthemes.net\/demo\/ready-pages\/ready-blocks\/wp-content\/uploads\/2019\/04\/unlock.png"},"title_text":"Special Security","description_text":"Morbi tempus dolor quis fermentum tincidunt. Sed lacinia lacus eu mi consectetur vestibulum Vokalia and Consonantia, there live the blind.","position":"left","image_size":{"unit":"%","size":15},"hover_animation":"wobble-vertical","title_typography_typography":"custom","title_typography_font_family":"Montserrat","title_typography_font_size":{"unit":"px","size":14},"title_typography_font_weight":"600","description_typography_typography":"custom","description_typography_font_family":"Roboto","description_typography_font_size":{"unit":"px","size":14},"description_typography_font_weight":"400","text_align_mobile":"right","image_space":{"unit":"px","size":20},"text_align":"left","title_bottom_space":{"unit":"px","size":10},"title_color":"#2d324b","description_color":"rgba(45,50,75,0.91)"},"elements":[],"isInner":false,"widgetType":"image-box","elType":"widget"}],"isInner":true,"elType":"column"},{"id":"79794817","settings":{"_column_size":33,"_inline_size":null,"_inline_size_tablet":50,"background_hover_background":"classic","background_hover_color":"rgba(45,50,75,0.1)","padding":{"unit":"px","top":"35","right":"35","bottom":"35","left":"35","isLinked":true},"padding_tablet":{"unit":"px","top":"35","right":"35","bottom":"35","left":"35","isLinked":true}},"elements":[{"id":"36d8f33","settings":{"image":{"id":"47683","url":"https:\/\/bdthemes.net\/demo\/ready-pages\/ready-blocks\/wp-content\/uploads\/2019\/04\/target-1.png"},"title_text":"Great Destination","description_text":"Morbi tempus dolor quis fermentum tincidunt. Sed lacinia lacus eu mi consectetur vestibulum Vokalia and Consonantia, there live the blind.","position":"left","image_size":{"unit":"%","size":15},"hover_animation":"wobble-vertical","title_typography_typography":"custom","title_typography_font_family":"Montserrat","title_typography_font_size":{"unit":"px","size":14},"title_typography_font_weight":"600","description_typography_typography":"custom","description_typography_font_family":"Roboto","description_typography_font_size":{"unit":"px","size":14},"description_typography_font_weight":"400","text_align_mobile":"right","image_space":{"unit":"px","size":20},"text_align":"left","title_bottom_space":{"unit":"px","size":10},"title_color":"#2d324b","description_color":"rgba(45,50,75,0.91)"},"elements":[],"isInner":false,"widgetType":"image-box","elType":"widget"}],"isInner":true,"elType":"column"}],"isInner":true,"elType":"section"},{"id":"635327c","settings":{"structure":"30","gap":"wider","padding":{"unit":"px","top":"35","right":"0","bottom":"0","left":"0","isLinked":false},"padding_tablet":{"unit":"px","top":"0","right":"0","bottom":"0","left":"0","isLinked":false}},"elements":[{"id":"6c155d20","settings":{"_column_size":33,"_inline_size":null,"_inline_size_tablet":50,"background_hover_background":"classic","background_hover_color":"rgba(45,50,75,0.1)","padding":{"unit":"px","top":"35","right":"35","bottom":"35","left":"35","isLinked":true},"padding_tablet":{"unit":"px","top":"35","right":"35","bottom":"35","left":"35","isLinked":true}},"elements":[{"id":"76bb8915","settings":{"image":{"id":47788,"url":"https:\/\/bdthemes.net\/demo\/ready-pages\/ready-blocks\/wp-content\/uploads\/2019\/04\/profile.png"},"title_text":"User Friendly","description_text":"Morbi tempus dolor quis fermentum tincidunt. Sed lacinia lacus eu mi consectetur vestibulum Vokalia and Consonantia, there live the blind.","position":"left","image_size":{"unit":"%","size":15},"hover_animation":"wobble-vertical","title_typography_typography":"custom","title_typography_font_family":"Montserrat","title_typography_font_size":{"unit":"px","size":14},"title_typography_font_weight":"600","description_typography_typography":"custom","description_typography_font_family":"Roboto","description_typography_font_size":{"unit":"px","size":14},"description_typography_font_weight":"400","text_align_mobile":"right","image_space":{"unit":"px","size":20},"text_align":"left","title_bottom_space":{"unit":"px","size":10},"title_color":"#2d324b","description_color":"rgba(45,50,75,0.91)","_background_hover_background":"classic"},"elements":[],"isInner":false,"widgetType":"image-box","elType":"widget"}],"isInner":true,"elType":"column"},{"id":"7b205148","settings":{"_column_size":33,"_inline_size":null,"_inline_size_tablet":50,"background_hover_background":"classic","background_hover_color":"rgba(45,50,75,0.1)","padding":{"unit":"px","top":"35","right":"35","bottom":"35","left":"35","isLinked":true},"padding_tablet":{"unit":"px","top":"35","right":"35","bottom":"35","left":"35","isLinked":true}},"elements":[{"id":"24a83e3","settings":{"image":{"id":"47565","url":"https:\/\/bdthemes.net\/demo\/ready-pages\/ready-blocks\/wp-content\/uploads\/2019\/04\/clock.png"},"title_text":"Maintain Discipline","description_text":"Morbi tempus dolor quis fermentum tincidunt. Sed lacinia lacus eu mi consectetur vestibulum Vokalia and Consonantia, there live the blind.","position":"left","image_size":{"unit":"%","size":15},"hover_animation":"wobble-vertical","title_typography_typography":"custom","title_typography_font_family":"Montserrat","title_typography_font_size":{"unit":"px","size":14},"title_typography_font_weight":"600","description_typography_typography":"custom","description_typography_font_family":"Roboto","description_typography_font_size":{"unit":"px","size":14},"description_typography_font_weight":"400","text_align_mobile":"right","image_space":{"unit":"px","size":20},"text_align":"left","title_bottom_space":{"unit":"px","size":10},"title_color":"#2d324b","description_color":"rgba(45,50,75,0.91)"},"elements":[],"isInner":false,"widgetType":"image-box","elType":"widget"}],"isInner":true,"elType":"column"},{"id":"1a0ef450","settings":{"_column_size":33,"_inline_size":null,"_inline_size_tablet":50,"background_hover_background":"classic","background_hover_color":"rgba(45,50,75,0.1)","padding":{"unit":"px","top":"35","right":"35","bottom":"35","left":"35","isLinked":true},"padding_tablet":{"unit":"px","top":"35","right":"35","bottom":"35","left":"35","isLinked":true}},"elements":[{"id":"6b1497e7","settings":{"image":{"id":"47566","url":"https:\/\/bdthemes.net\/demo\/ready-pages\/ready-blocks\/wp-content\/uploads\/2019\/04\/headphones.png"},"title_text":"24\/7 Support","description_text":"Morbi tempus dolor quis fermentum tincidunt. Sed lacinia lacus eu mi consectetur vestibulum Vokalia and Consonantia, there live the blind.","position":"left","image_size":{"unit":"%","size":15},"hover_animation":"wobble-vertical","title_typography_typography":"custom","title_typography_font_family":"Montserrat","title_typography_font_size":{"unit":"px","size":14},"title_typography_font_weight":"600","description_typography_typography":"custom","description_typography_font_family":"Roboto","description_typography_font_size":{"unit":"px","size":14},"description_typography_font_weight":"400","text_align_mobile":"right","image_space":{"unit":"px","size":20},"text_align":"left","title_bottom_space":{"unit":"px","size":10},"title_color":"#2d324b","description_color":"rgba(45,50,75,0.91)"},"elements":[],"isInner":false,"widgetType":"image-box","elType":"widget"}],"isInner":true,"elType":"column"}],"isInner":true,"elType":"section"}],"isInner":false,"elType":"column"}],"isInner":false,"elType":"section"}],"page_settings":{"background_color_stop":{"unit":"%","size":"0","sizes":[]},"background_color_b_stop":{"unit":"%","size":"100","sizes":[]},"background_gradient_angle":{"unit":"deg","size":"180","sizes":[]},"background_xpos":{"unit":"px","size":"0","sizes":[]},"background_xpos_tablet":{"unit":"px","size":"0","sizes":[]},"background_xpos_mobile":{"unit":"px","size":"0","sizes":[]},"background_ypos":{"unit":"px","size":"0","sizes":[]},"background_ypos_tablet":{"unit":"px","size":"0","sizes":[]},"background_ypos_mobile":{"unit":"px","size":"0","sizes":[]},"background_bg_width":{"unit":"%","size":"100","sizes":[]},"background_bg_width_tablet":{"unit":"px","size":"","sizes":[]},"background_bg_width_mobile":{"unit":"px","size":"","sizes":[]},"element_pack_toolbar_typography_font_size":{"unit":"px","size":"","sizes":[]},"element_pack_toolbar_typography_font_size_tablet":{"unit":"px","size":"","sizes":[]},"element_pack_toolbar_typography_font_size_mobile":{"unit":"px","size":"","sizes":[]},"element_pack_toolbar_typography_line_height":{"unit":"em","size":"","sizes":[]},"element_pack_toolbar_typography_line_height_tablet":{"unit":"em","size":"","sizes":[]},"element_pack_toolbar_typography_line_height_mobile":{"unit":"em","size":"","sizes":[]},"element_pack_toolbar_typography_letter_spacing":{"unit":"px","size":"","sizes":[]},"element_pack_toolbar_typography_letter_spacing_tablet":{"unit":"px","size":"","sizes":[]},"element_pack_toolbar_typography_letter_spacing_mobile":{"unit":"px","size":"","sizes":[]},"element_pack_global_tooltip_width":{"unit":"px","size":"","sizes":[]},"element_pack_global_tooltip_width_tablet":{"unit":"px","size":"","sizes":[]},"element_pack_global_tooltip_width_mobile":{"unit":"px","size":"","sizes":[]},"element_pack_global_tooltip_background_color_stop":{"unit":"%","size":"0","sizes":[]},"element_pack_global_tooltip_background_color_b_stop":{"unit":"%","size":"100","sizes":[]},"element_pack_global_tooltip_background_gradient_angle":{"unit":"deg","size":"180","sizes":[]},"element_pack_global_tooltip_background_xpos":{"unit":"px","size":"0","sizes":[]},"element_pack_global_tooltip_background_xpos_tablet":{"unit":"px","size":"0","sizes":[]},"element_pack_global_tooltip_background_xpos_mobile":{"unit":"px","size":"0","sizes":[]},"element_pack_global_tooltip_background_ypos":{"unit":"px","size":"0","sizes":[]},"element_pack_global_tooltip_background_ypos_tablet":{"unit":"px","size":"0","sizes":[]},"element_pack_global_tooltip_background_ypos_mobile":{"unit":"px","size":"0","sizes":[]},"element_pack_global_tooltip_background_bg_width":{"unit":"%","size":"100","sizes":[]},"element_pack_global_tooltip_background_bg_width_tablet":{"unit":"px","size":"","sizes":[]},"element_pack_global_tooltip_background_bg_width_mobile":{"unit":"px","size":"","sizes":[]},"element_pack_global_tooltip_typography_font_size":{"unit":"px","size":"","sizes":[]},"element_pack_global_tooltip_typography_font_size_tablet":{"unit":"px","size":"","sizes":[]},"element_pack_global_tooltip_typography_font_size_mobile":{"unit":"px","size":"","sizes":[]},"element_pack_global_tooltip_typography_line_height":{"unit":"em","size":"","sizes":[]},"element_pack_global_tooltip_typography_line_height_tablet":{"unit":"em","size":"","sizes":[]},"element_pack_global_tooltip_typography_line_height_mobile":{"unit":"em","size":"","sizes":[]},"element_pack_global_tooltip_typography_letter_spacing":{"unit":"px","size":"","sizes":[]},"element_pack_global_tooltip_typography_letter_spacing_tablet":{"unit":"px","size":"","sizes":[]},"element_pack_global_tooltip_typography_letter_spacing_mobile":{"unit":"px","size":"","sizes":[]}}}