{"version":"0.4","title":"services-blocks-5","type":"section","content":[{"id":"365971b9","settings":{"background_background":"classic","layout":"full_width","content_position":"middle","structure":"20","background_position":"center center","padding_mobile":{"unit":"px","top":"50","right":"15","bottom":"0","left":"15","isLinked":false}},"elements":[{"id":"54e42eac","settings":{"_column_size":50,"padding":{"unit":"px","top":"80","right":"80","bottom":"80","left":"300","isLinked":false},"_inline_size":null,"padding_tablet":{"unit":"px","top":"30","right":"30","bottom":"30","left":"30","isLinked":true},"padding_mobile":{"unit":"px","top":"0","right":"0","bottom":"0","left":"0","isLinked":true}},"elements":[{"id":"16c2cbd1","settings":{"image":{"id":47463,"url":"https:\/\/bdthemes.net\/demo\/ready-pages\/ready-blocks\/wp-content\/uploads\/2019\/04\/presentation.png"},"title_text":"Perfect Presentation","description_text":"Morbi tempus dolor quis fermentum tincidunt. Sed lacinia lacus eu mi consectetur vestibulum.","position":"left","image_size":{"unit":"%","size":10},"hover_animation":"wobble-to-bottom-right","title_typography_typography":"custom","title_typography_font_weight":"600","description_typography_typography":"custom","description_typography_font_family":"Roboto","description_typography_font_size":{"unit":"px","size":14},"description_typography_font_weight":"400","text_align_mobile":"center","image_space":{"unit":"px","size":20},"text_align":"left","title_bottom_space":{"unit":"px","size":10},"title_color":"#000000","description_color":"rgba(0,0,0,0.91)","_margin":{"unit":"px","top":"0","right":"0","bottom":"50","left":"0","isLinked":false}},"elements":[],"isInner":false,"widgetType":"image-box","elType":"widget"},{"id":"5e29c2f","settings":{"image":{"id":47464,"url":"https:\/\/bdthemes.net\/demo\/ready-pages\/ready-blocks\/wp-content\/uploads\/2019\/04\/money-bag-1.png"},"title_text":"Earn Money","description_text":"Morbi tempus dolor quis fermentum tincidunt. Sed lacinia lacus eu mi consectetur vestibulum.","position":"left","image_size":{"unit":"%","size":10},"hover_animation":"wobble-to-bottom-right","title_typography_typography":"custom","title_typography_font_weight":"600","description_typography_typography":"custom","description_typography_font_family":"Roboto","description_typography_font_weight":"400","text_align_mobile":"center","image_space":{"unit":"px","size":20},"text_align":"left","title_bottom_space":{"unit":"px","size":10},"title_color":"#000000","description_color":"rgba(0,0,0,0.91)","_background_hover_background":"classic","_margin":{"unit":"px","top":"0","right":"0","bottom":"50","left":"0","isLinked":false}},"elements":[],"isInner":false,"widgetType":"image-box","elType":"widget"},{"id":"59f833ad","settings":{"image":{"id":47465,"url":"https:\/\/bdthemes.net\/demo\/ready-pages\/ready-blocks\/wp-content\/uploads\/2019\/04\/headphones.svg"},"title_text":"24\/7 Support","description_text":"Morbi tempus dolor quis fermentum tincidunt. Sed lacinia lacus eu mi consectetur vestibulum.","position":"left","image_size":{"unit":"%","size":10},"hover_animation":"wobble-to-bottom-right","title_typography_typography":"custom","title_typography_font_weight":"600","description_typography_typography":"custom","description_typography_font_family":"Roboto","description_typography_font_size":{"unit":"px","size":14},"description_typography_font_weight":"400","text_align_mobile":"center","image_space":{"unit":"px","size":20},"text_align":"left","title_bottom_space":{"unit":"px","size":10},"title_color":"#000000","description_color":"rgba(0,0,0,0.91)","_background_hover_background":"classic"},"elements":[],"isInner":false,"widgetType":"image-box","elType":"widget"}],"isInner":false,"elType":"column"},{"id":"633d3b79","settings":{"_column_size":50,"_inline_size":null,"background_background":"classic","background_image":{"id":47466,"url":"https:\/\/bdthemes.net\/demo\/ready-pages\/ready-blocks\/wp-content\/uploads\/2019\/04\/corporate-feature-2.jpg"},"margin_mobile":{"unit":"px","top":"45","right":"0","bottom":"0","left":"0","isLinked":false},"padding":{"unit":"px","top":"50","right":"300","bottom":"50","left":"50","isLinked":false},"padding_tablet":{"unit":"px","top":"30","right":"30","bottom":"30","left":"30","isLinked":true},"padding_mobile":{"unit":"px","top":"40","right":"40","bottom":"40","left":"40","isLinked":true}},"elements":[{"id":"7b6b67a1","settings":{"title":"Our Great Destination","align":"right","align_mobile":"center","typography_typography":"custom","typography_font_size_mobile":{"unit":"px","size":24},"_margin":{"unit":"px","top":"0","right":"0","bottom":"20","left":"0","isLinked":false},"title_color":"#ffffff"},"elements":[],"isInner":false,"widgetType":"heading","elType":"widget"},{"id":"611b728a","settings":{"editor":"<p>Morbi tempus dolor quis fermentum tincidunt. Sed lacinia lacus eu mi consectetur vestibulum.<\/p>","align":"right","text_color":"rgba(255,255,255,0.7)"},"elements":[],"isInner":false,"widgetType":"text-editor","elType":"widget"},{"id":"270976ff","settings":{"text":"Know More","align":"right","typography_typography":"custom","typography_font_weight":"700","background_color":"rgba(0,0,0,0)","hover_color":"#000000","button_background_hover_color":"#ffffff","button_hover_border_color":"#ffffff","border_border":"solid","border_width":{"unit":"px","top":"0","right":"0","bottom":"2","left":"0","isLinked":false},"border_radius":{"unit":"px","top":"0","right":"0","bottom":"0","left":"0","isLinked":true},"_margin":{"unit":"px","top":"40","right":"0","bottom":"0","left":"0","isLinked":false}},"elements":[],"isInner":false,"widgetType":"button","elType":"widget"}],"isInner":false,"elType":"column"}],"isInner":false,"elType":"section"}],"page_settings":{"background_color_stop":{"unit":"%","size":"0","sizes":[]},"background_color_b_stop":{"unit":"%","size":"100","sizes":[]},"background_gradient_angle":{"unit":"deg","size":"180","sizes":[]},"background_xpos":{"unit":"px","size":"0","sizes":[]},"background_xpos_tablet":{"unit":"px","size":"0","sizes":[]},"background_xpos_mobile":{"unit":"px","size":"0","sizes":[]},"background_ypos":{"unit":"px","size":"0","sizes":[]},"background_ypos_tablet":{"unit":"px","size":"0","sizes":[]},"background_ypos_mobile":{"unit":"px","size":"0","sizes":[]},"background_bg_width":{"unit":"%","size":"100","sizes":[]},"background_bg_width_tablet":{"unit":"px","size":"","sizes":[]},"background_bg_width_mobile":{"unit":"px","size":"","sizes":[]},"element_pack_toolbar_typography_font_size":{"unit":"px","size":"","sizes":[]},"element_pack_toolbar_typography_font_size_tablet":{"unit":"px","size":"","sizes":[]},"element_pack_toolbar_typography_font_size_mobile":{"unit":"px","size":"","sizes":[]},"element_pack_toolbar_typography_line_height":{"unit":"em","size":"","sizes":[]},"element_pack_toolbar_typography_line_height_tablet":{"unit":"em","size":"","sizes":[]},"element_pack_toolbar_typography_line_height_mobile":{"unit":"em","size":"","sizes":[]},"element_pack_toolbar_typography_letter_spacing":{"unit":"px","size":"","sizes":[]},"element_pack_toolbar_typography_letter_spacing_tablet":{"unit":"px","size":"","sizes":[]},"element_pack_toolbar_typography_letter_spacing_mobile":{"unit":"px","size":"","sizes":[]},"element_pack_global_tooltip_width":{"unit":"px","size":"","sizes":[]},"element_pack_global_tooltip_width_tablet":{"unit":"px","size":"","sizes":[]},"element_pack_global_tooltip_width_mobile":{"unit":"px","size":"","sizes":[]},"element_pack_global_tooltip_background_color_stop":{"unit":"%","size":"0","sizes":[]},"element_pack_global_tooltip_background_color_b_stop":{"unit":"%","size":"100","sizes":[]},"element_pack_global_tooltip_background_gradient_angle":{"unit":"deg","size":"180","sizes":[]},"element_pack_global_tooltip_background_xpos":{"unit":"px","size":"0","sizes":[]},"element_pack_global_tooltip_background_xpos_tablet":{"unit":"px","size":"0","sizes":[]},"element_pack_global_tooltip_background_xpos_mobile":{"unit":"px","size":"0","sizes":[]},"element_pack_global_tooltip_background_ypos":{"unit":"px","size":"0","sizes":[]},"element_pack_global_tooltip_background_ypos_tablet":{"unit":"px","size":"0","sizes":[]},"element_pack_global_tooltip_background_ypos_mobile":{"unit":"px","size":"0","sizes":[]},"element_pack_global_tooltip_background_bg_width":{"unit":"%","size":"100","sizes":[]},"element_pack_global_tooltip_background_bg_width_tablet":{"unit":"px","size":"","sizes":[]},"element_pack_global_tooltip_background_bg_width_mobile":{"unit":"px","size":"","sizes":[]},"element_pack_global_tooltip_typography_font_size":{"unit":"px","size":"","sizes":[]},"element_pack_global_tooltip_typography_font_size_tablet":{"unit":"px","size":"","sizes":[]},"element_pack_global_tooltip_typography_font_size_mobile":{"unit":"px","size":"","sizes":[]},"element_pack_global_tooltip_typography_line_height":{"unit":"em","size":"","sizes":[]},"element_pack_global_tooltip_typography_line_height_tablet":{"unit":"em","size":"","sizes":[]},"element_pack_global_tooltip_typography_line_height_mobile":{"unit":"em","size":"","sizes":[]},"element_pack_global_tooltip_typography_letter_spacing":{"unit":"px","size":"","sizes":[]},"element_pack_global_tooltip_typography_letter_spacing_tablet":{"unit":"px","size":"","sizes":[]},"element_pack_global_tooltip_typography_letter_spacing_mobile":{"unit":"px","size":"","sizes":[]}}}