{"version":"0.4","title":"services-blocks-8","type":"section","content":[{"id":"2ff65a1c","settings":{"structure":"20","padding":{"unit":"px","top":"150","right":"0","bottom":"150","left":"0","isLinked":false},"padding_tablet":{"unit":"px","top":"80","right":"30","bottom":"80","left":"30","isLinked":false},"padding_mobile":{"unit":"px","top":"50","right":"15","bottom":"50","left":"15","isLinked":false},"gap":"wider","border_border":"solid","border_width":{"unit":"px","top":"1","right":"0","bottom":"0","left":"0","isLinked":false},"border_color":"#e8e8e8"},"elements":[{"id":"55c91ef7","settings":{"_column_size":50,"_inline_size":null,"_inline_size_tablet":100,"_inline_size_mobile":100,"padding":{"unit":"px","top":"0","right":"40","bottom":"0","left":"0","isLinked":false},"padding_tablet":{"unit":"px","top":"0","right":"0","bottom":"0","left":"20","isLinked":false},"padding_mobile":{"unit":"px","top":"0","right":"20","bottom":"0","left":"20","isLinked":false}},"elements":[{"id":"c57e99e","settings":{"image":{"id":47473,"url":"https:\/\/bdthemes.net\/demo\/ready-pages\/ready-blocks\/wp-content\/uploads\/2019\/04\/services..png"},"image_size":"full","align_tablet":"left","image_border_radius":{"unit":"px","top":"15","right":"15","bottom":"15","left":"15","isLinked":true},"image_box_shadow_box_shadow":{"horizontal":0,"vertical":10,"blur":30,"spread":0,"color":"rgba(0,0,0,0.15)"}},"elements":[],"isInner":false,"widgetType":"image","elType":"widget"}],"isInner":false,"elType":"column"},{"id":"94615c6","settings":{"_column_size":50,"_inline_size":null,"_inline_size_tablet":100,"_inline_size_mobile":100,"padding":{"unit":"px","top":"0","right":"0","bottom":"0","left":"0","isLinked":true},"padding_tablet":{"unit":"px","top":"50","right":"0","bottom":"0","left":"0","isLinked":false}},"elements":[{"id":"70548f41","settings":{"title":"Business policies are the guidelines developed by an organization.","typography_typography":"custom","typography_line_height":{"unit":"em","size":1.3000000000000000444089209850062616169452667236328125},"_margin":{"unit":"px","top":"0","right":"0","bottom":"0","left":"20","isLinked":false},"title_color":"#444444"},"elements":[],"isInner":false,"widgetType":"heading","elType":"widget"},{"id":"331ecc83","settings":{"weight":{"unit":"px","size":2},"color":"#45bafd","width":{"unit":"%","size":18},"gap":{"unit":"px","size":0},"_margin":{"unit":"px","top":"0","right":"0","bottom":"40","left":"20","isLinked":false}},"elements":[],"isInner":false,"widgetType":"divider","elType":"widget"},{"id":"60fa83d8","settings":{"gap":"wide","structure":"20"},"elements":[{"id":"45f1f784","settings":{"_column_size":50,"_inline_size":null,"_inline_size_tablet":50,"_inline_size_mobile":100},"elements":[{"id":"1547bc17","settings":{"icon_type":"image","image":{"id":47474,"url":"https:\/\/bdthemes.net\/demo\/ready-pages\/ready-blocks\/wp-content\/uploads\/2019\/04\/settings.png"},"title_text":"Unlimited Settings","description_text":"One morning, when Gregor Samsa woke from troubled dreams. \t\t\t\t\t","readmore_text":"","badge_text":"POPULAR","icon_radius_advanced":"75% 25% 43% 57% \/ 46% 29% 71% 54%","icon_size":{"unit":"px","size":60},"text_align":"left","title_bottom_space":{"unit":"px","size":10}},"elements":[],"isInner":false,"widgetType":"bdt-advanced-icon-box","elType":"widget"},{"id":"13a3552d","settings":{"icon_type":"image","image":{"id":47475,"url":"https:\/\/bdthemes.net\/demo\/ready-pages\/ready-blocks\/wp-content\/uploads\/2019\/04\/video-player.png"},"title_text":"Video Marketing","description_text":"One morning, when Gregor Samsa woke from troubled dreams. \t\t\t\t\t","readmore_text":"","badge_text":"POPULAR","icon_radius_advanced":"75% 25% 43% 57% \/ 46% 29% 71% 54%","icon_size":{"unit":"px","size":60},"text_align":"left","title_bottom_space":{"unit":"px","size":10},"_margin":{"unit":"px","top":"-30","right":"0","bottom":"0","left":"0","isLinked":false}},"elements":[],"isInner":false,"widgetType":"bdt-advanced-icon-box","elType":"widget"}],"isInner":true,"elType":"column"},{"id":"160e34dc","settings":{"_column_size":50,"_inline_size":null,"_inline_size_tablet":50,"_inline_size_mobile":100},"elements":[{"id":"4513be11","settings":{"icon_type":"image","image":{"id":47476,"url":"https:\/\/bdthemes.net\/demo\/ready-pages\/ready-blocks\/wp-content\/uploads\/2019\/04\/notification.png"},"title_text":"Marketing Way","description_text":"One morning, when Gregor Samsa woke from troubled dreams. \t\t\t\t\t","readmore_text":"","badge_text":"POPULAR","icon_radius_advanced":"75% 25% 43% 57% \/ 46% 29% 71% 54%","icon_size":{"unit":"px","size":60},"text_align":"left","title_bottom_space":{"unit":"px","size":10}},"elements":[],"isInner":false,"widgetType":"bdt-advanced-icon-box","elType":"widget"},{"id":"310779c9","settings":{"icon_type":"image","image":{"id":47477,"url":"https:\/\/bdthemes.net\/demo\/ready-pages\/ready-blocks\/wp-content\/uploads\/2019\/04\/target.png"},"title_text":"Social Share","description_text":"One morning, when Gregor Samsa woke from troubled dreams. \t\t\t\t\t","readmore_text":"","badge_text":"POPULAR","icon_radius_advanced":"75% 25% 43% 57% \/ 46% 29% 71% 54%","icon_size":{"unit":"px","size":60},"text_align":"left","title_bottom_space":{"unit":"px","size":10},"_margin":{"unit":"px","top":"-30","right":"0","bottom":"0","left":"0","isLinked":false}},"elements":[],"isInner":false,"widgetType":"bdt-advanced-icon-box","elType":"widget"}],"isInner":true,"elType":"column"}],"isInner":true,"elType":"section"}],"isInner":false,"elType":"column"}],"isInner":false,"elType":"section"}],"page_settings":{"background_color_stop":{"unit":"%","size":"0","sizes":[]},"background_color_b_stop":{"unit":"%","size":"100","sizes":[]},"background_gradient_angle":{"unit":"deg","size":"180","sizes":[]},"background_xpos":{"unit":"px","size":"0","sizes":[]},"background_xpos_tablet":{"unit":"px","size":"0","sizes":[]},"background_xpos_mobile":{"unit":"px","size":"0","sizes":[]},"background_ypos":{"unit":"px","size":"0","sizes":[]},"background_ypos_tablet":{"unit":"px","size":"0","sizes":[]},"background_ypos_mobile":{"unit":"px","size":"0","sizes":[]},"background_bg_width":{"unit":"%","size":"100","sizes":[]},"background_bg_width_tablet":{"unit":"px","size":"","sizes":[]},"background_bg_width_mobile":{"unit":"px","size":"","sizes":[]},"element_pack_toolbar_typography_font_size":{"unit":"px","size":"","sizes":[]},"element_pack_toolbar_typography_font_size_tablet":{"unit":"px","size":"","sizes":[]},"element_pack_toolbar_typography_font_size_mobile":{"unit":"px","size":"","sizes":[]},"element_pack_toolbar_typography_line_height":{"unit":"em","size":"","sizes":[]},"element_pack_toolbar_typography_line_height_tablet":{"unit":"em","size":"","sizes":[]},"element_pack_toolbar_typography_line_height_mobile":{"unit":"em","size":"","sizes":[]},"element_pack_toolbar_typography_letter_spacing":{"unit":"px","size":"","sizes":[]},"element_pack_toolbar_typography_letter_spacing_tablet":{"unit":"px","size":"","sizes":[]},"element_pack_toolbar_typography_letter_spacing_mobile":{"unit":"px","size":"","sizes":[]},"element_pack_global_tooltip_width":{"unit":"px","size":"","sizes":[]},"element_pack_global_tooltip_width_tablet":{"unit":"px","size":"","sizes":[]},"element_pack_global_tooltip_width_mobile":{"unit":"px","size":"","sizes":[]},"element_pack_global_tooltip_background_color_stop":{"unit":"%","size":"0","sizes":[]},"element_pack_global_tooltip_background_color_b_stop":{"unit":"%","size":"100","sizes":[]},"element_pack_global_tooltip_background_gradient_angle":{"unit":"deg","size":"180","sizes":[]},"element_pack_global_tooltip_background_xpos":{"unit":"px","size":"0","sizes":[]},"element_pack_global_tooltip_background_xpos_tablet":{"unit":"px","size":"0","sizes":[]},"element_pack_global_tooltip_background_xpos_mobile":{"unit":"px","size":"0","sizes":[]},"element_pack_global_tooltip_background_ypos":{"unit":"px","size":"0","sizes":[]},"element_pack_global_tooltip_background_ypos_tablet":{"unit":"px","size":"0","sizes":[]},"element_pack_global_tooltip_background_ypos_mobile":{"unit":"px","size":"0","sizes":[]},"element_pack_global_tooltip_background_bg_width":{"unit":"%","size":"100","sizes":[]},"element_pack_global_tooltip_background_bg_width_tablet":{"unit":"px","size":"","sizes":[]},"element_pack_global_tooltip_background_bg_width_mobile":{"unit":"px","size":"","sizes":[]},"element_pack_global_tooltip_typography_font_size":{"unit":"px","size":"","sizes":[]},"element_pack_global_tooltip_typography_font_size_tablet":{"unit":"px","size":"","sizes":[]},"element_pack_global_tooltip_typography_font_size_mobile":{"unit":"px","size":"","sizes":[]},"element_pack_global_tooltip_typography_line_height":{"unit":"em","size":"","sizes":[]},"element_pack_global_tooltip_typography_line_height_tablet":{"unit":"em","size":"","sizes":[]},"element_pack_global_tooltip_typography_line_height_mobile":{"unit":"em","size":"","sizes":[]},"element_pack_global_tooltip_typography_letter_spacing":{"unit":"px","size":"","sizes":[]},"element_pack_global_tooltip_typography_letter_spacing_tablet":{"unit":"px","size":"","sizes":[]},"element_pack_global_tooltip_typography_letter_spacing_mobile":{"unit":"px","size":"","sizes":[]}}}