{"version":"0.4","title":"services-blocks-6","type":"section","content":[{"id":"4052b871","settings":{"layout":"full_width","structure":"32","padding_mobile":{"unit":"px","top":"50","right":"15","bottom":"20","left":"15","isLinked":false}},"elements":[{"id":"153a264d","settings":{"_column_size":50,"_inline_size":null,"content_position":"center","background_background":"classic","background_image":{"id":47467,"url":"https:\/\/bdthemes.net\/demo\/ready-pages\/ready-blocks\/wp-content\/uploads\/2019\/04\/corporate-feature2.jpg"},"background_position":"center center","background_size":"cover","_inline_size_tablet":50,"padding":{"unit":"px","top":"100","right":"100","bottom":"100","left":"100","isLinked":true},"padding_mobile":{"unit":"px","top":"50","right":"50","bottom":"50","left":"50","isLinked":true}},"elements":[{"id":"2b6f9276","settings":{"title":"OUR SERVICES","align":"center","align_mobile":"center","typography_typography":"custom","typography_font_size_mobile":{"unit":"px","size":24},"_margin":{"unit":"px","top":"0","right":"0","bottom":"20","left":"0","isLinked":false},"title_color":"#ffffff","typography_font_size_tablet":{"unit":"px","size":24}},"elements":[],"isInner":false,"widgetType":"heading","elType":"widget"},{"id":"61b4049f","settings":{"editor":"<p>Morbi tempus dolor quis fermentum tincidunt. Sed lacinia lacus eu mi consectetur vestibulum.<\/p>","align":"center","text_color":"rgba(255,255,255,0.7)"},"elements":[],"isInner":false,"widgetType":"text-editor","elType":"widget"},{"id":"43d79b7a","settings":{"text":"Know More","align":"center","typography_typography":"custom","typography_font_weight":"700","background_color":"rgba(0,0,0,0)","hover_color":"#000000","button_background_hover_color":"#ffffff","button_hover_border_color":"#ffffff","border_border":"solid","border_width":{"unit":"px","top":"0","right":"0","bottom":"2","left":"0","isLinked":false},"border_radius":{"unit":"px","top":"0","right":"0","bottom":"0","left":"0","isLinked":true},"_margin":{"unit":"px","top":"40","right":"0","bottom":"0","left":"0","isLinked":false}},"elements":[],"isInner":false,"widgetType":"button","elType":"widget"}],"isInner":false,"elType":"column"},{"id":"175be6dc","settings":{"_column_size":25,"_inline_size":null,"_inline_size_tablet":25,"padding":{"unit":"px","top":"80","right":"80","bottom":"80","left":"80","isLinked":true},"padding_tablet":{"unit":"px","top":"20","right":"0","bottom":"20","left":"0","isLinked":false},"padding_mobile":{"unit":"px","top":"50","right":"0","bottom":"0","left":"0","isLinked":false}},"elements":[{"id":"d890fc5","settings":{"image":{"id":47455,"url":"https:\/\/bdthemes.net\/demo\/ready-pages\/ready-blocks\/wp-content\/uploads\/2019\/04\/target.svg"},"title_text":"Perfect Goal","description_text":"Morbi tempus dolor quis fermentum tincidunt. ","image_size":{"unit":"%","size":10},"hover_animation":"wobble-to-top-right","title_typography_typography":"custom","title_typography_font_weight":"600","description_typography_typography":"custom","description_typography_font_family":"Roboto","description_typography_font_size":{"unit":"px","size":14},"description_typography_font_weight":"400","text_align_mobile":"center","image_space":{"unit":"px","size":20},"text_align":"center","title_bottom_space":{"unit":"px","size":10},"title_color":"#000000","description_color":"rgba(0,0,0,0.91)","_background_hover_background":"classic","title_size":"h4","_margin":{"unit":"px","top":"0","right":"0","bottom":"30","left":"0","isLinked":false}},"elements":[],"isInner":false,"widgetType":"image-box","elType":"widget"},{"id":"7459fc04","settings":{"image":{"id":47456,"url":"https:\/\/bdthemes.net\/demo\/ready-pages\/ready-blocks\/wp-content\/uploads\/2019\/04\/megaphone.svg"},"title_text":"Marketing System","description_text":"Morbi tempus dolor quis fermentum tincidunt. ","image_size":{"unit":"%","size":10},"hover_animation":"wobble-to-top-right","title_typography_typography":"custom","title_typography_font_weight":"600","description_typography_typography":"custom","description_typography_font_family":"Roboto","description_typography_font_size":{"unit":"px","size":14},"description_typography_font_weight":"400","text_align_mobile":"center","image_space":{"unit":"px","size":20},"text_align":"center","title_bottom_space":{"unit":"px","size":10},"title_color":"#000000","description_color":"rgba(0,0,0,0.91)","_background_hover_background":"classic","title_size":"h4","_margin":{"unit":"px","top":"0","right":"0","bottom":"30","left":"0","isLinked":false}},"elements":[],"isInner":false,"widgetType":"image-box","elType":"widget"},{"id":"542daa2b","settings":{"image":{"id":47454,"url":"https:\/\/bdthemes.net\/demo\/ready-pages\/ready-blocks\/wp-content\/uploads\/2019\/04\/padlock.svg"},"title_text":"Special Security","description_text":"Morbi tempus dolor quis fermentum tincidunt. ","image_size":{"unit":"%","size":10},"hover_animation":"wobble-to-top-right","title_typography_typography":"custom","title_typography_font_weight":"600","description_typography_typography":"custom","description_typography_font_family":"Roboto","description_typography_font_size":{"unit":"px","size":14},"description_typography_font_weight":"400","text_align_mobile":"center","image_space":{"unit":"px","size":20},"text_align":"center","title_bottom_space":{"unit":"px","size":10},"title_color":"#000000","description_color":"rgba(0,0,0,0.91)","_background_hover_background":"classic","title_size":"h4"},"elements":[],"isInner":false,"widgetType":"image-box","elType":"widget"}],"isInner":false,"elType":"column"},{"id":"688dd58","settings":{"_column_size":25,"_inline_size":null,"_inline_size_tablet":25,"padding":{"unit":"px","top":"80","right":"80","bottom":"80","left":"80","isLinked":true},"padding_tablet":{"unit":"px","top":"20","right":"0","bottom":"20","left":"0","isLinked":false}},"elements":[{"id":"1dc4e328","settings":{"image":{"id":47463,"url":"https:\/\/bdthemes.net\/demo\/ready-pages\/ready-blocks\/wp-content\/uploads\/2019\/04\/presentation.png"},"title_text":"Presentation","description_text":"Morbi tempus dolor quis fermentum tincidunt. ","image_size":{"unit":"%","size":10},"hover_animation":"wobble-to-top-right","title_typography_typography":"custom","title_typography_font_weight":"600","description_typography_typography":"custom","description_typography_font_family":"Roboto","description_typography_font_size":{"unit":"px","size":14},"description_typography_font_weight":"400","text_align_mobile":"center","image_space":{"unit":"px","size":20},"text_align":"center","title_bottom_space":{"unit":"px","size":10},"title_color":"#000000","description_color":"rgba(0,0,0,0.91)","_background_hover_background":"classic","title_size":"h4","_margin":{"unit":"px","top":"0","right":"0","bottom":"30","left":"0","isLinked":false}},"elements":[],"isInner":false,"widgetType":"image-box","elType":"widget"},{"id":"23e35fdf","settings":{"image":{"id":47464,"url":"https:\/\/bdthemes.net\/demo\/ready-pages\/ready-blocks\/wp-content\/uploads\/2019\/04\/money-bag-1.png"},"title_text":"Earn Money","description_text":"Morbi tempus dolor quis fermentum tincidunt. ","image_size":{"unit":"%","size":10},"hover_animation":"wobble-to-top-right","title_typography_typography":"custom","title_typography_font_weight":"600","description_typography_typography":"custom","description_typography_font_family":"Roboto","description_typography_font_size":{"unit":"px","size":14},"description_typography_font_weight":"400","text_align_mobile":"center","image_space":{"unit":"px","size":20},"text_align":"center","title_bottom_space":{"unit":"px","size":10},"title_color":"#000000","description_color":"rgba(0,0,0,0.91)","_background_hover_background":"classic","title_size":"h4","_margin":{"unit":"px","top":"0","right":"0","bottom":"30","left":"0","isLinked":false}},"elements":[],"isInner":false,"widgetType":"image-box","elType":"widget"},{"id":"133039cc","settings":{"image":{"id":47465,"url":"https:\/\/bdthemes.net\/demo\/ready-pages\/ready-blocks\/wp-content\/uploads\/2019\/04\/headphones.svg"},"title_text":"24\/7 Support","description_text":"Morbi tempus dolor quis fermentum tincidunt. ","image_size":{"unit":"%","size":10},"hover_animation":"wobble-to-top-right","title_typography_typography":"custom","title_typography_font_weight":"600","description_typography_typography":"custom","description_typography_font_family":"Roboto","description_typography_font_size":{"unit":"px","size":14},"description_typography_font_weight":"400","text_align_mobile":"center","image_space":{"unit":"px","size":20},"text_align":"center","title_bottom_space":{"unit":"px","size":10},"title_color":"#000000","description_color":"rgba(0,0,0,0.91)","_background_hover_background":"classic","title_size":"h4"},"elements":[],"isInner":false,"widgetType":"image-box","elType":"widget"}],"isInner":false,"elType":"column"}],"isInner":false,"elType":"section"}],"page_settings":{"background_color_stop":{"unit":"%","size":"0","sizes":[]},"background_color_b_stop":{"unit":"%","size":"100","sizes":[]},"background_gradient_angle":{"unit":"deg","size":"180","sizes":[]},"background_xpos":{"unit":"px","size":"0","sizes":[]},"background_xpos_tablet":{"unit":"px","size":"0","sizes":[]},"background_xpos_mobile":{"unit":"px","size":"0","sizes":[]},"background_ypos":{"unit":"px","size":"0","sizes":[]},"background_ypos_tablet":{"unit":"px","size":"0","sizes":[]},"background_ypos_mobile":{"unit":"px","size":"0","sizes":[]},"background_bg_width":{"unit":"%","size":"100","sizes":[]},"background_bg_width_tablet":{"unit":"px","size":"","sizes":[]},"background_bg_width_mobile":{"unit":"px","size":"","sizes":[]},"element_pack_toolbar_typography_font_size":{"unit":"px","size":"","sizes":[]},"element_pack_toolbar_typography_font_size_tablet":{"unit":"px","size":"","sizes":[]},"element_pack_toolbar_typography_font_size_mobile":{"unit":"px","size":"","sizes":[]},"element_pack_toolbar_typography_line_height":{"unit":"em","size":"","sizes":[]},"element_pack_toolbar_typography_line_height_tablet":{"unit":"em","size":"","sizes":[]},"element_pack_toolbar_typography_line_height_mobile":{"unit":"em","size":"","sizes":[]},"element_pack_toolbar_typography_letter_spacing":{"unit":"px","size":"","sizes":[]},"element_pack_toolbar_typography_letter_spacing_tablet":{"unit":"px","size":"","sizes":[]},"element_pack_toolbar_typography_letter_spacing_mobile":{"unit":"px","size":"","sizes":[]},"element_pack_global_tooltip_width":{"unit":"px","size":"","sizes":[]},"element_pack_global_tooltip_width_tablet":{"unit":"px","size":"","sizes":[]},"element_pack_global_tooltip_width_mobile":{"unit":"px","size":"","sizes":[]},"element_pack_global_tooltip_background_color_stop":{"unit":"%","size":"0","sizes":[]},"element_pack_global_tooltip_background_color_b_stop":{"unit":"%","size":"100","sizes":[]},"element_pack_global_tooltip_background_gradient_angle":{"unit":"deg","size":"180","sizes":[]},"element_pack_global_tooltip_background_xpos":{"unit":"px","size":"0","sizes":[]},"element_pack_global_tooltip_background_xpos_tablet":{"unit":"px","size":"0","sizes":[]},"element_pack_global_tooltip_background_xpos_mobile":{"unit":"px","size":"0","sizes":[]},"element_pack_global_tooltip_background_ypos":{"unit":"px","size":"0","sizes":[]},"element_pack_global_tooltip_background_ypos_tablet":{"unit":"px","size":"0","sizes":[]},"element_pack_global_tooltip_background_ypos_mobile":{"unit":"px","size":"0","sizes":[]},"element_pack_global_tooltip_background_bg_width":{"unit":"%","size":"100","sizes":[]},"element_pack_global_tooltip_background_bg_width_tablet":{"unit":"px","size":"","sizes":[]},"element_pack_global_tooltip_background_bg_width_mobile":{"unit":"px","size":"","sizes":[]},"element_pack_global_tooltip_typography_font_size":{"unit":"px","size":"","sizes":[]},"element_pack_global_tooltip_typography_font_size_tablet":{"unit":"px","size":"","sizes":[]},"element_pack_global_tooltip_typography_font_size_mobile":{"unit":"px","size":"","sizes":[]},"element_pack_global_tooltip_typography_line_height":{"unit":"em","size":"","sizes":[]},"element_pack_global_tooltip_typography_line_height_tablet":{"unit":"em","size":"","sizes":[]},"element_pack_global_tooltip_typography_line_height_mobile":{"unit":"em","size":"","sizes":[]},"element_pack_global_tooltip_typography_letter_spacing":{"unit":"px","size":"","sizes":[]},"element_pack_global_tooltip_typography_letter_spacing_tablet":{"unit":"px","size":"","sizes":[]},"element_pack_global_tooltip_typography_letter_spacing_mobile":{"unit":"px","size":"","sizes":[]}}}