{"version":"0.4","title":"services-blocks-9","type":"section","content":[{"id":"41718832","settings":{"padding":{"unit":"px","top":"100","right":"0","bottom":"100","left":"0","isLinked":false},"border_border":"solid","border_width":{"unit":"px","top":"1","right":"0","bottom":"0","left":"0","isLinked":false},"border_color":"#e8e8e8"},"elements":[{"id":"20fad7d2","settings":{"_column_size":100,"padding":{"unit":"px","top":"0","right":"0","bottom":"0","left":"0","isLinked":true}},"elements":[{"id":"6c362104","settings":{"content_width":{"unit":"px","size":730}},"elements":[{"id":"9ed8a0a","settings":{"_column_size":100,"_inline_size":null},"elements":[{"id":"4997c3ff","settings":{"title":"Professional Services","header_size":"h5","align":"center","title_color":"rgba(68,68,68,0.81)"},"elements":[],"isInner":false,"widgetType":"heading","elType":"widget"},{"id":"36aff122","settings":{"title":"Understanding what's in a business policy is important for business leaders","typography_typography":"custom","typography_line_height":{"unit":"em","size":1.3000000000000000444089209850062616169452667236328125},"align":"center","_margin":{"unit":"px","top":"0","right":"0","bottom":"0","left":"20","isLinked":false},"title_color":"#444444"},"elements":[],"isInner":false,"widgetType":"heading","elType":"widget"},{"id":"6211c0ab","settings":{"weight":{"unit":"px","size":2},"color":"#444444","width":{"unit":"%","size":18},"gap":{"unit":"px","size":0},"_margin":{"unit":"px","top":"0","right":"0","bottom":"40","left":"20","isLinked":false},"align":"center"},"elements":[],"isInner":false,"widgetType":"divider","elType":"widget"}],"isInner":true,"elType":"column"}],"isInner":true,"elType":"section"},{"id":"10f84eb1","settings":{"gap":"extended","structure":"30","section_scheduled_content_start_date":"2018-02-01 00:00","section_scheduled_content_end_date":"2018-02-28 00:00"},"elements":[{"id":"42524ce4","settings":{"_column_size":33,"_inline_size":null},"elements":[{"id":"58e570a9","settings":{"icon_type":"image","image":{"id":47478,"url":"https:\/\/bdthemes.net\/demo\/ready-pages\/ready-blocks\/wp-content\/uploads\/2019\/04\/bg3-1.jpg"},"title_text":"Media Conferences ","description_text":"Lorem ipsum dolor sit amet, consectetur adipiscing elit donec. ","readmore_text":"Read More","readmore_vertical_offset":{"unit":"px","size":-112},"badge_text":"POPULAR","icon_radius_advanced":"75% 25% 43% 57% \/ 46% 29% 71% 54%","image_fullwidth":"yes","content_padding":{"unit":"px","top":"10","right":"30","bottom":"40","left":"30","isLinked":false},"title_bottom_space":{"unit":"px","size":10},"description_bottom_space":{"unit":"px","size":30},"readmore_text_color":"#ffffff","readmore_background_background":"classic","readmore_background_color":"#7a7a7a","readmore_radius":{"unit":"px","top":"5","right":"5","bottom":"5","left":"5","isLinked":true},"readmore_padding":{"unit":"px","top":"10","right":"25","bottom":"10","left":"25","isLinked":false},"readmore_typography_typography":"custom","readmore_typography_font_size":{"unit":"px","size":14},"readmore_hover_background_background":"classic","readmore_hover_background_color":"#d30c5c","_box_shadow_box_shadow_type":"yes","_box_shadow_box_shadow":{"horizontal":0,"vertical":10,"blur":30,"spread":0,"color":"rgba(0,0,0,0.09)"},"_box_shadow_hover_box_shadow":{"horizontal":0,"vertical":10,"blur":30,"spread":0,"color":"rgba(0,0,0,0.2)"},"icon_hover_shadow_box_shadow":{"horizontal":0,"vertical":0,"blur":0,"spread":0,"color":"rgba(0,0,0,0.5)"},"icon_hover_shadow_box_shadow_position":"inset","_box_shadow_hover_box_shadow_type":"yes"},"elements":[],"isInner":false,"widgetType":"bdt-advanced-icon-box","elType":"widget"}],"isInner":true,"elType":"column"},{"id":"7c4b1714","settings":{"_column_size":33,"_inline_size":null},"elements":[{"id":"2152e8e8","settings":{"icon_type":"image","image":{"id":47479,"url":"https:\/\/bdthemes.net\/demo\/ready-pages\/ready-blocks\/wp-content\/uploads\/2019\/04\/09-2.jpg"},"title_text":"Compnay History","description_text":"Lorem ipsum dolor sit amet, consectetur adipiscing elit donec. ","readmore_text":"Read More","readmore_vertical_offset":{"unit":"px","size":-112},"badge_text":"POPULAR","icon_radius_advanced":"75% 25% 43% 57% \/ 46% 29% 71% 54%","image_fullwidth":"yes","content_padding":{"unit":"px","top":"10","right":"30","bottom":"40","left":"30","isLinked":false},"title_bottom_space":{"unit":"px","size":10},"description_bottom_space":{"unit":"px","size":30},"readmore_text_color":"#ffffff","readmore_background_background":"classic","readmore_background_color":"#7a7a7a","readmore_radius":{"unit":"px","top":"5","right":"5","bottom":"5","left":"5","isLinked":true},"readmore_padding":{"unit":"px","top":"10","right":"25","bottom":"10","left":"25","isLinked":false},"readmore_typography_typography":"custom","readmore_typography_font_size":{"unit":"px","size":14},"readmore_hover_background_background":"classic","readmore_hover_background_color":"#d30c5c","_box_shadow_box_shadow_type":"yes","_box_shadow_box_shadow":{"horizontal":0,"vertical":10,"blur":30,"spread":0,"color":"rgba(0,0,0,0.09)"},"_box_shadow_hover_box_shadow":{"horizontal":0,"vertical":10,"blur":30,"spread":0,"color":"rgba(0,0,0,0.2)"},"_box_shadow_hover_box_shadow_type":"yes"},"elements":[],"isInner":false,"widgetType":"bdt-advanced-icon-box","elType":"widget"}],"isInner":true,"elType":"column"},{"id":"5cddf83f","settings":{"_column_size":33,"_inline_size":null},"elements":[{"id":"2f44ca94","settings":{"icon_type":"image","image":{"id":47480,"url":"https:\/\/bdthemes.net\/demo\/ready-pages\/ready-blocks\/wp-content\/uploads\/2019\/04\/bg5-1-1.jpg"},"title_text":"Annual Magazine ","description_text":"Lorem ipsum dolor sit amet, consectetur adipiscing elit donec. ","readmore_text":"Read More","readmore_vertical_offset":{"unit":"px","size":-112},"badge_text":"POPULAR","icon_radius_advanced":"75% 25% 43% 57% \/ 46% 29% 71% 54%","image_fullwidth":"yes","content_padding":{"unit":"px","top":"10","right":"30","bottom":"40","left":"30","isLinked":false},"title_bottom_space":{"unit":"px","size":10},"description_bottom_space":{"unit":"px","size":30},"readmore_text_color":"#ffffff","readmore_background_background":"classic","readmore_background_color":"#7a7a7a","readmore_radius":{"unit":"px","top":"5","right":"5","bottom":"5","left":"5","isLinked":true},"readmore_padding":{"unit":"px","top":"10","right":"25","bottom":"10","left":"25","isLinked":false},"readmore_typography_typography":"custom","readmore_typography_font_size":{"unit":"px","size":14},"readmore_hover_background_background":"classic","readmore_hover_background_color":"#d30c5c","_box_shadow_box_shadow_type":"yes","_box_shadow_box_shadow":{"horizontal":0,"vertical":10,"blur":30,"spread":0,"color":"rgba(0,0,0,0.09)"},"_box_shadow_hover_box_shadow":{"horizontal":0,"vertical":10,"blur":30,"spread":0,"color":"rgba(0,0,0,0.2)"},"_box_shadow_hover_box_shadow_type":"yes"},"elements":[],"isInner":false,"widgetType":"bdt-advanced-icon-box","elType":"widget"}],"isInner":true,"elType":"column"}],"isInner":true,"elType":"section"}],"isInner":false,"elType":"column"}],"isInner":false,"elType":"section"}],"page_settings":{"background_color_stop":{"unit":"%","size":"0","sizes":[]},"background_color_b_stop":{"unit":"%","size":"100","sizes":[]},"background_gradient_angle":{"unit":"deg","size":"180","sizes":[]},"background_xpos":{"unit":"px","size":"0","sizes":[]},"background_xpos_tablet":{"unit":"px","size":"0","sizes":[]},"background_xpos_mobile":{"unit":"px","size":"0","sizes":[]},"background_ypos":{"unit":"px","size":"0","sizes":[]},"background_ypos_tablet":{"unit":"px","size":"0","sizes":[]},"background_ypos_mobile":{"unit":"px","size":"0","sizes":[]},"background_bg_width":{"unit":"%","size":"100","sizes":[]},"background_bg_width_tablet":{"unit":"px","size":"","sizes":[]},"background_bg_width_mobile":{"unit":"px","size":"","sizes":[]},"element_pack_toolbar_typography_font_size":{"unit":"px","size":"","sizes":[]},"element_pack_toolbar_typography_font_size_tablet":{"unit":"px","size":"","sizes":[]},"element_pack_toolbar_typography_font_size_mobile":{"unit":"px","size":"","sizes":[]},"element_pack_toolbar_typography_line_height":{"unit":"em","size":"","sizes":[]},"element_pack_toolbar_typography_line_height_tablet":{"unit":"em","size":"","sizes":[]},"element_pack_toolbar_typography_line_height_mobile":{"unit":"em","size":"","sizes":[]},"element_pack_toolbar_typography_letter_spacing":{"unit":"px","size":"","sizes":[]},"element_pack_toolbar_typography_letter_spacing_tablet":{"unit":"px","size":"","sizes":[]},"element_pack_toolbar_typography_letter_spacing_mobile":{"unit":"px","size":"","sizes":[]},"element_pack_global_tooltip_width":{"unit":"px","size":"","sizes":[]},"element_pack_global_tooltip_width_tablet":{"unit":"px","size":"","sizes":[]},"element_pack_global_tooltip_width_mobile":{"unit":"px","size":"","sizes":[]},"element_pack_global_tooltip_background_color_stop":{"unit":"%","size":"0","sizes":[]},"element_pack_global_tooltip_background_color_b_stop":{"unit":"%","size":"100","sizes":[]},"element_pack_global_tooltip_background_gradient_angle":{"unit":"deg","size":"180","sizes":[]},"element_pack_global_tooltip_background_xpos":{"unit":"px","size":"0","sizes":[]},"element_pack_global_tooltip_background_xpos_tablet":{"unit":"px","size":"0","sizes":[]},"element_pack_global_tooltip_background_xpos_mobile":{"unit":"px","size":"0","sizes":[]},"element_pack_global_tooltip_background_ypos":{"unit":"px","size":"0","sizes":[]},"element_pack_global_tooltip_background_ypos_tablet":{"unit":"px","size":"0","sizes":[]},"element_pack_global_tooltip_background_ypos_mobile":{"unit":"px","size":"0","sizes":[]},"element_pack_global_tooltip_background_bg_width":{"unit":"%","size":"100","sizes":[]},"element_pack_global_tooltip_background_bg_width_tablet":{"unit":"px","size":"","sizes":[]},"element_pack_global_tooltip_background_bg_width_mobile":{"unit":"px","size":"","sizes":[]},"element_pack_global_tooltip_typography_font_size":{"unit":"px","size":"","sizes":[]},"element_pack_global_tooltip_typography_font_size_tablet":{"unit":"px","size":"","sizes":[]},"element_pack_global_tooltip_typography_font_size_mobile":{"unit":"px","size":"","sizes":[]},"element_pack_global_tooltip_typography_line_height":{"unit":"em","size":"","sizes":[]},"element_pack_global_tooltip_typography_line_height_tablet":{"unit":"em","size":"","sizes":[]},"element_pack_global_tooltip_typography_line_height_mobile":{"unit":"em","size":"","sizes":[]},"element_pack_global_tooltip_typography_letter_spacing":{"unit":"px","size":"","sizes":[]},"element_pack_global_tooltip_typography_letter_spacing_tablet":{"unit":"px","size":"","sizes":[]},"element_pack_global_tooltip_typography_letter_spacing_mobile":{"unit":"px","size":"","sizes":[]}}}