{"version":"0.4","title":"services-blocks-2","type":"section","content":[{"id":"c9fe65c","settings":{"gap":"wider","structure":"30","background_background":"classic","background_position":"center center","padding":{"unit":"px","top":"100","right":"0","bottom":"100","left":"0","isLinked":false},"padding_tablet":{"unit":"px","top":"80","right":"30","bottom":"80","left":"30","isLinked":false},"padding_mobile":{"unit":"px","top":"50","right":"15","bottom":"50","left":"15","isLinked":false},"background_color":"#f9f9f9","background_repeat":"no-repeat","background_size":"cover"},"elements":[{"id":"429a87ed","settings":{"_column_size":33,"_inline_size":null,"margin_mobile":{"unit":"px","top":"0","right":"0","bottom":"30","left":"0","isLinked":false},"padding_tablet":{"unit":"px","top":"0","right":"10","bottom":"0","left":"0","isLinked":false},"padding_mobile":{"unit":"px","top":"0","right":"0","bottom":"0","left":"0","isLinked":false}},"elements":[{"id":"64385d8a","settings":{"graphic_element":"image","image":{"url":"","id":""},"image_size":"full","front_title_text":"<strong>Element<\/strong> Pack","front_description_text":"","front_background_background":"classic","front_background_image":{"id":47448,"url":"https:\/\/bdthemes.net\/demo\/ready-pages\/ready-blocks\/wp-content\/uploads\/2019\/04\/bg1-1.png"},"front_background_position":"center center","back_title_text":"Best WordPress Plugin","back_description_text":"","button_text":"Visit Now","back_background_background":"classic","back_background_image":{"id":47449,"url":"https:\/\/bdthemes.net\/demo\/ready-pages\/ready-blocks\/wp-content\/uploads\/2019\/04\/bg6-3.jpg"},"flip_direction":"right","front_title_typography_typography":"custom","front_title_typography_font_size":{"unit":"px","size":30},"front_title_typography_font_weight":"400","button_background_color":"rgba(0,0,0,0)","button_border_border":"solid","button_border_width":{"unit":"px","top":"0","right":"0","bottom":"2","left":"0","isLinked":false},"button_border_color":"#ffffff","button_border_radius":{"unit":"px","top":"0","right":"0","bottom":"0","left":"0","isLinked":true},"button_hover_color":"#000000","button_background_hover_color":"#ffffff","button_hover_border_color":"#ffffff"},"elements":[],"isInner":false,"widgetType":"bdt-flip-box","elType":"widget"}],"isInner":false,"elType":"column"},{"id":"4e279f6f","settings":{"_column_size":33,"_inline_size":null,"margin_mobile":{"unit":"px","top":"0","right":"0","bottom":"30","left":"0","isLinked":false},"padding_tablet":{"unit":"px","top":"0","right":"0","bottom":"0","left":"10","isLinked":false},"padding_mobile":{"unit":"px","top":"0","right":"0","bottom":"0","left":"0","isLinked":false}},"elements":[{"id":"7d1ac994","settings":{"graphic_element":"image","image":{"url":"","id":""},"image_size":"full","front_title_text":"<strong>Best<\/strong> Addon","front_description_text":"","front_background_background":"classic","front_background_image":{"id":47450,"url":"https:\/\/bdthemes.net\/demo\/ready-pages\/ready-blocks\/wp-content\/uploads\/2019\/04\/bg2.png"},"front_background_position":"center center","back_title_text":"Best WordPress Plugin","back_description_text":"","button_text":"Visit Now","back_background_background":"classic","back_background_image":{"id":47451,"url":"https:\/\/bdthemes.net\/demo\/ready-pages\/ready-blocks\/wp-content\/uploads\/2019\/04\/bg5-5.jpg"},"flip_direction":"right","front_title_typography_typography":"custom","front_title_typography_font_size":{"unit":"px","size":30},"front_title_typography_font_weight":"400","button_background_color":"rgba(0,0,0,0)","button_border_border":"solid","button_border_width":{"unit":"px","top":"0","right":"0","bottom":"2","left":"0","isLinked":false},"button_border_color":"#ffffff","button_border_radius":{"unit":"px","top":"0","right":"0","bottom":"0","left":"0","isLinked":true},"button_hover_color":"#000000","button_background_hover_color":"#ffffff","button_hover_border_color":"#ffffff"},"elements":[],"isInner":false,"widgetType":"bdt-flip-box","elType":"widget"}],"isInner":false,"elType":"column"},{"id":"690c7d23","settings":{"_column_size":33,"_inline_size":null,"padding_tablet":{"unit":"px","top":"0","right":"0","bottom":"0","left":"20","isLinked":false},"padding_mobile":{"unit":"px","top":"0","right":"0","bottom":"0","left":"0","isLinked":false}},"elements":[{"id":"27e080a4","settings":{"graphic_element":"image","image":{"url":"","id":""},"image_size":"full","front_title_text":"<strong>Great<\/strong> Plugin","front_description_text":"","front_background_background":"classic","front_background_image":{"id":47452,"url":"https:\/\/bdthemes.net\/demo\/ready-pages\/ready-blocks\/wp-content\/uploads\/2019\/04\/bg3-1-3.jpg"},"front_background_position":"center center","back_title_text":"Best WordPress Plugin","back_description_text":"","button_text":"Visit Now","back_background_background":"classic","back_background_image":{"id":47453,"url":"https:\/\/bdthemes.net\/demo\/ready-pages\/ready-blocks\/wp-content\/uploads\/2019\/04\/bg4-3.jpg"},"flip_direction":"right","front_title_typography_typography":"custom","front_title_typography_font_size":{"unit":"px","size":30},"front_title_typography_font_weight":"400","button_background_color":"rgba(0,0,0,0)","button_border_border":"solid","button_border_width":{"unit":"px","top":"0","right":"0","bottom":"2","left":"0","isLinked":false},"button_border_color":"#ffffff","button_border_radius":{"unit":"px","top":"0","right":"0","bottom":"0","left":"0","isLinked":true},"button_hover_color":"#000000","button_background_hover_color":"#ffffff","button_hover_border_color":"#ffffff"},"elements":[],"isInner":false,"widgetType":"bdt-flip-box","elType":"widget"}],"isInner":false,"elType":"column"}],"isInner":false,"elType":"section"}],"page_settings":{"background_color_stop":{"unit":"%","size":"0","sizes":[]},"background_color_b_stop":{"unit":"%","size":"100","sizes":[]},"background_gradient_angle":{"unit":"deg","size":"180","sizes":[]},"background_xpos":{"unit":"px","size":"0","sizes":[]},"background_xpos_tablet":{"unit":"px","size":"0","sizes":[]},"background_xpos_mobile":{"unit":"px","size":"0","sizes":[]},"background_ypos":{"unit":"px","size":"0","sizes":[]},"background_ypos_tablet":{"unit":"px","size":"0","sizes":[]},"background_ypos_mobile":{"unit":"px","size":"0","sizes":[]},"background_bg_width":{"unit":"%","size":"100","sizes":[]},"background_bg_width_tablet":{"unit":"px","size":"","sizes":[]},"background_bg_width_mobile":{"unit":"px","size":"","sizes":[]},"element_pack_toolbar_typography_font_size":{"unit":"px","size":"","sizes":[]},"element_pack_toolbar_typography_font_size_tablet":{"unit":"px","size":"","sizes":[]},"element_pack_toolbar_typography_font_size_mobile":{"unit":"px","size":"","sizes":[]},"element_pack_toolbar_typography_line_height":{"unit":"em","size":"","sizes":[]},"element_pack_toolbar_typography_line_height_tablet":{"unit":"em","size":"","sizes":[]},"element_pack_toolbar_typography_line_height_mobile":{"unit":"em","size":"","sizes":[]},"element_pack_toolbar_typography_letter_spacing":{"unit":"px","size":"","sizes":[]},"element_pack_toolbar_typography_letter_spacing_tablet":{"unit":"px","size":"","sizes":[]},"element_pack_toolbar_typography_letter_spacing_mobile":{"unit":"px","size":"","sizes":[]},"element_pack_global_tooltip_width":{"unit":"px","size":"","sizes":[]},"element_pack_global_tooltip_width_tablet":{"unit":"px","size":"","sizes":[]},"element_pack_global_tooltip_width_mobile":{"unit":"px","size":"","sizes":[]},"element_pack_global_tooltip_background_color_stop":{"unit":"%","size":"0","sizes":[]},"element_pack_global_tooltip_background_color_b_stop":{"unit":"%","size":"100","sizes":[]},"element_pack_global_tooltip_background_gradient_angle":{"unit":"deg","size":"180","sizes":[]},"element_pack_global_tooltip_background_xpos":{"unit":"px","size":"0","sizes":[]},"element_pack_global_tooltip_background_xpos_tablet":{"unit":"px","size":"0","sizes":[]},"element_pack_global_tooltip_background_xpos_mobile":{"unit":"px","size":"0","sizes":[]},"element_pack_global_tooltip_background_ypos":{"unit":"px","size":"0","sizes":[]},"element_pack_global_tooltip_background_ypos_tablet":{"unit":"px","size":"0","sizes":[]},"element_pack_global_tooltip_background_ypos_mobile":{"unit":"px","size":"0","sizes":[]},"element_pack_global_tooltip_background_bg_width":{"unit":"%","size":"100","sizes":[]},"element_pack_global_tooltip_background_bg_width_tablet":{"unit":"px","size":"","sizes":[]},"element_pack_global_tooltip_background_bg_width_mobile":{"unit":"px","size":"","sizes":[]},"element_pack_global_tooltip_typography_font_size":{"unit":"px","size":"","sizes":[]},"element_pack_global_tooltip_typography_font_size_tablet":{"unit":"px","size":"","sizes":[]},"element_pack_global_tooltip_typography_font_size_mobile":{"unit":"px","size":"","sizes":[]},"element_pack_global_tooltip_typography_line_height":{"unit":"em","size":"","sizes":[]},"element_pack_global_tooltip_typography_line_height_tablet":{"unit":"em","size":"","sizes":[]},"element_pack_global_tooltip_typography_line_height_mobile":{"unit":"em","size":"","sizes":[]},"element_pack_global_tooltip_typography_letter_spacing":{"unit":"px","size":"","sizes":[]},"element_pack_global_tooltip_typography_letter_spacing_tablet":{"unit":"px","size":"","sizes":[]},"element_pack_global_tooltip_typography_letter_spacing_mobile":{"unit":"px","size":"","sizes":[]}}}