{"version":"0.4","title":"Testimonial Slider 4","type":"section","content":[{"id":"35f8fe32","settings":{"layout":"full_width"},"elements":[{"id":"6e44b2c1","settings":{"_column_size":100,"padding":{"unit":"px","top":"0","right":"0","bottom":"0","left":"0","isLinked":true}},"elements":[{"id":"298c9e1d","settings":{"layout":"full_width","structure":"20"},"elements":[{"id":"62028e3f","settings":{"_column_size":50,"_inline_size":null,"_inline_size_tablet":100,"_inline_size_mobile":100,"padding":{"unit":"px","top":"0","right":"0","bottom":"0","left":"0","isLinked":false}},"elements":[{"id":"11ec4234","settings":{"image":{"id":48063,"url":"https:\/\/bdthemes.net\/demo\/ready-pages\/ready-blocks\/wp-content\/uploads\/2019\/04\/laptop-bg.jpg"},"image_size":"full"},"elements":[],"isInner":false,"widgetType":"image","elType":"widget"}],"isInner":true,"elType":"column"},{"id":"4bbced66","settings":{"_column_size":50,"_inline_size":null,"_inline_size_tablet":100,"_inline_size_mobile":100,"content_position":"center","padding":{"unit":"px","top":"56","right":"100","bottom":"56","left":"100","isLinked":false},"padding_tablet":{"unit":"px","top":"50","right":"50","bottom":"50","left":"50","isLinked":true}},"elements":[{"id":"1766ea21","settings":{"weight":{"unit":"px","size":2},"color":"#6441a5","width":{"unit":"%","size":10},"gap":{"unit":"px","size":0},"_margin":{"unit":"px","top":"0","right":"0","bottom":"-15","left":"0","isLinked":false}},"elements":[],"isInner":false,"widgetType":"divider","elType":"widget"},{"id":"76778d1e","settings":{"title":"What People Say's ","title_color":"#6441a5","typography_typography":"custom","typography_font_family":"Work Sans"},"elements":[],"isInner":false,"widgetType":"heading","elType":"widget"},{"id":"2cb46c17","settings":{"weight":{"unit":"px","size":2},"color":"#a8e063","width":{"unit":"%","size":16},"width_mobile":{"unit":"%","size":30},"gap":{"unit":"px","size":0},"_margin":{"unit":"px","top":"-15","right":"0","bottom":"40","left":"0","isLinked":false}},"elements":[],"isInner":false,"widgetType":"divider","elType":"widget"},{"id":"7df15c35","settings":{"_skin":"bdt-thumb","text_limit":20,"quatation_color":"rgba(0,0,0,0.15)","text_color":"#cbafff","text_typography_typography":"custom","text_typography_font_family":"Bitter","title_color":"#d9c5ff","title_typography_typography":"custom","title_typography_font_family":"Work Sans","title_typography_font_weight":"500","address_color":"#cbafff","address_typography_typography":"custom","address_typography_font_family":"Work Sans","rating_color":"rgba(0,0,0,0.3)","active_rating_color":"#b187ff","testimonial_background":"#6441a5","thumb_border_border":"solid","thumb_border_width":{"unit":"px","top":"4","right":"4","bottom":"4","left":"4","isLinked":true},"thumb_border_color":"#6441a5","testimonial_padding":{"unit":"px","top":"60","right":"60","bottom":"60","left":"60","isLinked":true}},"elements":[],"isInner":false,"widgetType":"bdt-testimonial-slider","elType":"widget"}],"isInner":true,"elType":"column"}],"isInner":true,"elType":"section"}],"isInner":false,"elType":"column"}],"isInner":false,"elType":"section"}]}