{"version":"0.4","title":"Testimonial Slider 3","type":"section","content":[{"id":"ec1f790","settings":{"gap":"wider","structure":"21","background_background":"classic","background_image":{"id":48062,"url":"https:\/\/bdthemes.net\/demo\/ready-pages\/ready-blocks\/wp-content\/uploads\/2019\/04\/doctor-bg.jpg"},"background_size":"cover","background_overlay_background":"classic","background_overlay_color":"#ffffff","padding":{"unit":"px","top":"150","right":"0","bottom":"150","left":"0","isLinked":false},"padding_tablet":{"unit":"px","top":"80","right":"30","bottom":"80","left":"30","isLinked":false},"padding_mobile":{"unit":"px","top":"50","right":"15","bottom":"50","left":"15","isLinked":false}},"elements":[{"id":"1f53e3fb","settings":{"_column_size":33,"_inline_size":null,"_inline_size_tablet":100,"_inline_size_mobile":100,"content_position":"center","background_background":"classic","background_color":"#ffffff","border_radius":{"unit":"px","top":"10","right":"10","bottom":"10","left":"10","isLinked":true},"box_shadow_box_shadow_type":"yes","box_shadow_box_shadow":{"horizontal":0,"vertical":10,"blur":30,"spread":0,"color":"rgba(0,0,0,0.05)"},"padding":{"unit":"px","top":"50","right":"50","bottom":"25","left":"50","isLinked":false}},"elements":[{"id":"53ca45e1","settings":{"title":"Client Testimonials","title_color":"#5433ff","typography_typography":"custom","typography_font_family":"Halant"},"elements":[],"isInner":false,"widgetType":"heading","elType":"widget"},{"id":"e3d30b6","settings":{"weight":{"unit":"px","size":2},"color":"#f12711","width":{"unit":"%","size":40},"gap":{"unit":"px","size":0},"_margin":{"unit":"px","top":"-10","right":"0","bottom":"0","left":"0","isLinked":false}},"elements":[],"isInner":false,"widgetType":"divider","elType":"widget"},{"id":"aadb10d","settings":{"weight":{"unit":"px","size":2},"color":"#5433ff","width":{"unit":"%","size":25},"gap":{"unit":"px","size":0},"_margin":{"unit":"px","top":"-10","right":"0","bottom":"0","left":"0","isLinked":false}},"elements":[],"isInner":false,"widgetType":"divider","elType":"widget"},{"id":"79af66b","settings":{"editor":"<p>A wonderful serenity has taken possession of my entire soul, like these sweet mornings of spring which I enjoy with my whole heart. I am alone, and feel the charm of existence in this spot, which was created for the bliss of souls like mine.\u00a0<\/p><p>\u00a0I am so happy, my dear friend, so absorbed in the exquisite sense of mere tranquil existence, that I neglect my talents. I should be incapable of drawing\u00a0<\/p>","typography_typography":"custom","typography_font_family":"Nunito Sans"},"elements":[],"isInner":false,"widgetType":"text-editor","elType":"widget"}],"isInner":false,"elType":"column"},{"id":"67074916","settings":{"_column_size":66,"_inline_size":null,"_inline_size_tablet":100,"_inline_size_mobile":100,"content_position":"center","padding_tablet":{"unit":"px","top":"30","right":"0","bottom":"0","left":"0","isLinked":false}},"elements":[{"id":"1f58535f","settings":{"_skin":"bdt-thumb","text_typography_typography":"custom","text_typography_font_family":"Nunito Sans","title_typography_typography":"custom","title_typography_font_family":"Halant","address_typography_typography":"custom","address_typography_font_family":"Halant","active_rating_color":"#5433ff","testimonial_shadow_box_shadow_type":"yes","testimonial_shadow_box_shadow":{"horizontal":0,"vertical":10,"blur":20,"spread":0,"color":"rgba(0,0,0,0.05)"},"testimonial_border_radius":{"unit":"px","top":"10","right":"10","bottom":"10","left":"10","isLinked":true},"thumb_border_radius":{"unit":"px","top":"10","right":"10","bottom":"10","left":"10","isLinked":true},"testimonial_padding":{"unit":"px","top":"60","right":"60","bottom":"60","left":"60","isLinked":true}},"elements":[],"isInner":false,"widgetType":"bdt-testimonial-slider","elType":"widget"}],"isInner":false,"elType":"column"}],"isInner":false,"elType":"section"}]}