{"version":"0.4","title":"Testimonial Slider 2","type":"section","content":[{"id":"5f9b00e4","settings":{"background_background":"classic","background_image":{"id":48061,"url":"https:\/\/bdthemes.net\/demo\/ready-pages\/ready-blocks\/wp-content\/uploads\/2019\/04\/bg-1-1.jpg"},"background_attachment":"fixed","background_size":"cover","background_overlay_background":"classic","background_overlay_color":"rgba(0,0,0,0.5)","padding":{"unit":"px","top":"100","right":"0","bottom":"100","left":"0","isLinked":false},"padding_tablet":{"unit":"px","top":"80","right":"30","bottom":"80","left":"30","isLinked":false}},"elements":[{"id":"5b3d46a","settings":{"_column_size":100,"padding":{"unit":"px","top":"0","right":"0","bottom":"0","left":"0","isLinked":true},"_inline_size_tablet":100,"_inline_size_mobile":100},"elements":[{"id":"646674e3","settings":{"structure":"22"},"elements":[{"id":"58573543","settings":{"_column_size":66,"_inline_size":null,"border_border":"solid","border_width":{"unit":"px","top":"10","right":"10","bottom":"10","left":"10","isLinked":true},"border_color":"rgba(255,255,255,0.4)","padding":{"unit":"px","top":"20","right":"245","bottom":"20","left":"45","isLinked":false},"_inline_size_tablet":100,"_inline_size_mobile":100,"padding_mobile":{"unit":"px","top":"15","right":"15","bottom":"15","left":"15","isLinked":true},"background_background":"classic"},"elements":[{"id":"3efd18f1","settings":{"columns":"1","columns_tablet":"1","navigation":"none","arrows_position":"bottom-left","source":"by_name","post_categories":["products","support"],"arrows_background":"#ffffff","arrows_color":"#000000","arrows_ncy_position":{"unit":"px","size":41},"autoplay":"yes","image_border_border":"solid","image_border_width":{"unit":"px","top":"3","right":"3","bottom":"3","left":"3","isLinked":true},"image_border_color":"#5d537b","image_border_radius":{"unit":"px","top":"0","right":"0","bottom":"0","left":"0","isLinked":true},"title_color":"#ffffff","title_typography_typography":"custom","title_typography_font_family":"Dosis","address_color":"rgba(255,255,255,0.8)","address_typography_typography":"custom","address_typography_font_family":"Dosis","bdt_vyxo_text_background_color_background":"classic","bdt_vyxo_text_background_color_color":"rgba(255,255,255,0)","text_typography_typography":"custom","text_typography_font_family":"Dosis","active_rating_color":"#ffffff","dots_color":"#ffffff","active_dot_color":"#ffffff","show_image":"","item_background":"rgba(0,0,0,0)","item_shadow_box_shadow_type":"yes","item_shadow_box_shadow":{"horizontal":0,"vertical":0,"blur":0,"spread":0,"color":"rgba(0,0,0,0.5)"},"item_gap":{"unit":"px","size":0},"text_color":"rgba(255,255,255,0.75)","text_top_border_color":"rgba(255,255,255,0.3)","rating_color":"rgba(255,255,255,0.2)","dots_nny_position":{"unit":"px","size":10}},"elements":[],"isInner":false,"widgetType":"bdt-testimonial-carousel","elType":"widget"}],"isInner":true,"elType":"column"},{"id":"81d990a","settings":{"_column_size":33,"_inline_size":null,"_inline_size_tablet":100,"content_position":"center","margin_tablet":{"unit":"px","top":"-61","right":"0","bottom":"0","left":"0","isLinked":false},"padding_tablet":{"unit":"px","top":"0","right":"0","bottom":"0","left":"0","isLinked":false}},"elements":[],"isInner":true,"elType":"column"}],"isInner":true,"elType":"section"},{"id":"784704ed","settings":{"structure":"20"},"elements":[{"id":"388ef087","settings":{"_column_size":50,"_inline_size":null,"_inline_size_tablet":100,"content_position":"center","margin_tablet":{"unit":"px","top":"-61","right":"0","bottom":"0","left":"0","isLinked":false},"padding_tablet":{"unit":"px","top":"0","right":"0","bottom":"0","left":"0","isLinked":false}},"elements":[],"isInner":true,"elType":"column"},{"id":"17402106","settings":{"_column_size":50,"_inline_size":null},"elements":[{"id":"7bebaf9b","settings":{"youtube_url":"https:\/\/youtu.be\/UalTfOIDQ7M","vimeo_url":"https:\/\/vimeo.com\/235215203","dailymotion_url":"https:\/\/www.dailymotion.com\/video\/x6koazf","_margin":{"unit":"px","top":"-320","right":"0","bottom":"0","left":"-30","isLinked":false},"_margin_tablet":{"unit":"px","top":"0","right":"0","bottom":"0","left":"0","isLinked":false},"_z_index":100,"image_overlay":{"id":"47708","url":"https:\/\/bdthemes.net\/demo\/ready-pages\/ready-blocks\/wp-content\/uploads\/2019\/04\/placeholder-3.png"}},"elements":[],"isInner":false,"widgetType":"video","elType":"widget"}],"isInner":true,"elType":"column"}],"isInner":true,"elType":"section"}],"isInner":false,"elType":"column"}],"isInner":false,"elType":"section"}]}