{"version":"0.4","title":"login-features-blocks-6","type":"section","content":[{"id":"3801cd","settings":{"layout":"full_width","height":"min-height","custom_height":{"unit":"px","size":925,"sizes":[]},"column_position":"stretch","structure":"21","padding_tablet":{"unit":"px","top":"0","right":"0","bottom":"0","left":"0","isLinked":false}},"elements":[{"id":"b50a3e6","settings":{"_column_size":33,"_inline_size":45.00699999999999789679350215010344982147216796875,"_inline_size_tablet":100,"_inline_size_mobile":100,"padding":{"unit":"px","top":"0","right":"0","bottom":"0","left":"0","isLinked":true},"content_position":"center","background_background":"classic","background_color":"#0093ff"},"elements":[{"id":"5d11ad7e","settings":{"content_width":{"unit":"px","size":350,"sizes":[]},"padding_tablet":{"unit":"px","top":"80","right":"0","bottom":"80","left":"0","isLinked":false},"padding_mobile":{"unit":"px","top":"50","right":"50","bottom":"50","left":"50","isLinked":false}},"elements":[{"id":"2746fa2c","settings":{"_column_size":100,"_inline_size":null,"padding":{"unit":"px","top":"0","right":"0","bottom":"0","left":"0","isLinked":true}},"elements":[{"id":"3c90eda6","settings":{"image":{"url":"https:\/\/bdthemes.net\/demo\/ready-pages\/ready-blocks\/wp-content\/uploads\/2019\/04\/logo-1-1.png","id":48370},"align":"left","_margin":{"unit":"px","top":"0","right":"0","bottom":"60","left":"0","isLinked":false}},"elements":[],"isInner":false,"widgetType":"image","elType":"widget"},{"id":"3902873d","settings":{"title":"Get more things done with Loggin platform.","title_color":"#ffffff"},"elements":[],"isInner":false,"widgetType":"heading","elType":"widget"},{"id":"1bed4b0c","settings":{"editor":"<p>Access to the most powerfull tool in the entire design and web industry.<\/p><p>Nam libero tempore, cum soluta nobis est eligendi optio cumque nihil impedit quo minus id quod maxime placeat facere possimus, omnis voluptas assumenda est, omnis dolor repellendus.<\/p>","text_color":"#ffffff"},"elements":[],"isInner":false,"widgetType":"text-editor","elType":"widget"}],"isInner":true,"elType":"column"}],"isInner":true,"elType":"section"}],"isInner":false,"elType":"column"},{"id":"7fb80e1d","settings":{"_column_size":66,"_inline_size":54.99199999999999732835931354202330112457275390625,"_inline_size_tablet":100,"_inline_size_mobile":100,"content_position":"center","background_background":"classic","background_color":"#ffffff","padding_tablet":{"unit":"px","top":"80","right":"0","bottom":"80","left":"0","isLinked":false},"padding_mobile":{"unit":"px","top":"40","right":"40","bottom":"40","left":"40","isLinked":true}},"elements":[{"id":"2670330","settings":{"content_width":{"unit":"px","size":350,"sizes":[]}},"elements":[{"id":"28a609d1","settings":{"_column_size":100,"_inline_size":null,"padding":{"unit":"px","top":"0","right":"0","bottom":"0","left":"0","isLinked":true}},"elements":[{"id":"c695775","settings":{"button_text":"Log In","bdt_dropdown_dropdown_button_text":"Log In","bdt_modal_modal_button_text":"Log In","user_label":"Username or Email","user_placeholder":"Username or Email","password_label":"Password","password_placeholder":"Password","links_color":"#ffffff","links_hover_color":"#ffffff","label_color":"#000000","field_text_color":"#ffffff","field_placeholder_color":"rgba(255,255,255,0.5)","field_background_color":"#0093ff","field_border_radius":{"unit":"px","top":"0","right":"0","bottom":"0","left":"0","isLinked":true},"button_typography_typography":"custom","button_typography_font_size":{"unit":"px","size":15},"button_background_color":"#0093ff","button_border_radius":{"unit":"px","top":"0","right":"0","bottom":"0","left":"0","isLinked":true},"button_hover_color":"#ffffff","button_background_hover_color":"#59b9ff","custom_navs":[{"custom_nav_title":"Billing","icon":"fa fa-usd","custom_nav_link":{"url":"#","is_external":"","nofollow":""},"_id":"e634c85"},{"custom_nav_title":"Settings","icon":"fa fa-cog","custom_nav_link":{"url":"#","is_external":"","nofollow":""},"_id":"ca570e3"},{"custom_nav_title":"Support","icon":"fa fa-life-ring","custom_nav_link":{"url":"#","is_external":"","nofollow":""},"_id":"a7c4851"}],"show_remember_me":"","show_logged_in_message":"","logged_in_custom_message":"Hey,","button_text_color":"#ffffff","field_padding":{"unit":"px","top":"10","right":"10","bottom":"10","left":"10","isLinked":true},"button_text_padding":{"unit":"px","top":"15","right":"35","bottom":"15","left":"35","isLinked":false},"field_border_border":"solid","field_border_width":{"unit":"px","top":"1","right":"1","bottom":"1","left":"1","isLinked":true},"field_border_color":"rgba(0,0,0,0)","field_hover_border_color":"#000000"},"elements":[],"isInner":false,"widgetType":"bdt-user-login","elType":"widget"},{"id":"4e898fb4","settings":{"share_buttons":[{"button":"facebook","_id":"d86ec30","text":""},{"button":"googleplus","_id":"383e7fc","text":""},{"button":"twitter","_id":"4a4bc35","text":""},{"button":"pinterest","_id":"a8bcdfb","text":""}],"view":"icon","columns":"4"},"elements":[],"isInner":false,"widgetType":"bdt-social-share","elType":"widget"}],"isInner":true,"elType":"column"}],"isInner":true,"elType":"section"}],"isInner":false,"elType":"column"}],"isInner":false,"elType":"section"}]}