{"version":"0.4","title":"login-features-blocks-4","type":"section","content":[{"id":"93390d9","settings":{"layout":"full_width","height":"min-height","custom_height":{"unit":"px","size":925,"sizes":[]},"column_position":"stretch","structure":"21"},"elements":[{"id":"436dbb21","settings":{"_column_size":33,"_inline_size":45.00699999999999789679350215010344982147216796875,"_inline_size_tablet":100,"_inline_size_mobile":100,"padding":{"unit":"px","top":"0","right":"0","bottom":"0","left":"0","isLinked":true}},"elements":[{"id":"6288ebe0","settings":{"image":{"url":"https:\/\/bdthemes.net\/demo\/ready-pages\/ready-blocks\/wp-content\/uploads\/2019\/05\/login-features5.jpg","id":51360},"image_size":"full"},"elements":[],"isInner":false,"widgetType":"image","elType":"widget"}],"isInner":false,"elType":"column"},{"id":"53c3e60c","settings":{"_column_size":66,"_inline_size":54.99199999999999732835931354202330112457275390625,"_inline_size_tablet":100,"_inline_size_mobile":100,"content_position":"center","background_background":"classic","background_color":"#e0e0e0","padding_tablet":{"unit":"px","top":"80","right":"0","bottom":"80","left":"0","isLinked":false},"padding_mobile":{"unit":"px","top":"40","right":"40","bottom":"40","left":"40","isLinked":true}},"elements":[{"id":"4e51553b","settings":{"content_width":{"unit":"px","size":350,"sizes":[]}},"elements":[{"id":"239a2487","settings":{"_column_size":100,"_inline_size":null,"padding":{"unit":"px","top":"0","right":"0","bottom":"0","left":"0","isLinked":true}},"elements":[{"id":"358d26fb","settings":{"title":"A design for a sign-up\/login form using","header_size":"h3","title_color":"#000000","typography_typography":"custom","typography_line_height":{"unit":"em","size":1.399999999999999911182158029987476766109466552734375,"sizes":[]}},"elements":[],"isInner":false,"widgetType":"heading","elType":"widget"},{"id":"ff0e125","settings":{"button_text":"Log In","bdt_dropdown_dropdown_button_text":"Log In","bdt_modal_modal_button_text":"Log In","user_label":"Username or Email","user_placeholder":"Username or Email","password_label":"Password","password_placeholder":"Password","links_color":"#000000","links_hover_color":"#4054b2","label_color":"#ffffff","field_text_color":"#ffffff","field_placeholder_color":"rgba(255,255,255,0.5)","field_background_color":"#56c3fe","field_border_radius":{"unit":"px","top":"100","right":"100","bottom":"100","left":"100","isLinked":true},"button_typography_typography":"custom","button_typography_font_size":{"unit":"px","size":15},"button_background_color":"#56c3fe","button_border_radius":{"unit":"px","top":"100","right":"100","bottom":"100","left":"100","isLinked":true},"button_hover_color":"#ffffff","button_background_hover_color":"#4db0e9","custom_navs":[{"custom_nav_title":"Billing","icon":"fa fa-usd","custom_nav_link":{"url":"#","is_external":"","nofollow":""},"_id":"e634c85"},{"custom_nav_title":"Settings","icon":"fa fa-cog","custom_nav_link":{"url":"#","is_external":"","nofollow":""},"_id":"ca570e3"},{"custom_nav_title":"Support","icon":"fa fa-life-ring","custom_nav_link":{"url":"#","is_external":"","nofollow":""},"_id":"a7c4851"}],"show_remember_me":"","show_logged_in_message":"","logged_in_custom_message":"Hey,","button_text_color":"#ffffff","show_labels":"","field_border_border":"solid","field_border_width":{"unit":"px","top":"2","right":"2","bottom":"2","left":"2","isLinked":true},"field_border_color":"#56c3fe","button_border_border":"solid","button_border_width":{"unit":"px","top":"2","right":"2","bottom":"2","left":"2","isLinked":true},"button_border_color":"#56c3fe","button_hover_border_color":"rgba(59,95,123,0)","button_hover_animation":"pop","field_padding":{"unit":"px","top":"10","right":"10","bottom":"10","left":"20","isLinked":false},"button_text_padding":{"unit":"px","top":"15","right":"35","bottom":"15","left":"35","isLinked":false}},"elements":[],"isInner":false,"widgetType":"bdt-user-login","elType":"widget"},{"id":"4c2f1277","settings":{"share_buttons":[{"button":"facebook","_id":"8550523","text":""},{"button":"googleplus","_id":"a841c19","text":""},{"button":"twitter","_id":"cbeadbc","text":""},{"button":"pinterest","_id":"6e6cc61","text":""}],"view":"icon","shape":"circle","_margin":{"unit":"px","top":"25","right":"0","bottom":"0","left":"0","isLinked":false}},"elements":[],"isInner":false,"widgetType":"bdt-social-share","elType":"widget"}],"isInner":true,"elType":"column"}],"isInner":true,"elType":"section"}],"isInner":false,"elType":"column"}],"isInner":false,"elType":"section"}]}