{"version":"0.4","title":"login-features-blocks-5","type":"section","content":[{"id":"7aeffa6","settings":{"layout":"full_width","height":"min-height","custom_height":{"unit":"px","size":925,"sizes":[]},"column_position":"stretch","custom_height_tablet":{"unit":"px","size":510,"sizes":[]},"background_background":"classic","background_color":"#9683fa","padding_tablet":{"unit":"px","top":"0","right":"0","bottom":"0","left":"0","isLinked":false}},"elements":[{"id":"4e9b44","settings":{"_column_size":100,"_inline_size":null,"_inline_size_tablet":100,"_inline_size_mobile":100,"content_position":"center","background_background":"classic","padding_tablet":{"unit":"px","top":"80","right":"0","bottom":"80","left":"0","isLinked":false},"padding_mobile":{"unit":"px","top":"40","right":"40","bottom":"40","left":"40","isLinked":true}},"elements":[{"id":"7ed6ad28","settings":{"content_width":{"unit":"px","size":350,"sizes":[]}},"elements":[{"id":"655867a0","settings":{"_column_size":100,"_inline_size":null,"padding":{"unit":"px","top":"0","right":"0","bottom":"0","left":"0","isLinked":true}},"elements":[{"id":"739da733","settings":{"title":"A design for a sign-up\/login form using","title_color":"#ffffff","typography_typography":"custom","typography_line_height":{"unit":"em","size":1.399999999999999911182158029987476766109466552734375,"sizes":[]},"align":"center","typography_font_size":{"unit":"px","size":39,"sizes":[]}},"elements":[],"isInner":false,"widgetType":"heading","elType":"widget"},{"id":"34e513c8","settings":{"editor":"<p>Access to the most powerfull tool in the entire design and web industry.<\/p>","text_color":"#ffffff","align":"center"},"elements":[],"isInner":false,"widgetType":"text-editor","elType":"widget"},{"id":"4f7e95af","settings":{"button_text":"Log In","bdt_dropdown_dropdown_button_text":"Log In","bdt_modal_modal_button_text":"Log In","user_label":"Username or Email","user_placeholder":"Username or Email","password_label":"Password","password_placeholder":"Password","label_color":"#ffffff","field_text_color":"#ffffff","field_placeholder_color":"rgba(255,255,255,0.5)","field_background_color":"#7a69ce","field_border_radius":{"unit":"px","top":"100","right":"100","bottom":"100","left":"100","isLinked":true},"button_typography_typography":"custom","button_typography_font_size":{"unit":"px","size":15},"button_background_color":"#7a69ce","button_border_radius":{"unit":"px","top":"100","right":"100","bottom":"100","left":"100","isLinked":true},"button_hover_color":"#ffffff","button_background_hover_color":"#7a69ce","custom_navs":[{"custom_nav_title":"Billing","icon":"fa fa-usd","custom_nav_link":{"url":"#","is_external":"","nofollow":""},"_id":"e634c85"},{"custom_nav_title":"Settings","icon":"fa fa-cog","custom_nav_link":{"url":"#","is_external":"","nofollow":""},"_id":"ca570e3"},{"custom_nav_title":"Support","icon":"fa fa-life-ring","custom_nav_link":{"url":"#","is_external":"","nofollow":""},"_id":"a7c4851"}],"show_remember_me":"","show_logged_in_message":"","logged_in_custom_message":"Hey,","button_text_color":"#ffffff","show_labels":"","field_border_border":"solid","field_border_width":{"unit":"px","top":"2","right":"2","bottom":"2","left":"2","isLinked":true},"field_border_color":"#7a69ce","button_border_border":"solid","button_border_width":{"unit":"px","top":"2","right":"2","bottom":"2","left":"2","isLinked":true},"button_border_color":"#7a69ce","button_hover_border_color":"rgba(59,95,123,0)","button_hover_animation":"pop","field_padding":{"unit":"px","top":"10","right":"10","bottom":"10","left":"20","isLinked":false},"button_text_padding":{"unit":"px","top":"15","right":"35","bottom":"15","left":"35","isLinked":false},"align":"center","show_lost_password":"","show_register":"","field_hover_border_color":"#61ce70"},"elements":[],"isInner":false,"widgetType":"bdt-user-login","elType":"widget"},{"id":"4f338fa9","settings":{"share_buttons":[{"button":"facebook","_id":"8550523","text":""},{"button":"googleplus","_id":"a841c19","text":""},{"button":"twitter","_id":"cbeadbc","text":""},{"button":"pinterest","_id":"6e6cc61","text":""}],"view":"icon","shape":"circle","_margin":{"unit":"px","top":"25","right":"0","bottom":"0","left":"0","isLinked":false},"alignment":"center"},"elements":[],"isInner":false,"widgetType":"bdt-social-share","elType":"widget"}],"isInner":true,"elType":"column"}],"isInner":true,"elType":"section"}],"isInner":false,"elType":"column"}],"isInner":false,"elType":"section"}]}