{"version":"0.4","title":"login-features-blocks-8","type":"section","content":[{"id":"6605efe1","settings":{"layout":"full_width","height":"min-height","custom_height":{"unit":"px","size":925,"sizes":[]},"column_position":"stretch","custom_height_tablet":{"unit":"px","size":510,"sizes":[]},"background_background":"classic","padding_tablet":{"unit":"px","top":"0","right":"0","bottom":"0","left":"0","isLinked":false},"background_image":{"url":"https:\/\/bdthemes.net\/demo\/ready-pages\/ready-blocks\/wp-content\/uploads\/2019\/05\/login-features7.jpg","id":51415},"background_position":"center center","background_size":"cover","padding_mobile":{"unit":"px","top":"50","right":"30","bottom":"50","left":"30","isLinked":false}},"elements":[{"id":"a43da9d","settings":{"_column_size":100,"_inline_size":null,"_inline_size_tablet":100,"_inline_size_mobile":100,"content_position":"center","background_background":"classic","padding_tablet":{"unit":"px","top":"80","right":"30","bottom":"80","left":"30","isLinked":false},"padding_mobile":{"unit":"px","top":"0","right":"0","bottom":"0","left":"0","isLinked":true}},"elements":[{"id":"26929b8e","settings":{"content_width":{"unit":"px","size":960,"sizes":[]},"structure":"33"},"elements":[{"id":"786334c0","settings":{"_column_size":25,"_inline_size":null,"_inline_size_tablet":20},"elements":[],"isInner":true,"elType":"column"},{"id":"26b410e6","settings":{"_column_size":50,"_inline_size":null,"padding":{"unit":"px","top":"80","right":"80","bottom":"80","left":"80","isLinked":true},"_inline_size_tablet":60,"background_background":"classic","background_color":"rgba(255,255,255,0.6)","border_radius":{"unit":"px","top":"50","right":"50","bottom":"50","left":"50","isLinked":true},"_inline_size_mobile":100,"padding_tablet":{"unit":"px","top":"50","right":"50","bottom":"50","left":"50","isLinked":true},"padding_mobile":{"unit":"px","top":"30","right":"30","bottom":"30","left":"30","isLinked":true}},"elements":[{"id":"68ca4d1e","settings":{"title":"A design for a sign-up\/login form using","title_color":"#000000","typography_typography":"custom","typography_line_height":{"unit":"em","size":1.399999999999999911182158029987476766109466552734375,"sizes":[]},"align":"center","typography_font_size":{"unit":"px","size":25,"sizes":[]}},"elements":[],"isInner":false,"widgetType":"heading","elType":"widget"},{"id":"18944bc1","settings":{"button_text":"Log In","bdt_dropdown_dropdown_button_text":"Log In","bdt_modal_modal_button_text":"Log In","user_label":"Username or Email","user_placeholder":"Username or Email","password_label":"Password","password_placeholder":"Password","label_color":"#ffffff","field_text_color":"#ffffff","field_placeholder_color":"rgba(255,255,255,0.5)","field_background_color":"#f88661","field_border_radius":{"unit":"px","top":"100","right":"100","bottom":"100","left":"100","isLinked":true},"button_typography_typography":"custom","button_typography_font_size":{"unit":"px","size":15},"button_background_color":"#f88661","button_border_radius":{"unit":"px","top":"100","right":"100","bottom":"100","left":"100","isLinked":true},"button_hover_color":"#ffffff","button_background_hover_color":"#f34d7b","custom_navs":[{"custom_nav_title":"Billing","icon":"fa fa-usd","custom_nav_link":{"url":"#","is_external":"","nofollow":""},"_id":"e634c85"},{"custom_nav_title":"Settings","icon":"fa fa-cog","custom_nav_link":{"url":"#","is_external":"","nofollow":""},"_id":"ca570e3"},{"custom_nav_title":"Support","icon":"fa fa-life-ring","custom_nav_link":{"url":"#","is_external":"","nofollow":""},"_id":"a7c4851"}],"show_remember_me":"","show_logged_in_message":"","logged_in_custom_message":"Hey,","button_text_color":"#ffffff","show_labels":"","field_border_border":"solid","field_border_width":{"unit":"px","top":"2","right":"2","bottom":"2","left":"2","isLinked":true},"field_border_color":"#f88661","button_border_border":"solid","button_border_width":{"unit":"px","top":"2","right":"2","bottom":"2","left":"2","isLinked":true},"button_border_color":"#f88661","button_hover_border_color":"#f34d7b","button_hover_animation":"push","field_padding":{"unit":"px","top":"10","right":"10","bottom":"10","left":"20","isLinked":false},"button_text_padding":{"unit":"px","top":"15","right":"35","bottom":"15","left":"35","isLinked":false},"align":"center","show_lost_password":"","show_register":"","field_hover_border_color":"#ffffff"},"elements":[],"isInner":false,"widgetType":"bdt-user-login","elType":"widget"},{"id":"29f9b2d4","settings":{"share_buttons":[{"button":"facebook","_id":"8550523","text":""},{"button":"googleplus","_id":"a841c19","text":""},{"button":"twitter","_id":"cbeadbc","text":""},{"button":"pinterest","_id":"6e6cc61","text":""}],"view":"icon","shape":"circle","_margin":{"unit":"px","top":"25","right":"0","bottom":"0","left":"0","isLinked":false},"alignment":"center"},"elements":[],"isInner":false,"widgetType":"bdt-social-share","elType":"widget"}],"isInner":true,"elType":"column"},{"id":"552917e8","settings":{"_column_size":25,"_inline_size":null,"_inline_size_tablet":20},"elements":[],"isInner":true,"elType":"column"}],"isInner":true,"elType":"section"}],"isInner":false,"elType":"column"}],"isInner":false,"elType":"section"}]}