{"version":"0.4","title":"Thumb Gallery 2","type":"section","content":[{"id":"28598aef","settings":{"background_background":"classic","padding_tablet":{"unit":"px","top":"30","right":"30","bottom":"30","left":"30","isLinked":true},"padding_mobile":{"unit":"px","top":"20","right":"20","bottom":"20","left":"20","isLinked":true},"sticky":"","sticky_on":["desktop","tablet","mobile"],"sticky_offset":0,"sticky_effects_offset":0,"custom_css":"","content_width":{"unit":"px","size":1600},"background_color":"rgba(243,218,42,0.82)","padding":{"unit":"px","top":"120","right":"0","bottom":"120","left":"0","isLinked":false}},"elements":[{"id":"75a3f47d","settings":{"_column_size":100,"padding":{"unit":"px","top":"0","right":"0","bottom":"0","left":"0","isLinked":true},"custom_css":""},"elements":[{"id":"5acc960b","settings":{"button_text":"Read More","slider_height_tablet":{"unit":"px","size":500},"thumbnav_width_mobile":{"unit":"px","size":50},"thumbnav_height_mobile":{"unit":"px","size":30},"icon":"fa fa-angle-right","button_color":"#ffffff","button_background":"#23306b","button_padding":{"unit":"px","top":"8","right":"25","bottom":"8","left":"25","isLinked":false},"border_radius":{"unit":"px","top":"2","right":"2","bottom":"2","left":"2","isLinked":true},"button_hover_background":"#1b2a6b","thumbnav_width_tablet":{"unit":"px","size":100},"thumbnav_height_tablet":{"unit":"px","size":50},"content_background":"rgba(243,218,42,0.82)","content_padding":{"unit":"px","top":"85","right":"85","bottom":"85","left":"85","isLinked":true},"title_color":"#000000","text_color":"rgba(0,0,0,0.86)","button_space":{"unit":"px","size":15},"bdt_custom_gallery":[{"image_title":"The Garden Maker","image_text":"A wonderful serenity has taken possession of my entire soul, like these sweet mornings of spring which I enjoy with.","_id":"6a027ba","gallery_image":{"id":48072,"url":"https:\/\/bdthemes.net\/demo\/ready-pages\/ready-blocks\/wp-content\/uploads\/2019\/04\/background-01.jpg"}},{"image_title":"Women Gardener","image_text":"A wonderful serenity has taken possession of my entire soul, like these sweet mornings of spring which I enjoy with.","_id":"29f8d57","gallery_image":{"id":48073,"url":"https:\/\/bdthemes.net\/demo\/ready-pages\/ready-blocks\/wp-content\/uploads\/2019\/04\/background-02.jpg"}},{"image_title":"Tree Plantationar ","image_text":"A wonderful serenity has taken possession of my entire soul, like these sweet mornings of spring which I enjoy with.","_id":"000412e","gallery_image":{"id":48074,"url":"https:\/\/bdthemes.net\/demo\/ready-pages\/ready-blocks\/wp-content\/uploads\/2019\/04\/background-03.jpg"}}],"show_button":"","content_transition":"slide-left","title_tag":"h4","navigation":"arrows-thumbnavs","text_space":{"unit":"px","size":0},"slider_animations":"push","kenburns_animation":"yes","element_pack_widget_tooltip_text":"This is Tooltip","posts_download_category_ids":"","posts_download_tag_ids":"","posts_tribe_events_cat_ids":"","title_typography_line_height_tablet":{"unit":"em","size":""},"title_typography_line_height_mobile":{"unit":"em","size":""},"text_typography_line_height_tablet":{"unit":"em","size":""},"text_typography_line_height_mobile":{"unit":"em","size":""},"button_typography_line_height_tablet":{"unit":"em","size":""},"button_typography_line_height_mobile":{"unit":"em","size":""},"element_pack_widget_tooltip":"","element_pack_widget_tooltip_placement":"top","element_pack_widget_tooltip_animation":"shift-toward","element_pack_widget_tooltip_x_offset":0,"element_pack_widget_tooltip_y_offset":0,"element_pack_widget_tooltip_arrow":"","element_pack_widget_tooltip_width":{"unit":"px","size":""},"element_pack_widget_tooltip_width_tablet":{"unit":"px","size":""},"element_pack_widget_tooltip_width_mobile":{"unit":"px","size":""},"element_pack_widget_tooltip_color":"","element_pack_widget_tooltip_background_background":"","element_pack_widget_tooltip_background_color":"","element_pack_widget_tooltip_background_color_stop":{"unit":"%","size":0},"element_pack_widget_tooltip_background_color_b":"#f2295b","element_pack_widget_tooltip_background_color_b_stop":{"unit":"%","size":100},"element_pack_widget_tooltip_background_gradient_type":"linear","element_pack_widget_tooltip_background_gradient_angle":{"unit":"deg","size":180},"element_pack_widget_tooltip_background_gradient_position":"center center","element_pack_widget_tooltip_background_image":{"url":"","id":""},"element_pack_widget_tooltip_background_position":"","element_pack_widget_tooltip_background_attachment":"","element_pack_widget_tooltip_background_repeat":"","element_pack_widget_tooltip_background_size":"","element_pack_widget_tooltip_background_video_link":"","element_pack_widget_tooltip_background_video_start":"","element_pack_widget_tooltip_background_video_end":"","element_pack_widget_tooltip_background_video_fallback":{"url":"","id":""},"element_pack_widget_tooltip_arrow_color":"","element_pack_widget_tooltip_padding":{"unit":"px","top":"","right":"","bottom":"","left":"","isLinked":true},"element_pack_widget_tooltip_padding_tablet":{"unit":"px","top":"","right":"","bottom":"","left":"","isLinked":true},"element_pack_widget_tooltip_padding_mobile":{"unit":"px","top":"","right":"","bottom":"","left":"","isLinked":true},"element_pack_widget_tooltip_border_border":"","element_pack_widget_tooltip_border_width":{"unit":"px","top":"","right":"","bottom":"","left":"","isLinked":true},"element_pack_widget_tooltip_border_color":"","element_pack_widget_tooltip_border_radius":{"unit":"px","top":"","right":"","bottom":"","left":"","isLinked":true},"element_pack_widget_tooltip_border_radius_tablet":{"unit":"px","top":"","right":"","bottom":"","left":"","isLinked":true},"element_pack_widget_tooltip_border_radius_mobile":{"unit":"px","top":"","right":"","bottom":"","left":"","isLinked":true},"element_pack_widget_tooltip_text_align":"center","element_pack_widget_tooltip_box_shadow_box_shadow_type":"","element_pack_widget_tooltip_box_shadow_box_shadow":{"horizontal":0,"vertical":0,"blur":10,"spread":0,"color":"rgba(0,0,0,0.5)"},"element_pack_widget_tooltip_box_shadow_box_shadow_position":" ","element_pack_widget_tooltip_typography_typography":"","element_pack_widget_tooltip_typography_font_family":"","element_pack_widget_tooltip_typography_font_size":{"unit":"px","size":""},"element_pack_widget_tooltip_typography_font_size_tablet":{"unit":"px","size":""},"element_pack_widget_tooltip_typography_font_size_mobile":{"unit":"px","size":""},"element_pack_widget_tooltip_typography_font_weight":"","element_pack_widget_tooltip_typography_text_transform":"","element_pack_widget_tooltip_typography_font_style":"","element_pack_widget_tooltip_typography_text_decoration":"","element_pack_widget_tooltip_typography_line_height":{"unit":"em","size":""},"element_pack_widget_tooltip_typography_line_height_tablet":{"unit":"em","size":""},"element_pack_widget_tooltip_typography_line_height_mobile":{"unit":"em","size":""},"element_pack_widget_tooltip_typography_letter_spacing":{"unit":"px","size":""},"element_pack_widget_tooltip_typography_letter_spacing_tablet":{"unit":"px","size":""},"element_pack_widget_tooltip_typography_letter_spacing_mobile":{"unit":"px","size":""},"sticky":"","sticky_on":["desktop","tablet","mobile"],"sticky_offset":0,"sticky_effects_offset":0,"sticky_parent":"","custom_css":"","_skin":"bdt-custom","slider_size_ratio":{"width":"1920","height":"850"},"slider_min_height":{"unit":"px","size":400},"content_padding_tablet":{"unit":"px","top":"50","right":"50","bottom":"50","left":"50","isLinked":true},"content_padding_mobile":{"unit":"px","top":"45","right":"20","bottom":"45","left":"20","isLinked":false},"title_typography_typography":"custom","title_typography_font_size":{"unit":"px","size":45},"title_typography_font_size_mobile":{"unit":"px","size":32},"text_typography_typography":"custom","text_typography_font_weight":"500","arrows_background":"rgba(243,218,42,0.82)","arrows_hover_background":"#f3da2a","arrows_color":"#000000","arrows_acx_position":{"unit":"px","size":-12}},"elements":[],"isInner":false,"widgetType":"bdt-thumb-gallery","elType":"widget"}],"isInner":false,"elType":"column"}],"isInner":false,"elType":"section"}],"page_settings":{"background_color_stop":{"unit":"%","size":"0","sizes":[]},"background_color_b_stop":{"unit":"%","size":"100","sizes":[]},"background_gradient_angle":{"unit":"deg","size":"180","sizes":[]},"background_xpos":{"unit":"px","size":"0","sizes":[]},"background_xpos_tablet":{"unit":"px","size":"0","sizes":[]},"background_xpos_mobile":{"unit":"px","size":"0","sizes":[]},"background_ypos":{"unit":"px","size":"0","sizes":[]},"background_ypos_tablet":{"unit":"px","size":"0","sizes":[]},"background_ypos_mobile":{"unit":"px","size":"0","sizes":[]},"background_bg_width":{"unit":"%","size":"100","sizes":[]},"background_bg_width_tablet":{"unit":"px","size":"","sizes":[]},"background_bg_width_mobile":{"unit":"px","size":"","sizes":[]},"element_pack_toolbar_typography_font_size":{"unit":"px","size":"","sizes":[]},"element_pack_toolbar_typography_font_size_tablet":{"unit":"px","size":"","sizes":[]},"element_pack_toolbar_typography_font_size_mobile":{"unit":"px","size":"","sizes":[]},"element_pack_toolbar_typography_line_height":{"unit":"em","size":"","sizes":[]},"element_pack_toolbar_typography_line_height_tablet":{"unit":"em","size":"","sizes":[]},"element_pack_toolbar_typography_line_height_mobile":{"unit":"em","size":"","sizes":[]},"element_pack_toolbar_typography_letter_spacing":{"unit":"px","size":"","sizes":[]},"element_pack_toolbar_typography_letter_spacing_tablet":{"unit":"px","size":"","sizes":[]},"element_pack_toolbar_typography_letter_spacing_mobile":{"unit":"px","size":"","sizes":[]},"element_pack_global_tooltip_width":{"unit":"px","size":"","sizes":[]},"element_pack_global_tooltip_width_tablet":{"unit":"px","size":"","sizes":[]},"element_pack_global_tooltip_width_mobile":{"unit":"px","size":"","sizes":[]},"element_pack_global_tooltip_background_color_stop":{"unit":"%","size":"0","sizes":[]},"element_pack_global_tooltip_background_color_b_stop":{"unit":"%","size":"100","sizes":[]},"element_pack_global_tooltip_background_gradient_angle":{"unit":"deg","size":"180","sizes":[]},"element_pack_global_tooltip_background_xpos":{"unit":"px","size":"0","sizes":[]},"element_pack_global_tooltip_background_xpos_tablet":{"unit":"px","size":"0","sizes":[]},"element_pack_global_tooltip_background_xpos_mobile":{"unit":"px","size":"0","sizes":[]},"element_pack_global_tooltip_background_ypos":{"unit":"px","size":"0","sizes":[]},"element_pack_global_tooltip_background_ypos_tablet":{"unit":"px","size":"0","sizes":[]},"element_pack_global_tooltip_background_ypos_mobile":{"unit":"px","size":"0","sizes":[]},"element_pack_global_tooltip_background_bg_width":{"unit":"%","size":"100","sizes":[]},"element_pack_global_tooltip_background_bg_width_tablet":{"unit":"px","size":"","sizes":[]},"element_pack_global_tooltip_background_bg_width_mobile":{"unit":"px","size":"","sizes":[]},"element_pack_global_tooltip_typography_font_size":{"unit":"px","size":"","sizes":[]},"element_pack_global_tooltip_typography_font_size_tablet":{"unit":"px","size":"","sizes":[]},"element_pack_global_tooltip_typography_font_size_mobile":{"unit":"px","size":"","sizes":[]},"element_pack_global_tooltip_typography_line_height":{"unit":"em","size":"","sizes":[]},"element_pack_global_tooltip_typography_line_height_tablet":{"unit":"em","size":"","sizes":[]},"element_pack_global_tooltip_typography_line_height_mobile":{"unit":"em","size":"","sizes":[]},"element_pack_global_tooltip_typography_letter_spacing":{"unit":"px","size":"","sizes":[]},"element_pack_global_tooltip_typography_letter_spacing_tablet":{"unit":"px","size":"","sizes":[]},"element_pack_global_tooltip_typography_letter_spacing_mobile":{"unit":"px","size":"","sizes":[]}}}