{"version":"0.4","title":"device-blocks-3","type":"section","content":[{"id":"e42c0f6","settings":{"padding":{"unit":"px","top":"150","right":"0","bottom":"150","left":"0","isLinked":false},"background_background":"classic","background_color":"#fafafa","padding_tablet":{"unit":"px","top":"80","right":"30","bottom":"80","left":"30","isLinked":false},"padding_mobile":{"unit":"px","top":"50","right":"15","bottom":"50","left":"15","isLinked":false}},"elements":[{"id":"4191f4ce","settings":{"_column_size":100,"_inline_size_tablet":100,"padding":{"unit":"px","top":"0","right":"0","bottom":"0","left":"0","isLinked":true}},"elements":[{"id":"30f5f385","settings":{"gap":"wider","structure":"20","border_border":"solid","border_width":{"unit":"px","top":"0","right":"0","bottom":"2","left":"0","isLinked":false},"border_color":"#ededed","padding":{"unit":"px","top":"0","right":"0","bottom":"70","left":"0","isLinked":false}},"elements":[{"id":"5be417ae","settings":{"_column_size":50,"_inline_size":null,"_inline_size_tablet":100,"padding":{"unit":"px","top":"0","right":"40","bottom":"0","left":"0","isLinked":false},"padding_mobile":{"unit":"px","top":"0","right":"0","bottom":"0","left":"0","isLinked":false}},"elements":[{"id":"1fc6c015","settings":{"title":"Our Video Tutorial of Course Help You ","typography_typography":"custom","typography_font_size_mobile":{"unit":"px","size":24},"title_color":"#202020"},"elements":[],"isInner":false,"widgetType":"heading","elType":"widget"},{"id":"669b3b56","settings":{"editor":"<p>Far far away, behind the word mountains, far from the countries Vokalia and Consonantia, there live the blind texts. Separated they live in Bookmarksgrove right at the coast of the Semantics, a large language ocean. A small river named Duden.\u00a0\u00a0<\/p><p>It is a paradisematic country, in which roasted parts of sentences fly into your mouth. Even the all-powerful Pointing<\/p>"},"elements":[],"isInner":false,"widgetType":"text-editor","elType":"widget"},{"id":"4d275a4c","settings":{"text":"Details Know","align":"left","background_color":"rgba(0,0,0,0)","border_border":"solid","border_width":{"unit":"px","top":"2","right":"2","bottom":"2","left":"2","isLinked":true},"border_color":"#000000","typography_typography":"custom","typography_font_weight":"700","button_text_color":"#000000","hover_color":"#ffffff","button_background_hover_color":"#202020","_margin_tablet":{"unit":"px","top":"35","right":"0","bottom":"0","left":"0","isLinked":false}},"elements":[],"isInner":false,"widgetType":"button","elType":"widget"}],"isInner":true,"elType":"column"},{"id":"32a53152","settings":{"_column_size":50,"_inline_size":null,"_inline_size_tablet":100,"_inline_size_mobile":100,"margin_tablet":{"unit":"px","top":"50","right":"0","bottom":"0","left":"0","isLinked":false},"padding":{"unit":"px","top":"0","right":"0","bottom":"0","left":"0","isLinked":false}},"elements":[{"id":"52803d5c","settings":{"link":"https:\/\/www.youtube.com\/watch?v=9uOETcuFjbE","vimeo_link":"https:\/\/vimeo.com\/235215203","image_overlay":{"id":"47469","url":"https:\/\/bdthemes.net\/demo\/ready-pages\/ready-blocks\/wp-content\/uploads\/2019\/04\/placeholder-2.png"},"youtube_url":"https:\/\/www.youtube.com\/watch?v=9uOETcuFjbE","vimeo_url":"https:\/\/vimeo.com\/235215203","dailymotion_url":"https:\/\/www.dailymotion.com\/video\/x6tqhqb"},"elements":[],"isInner":false,"widgetType":"video","elType":"widget"}],"isInner":true,"elType":"column"}],"isInner":true,"elType":"section"},{"id":"fbd2204","settings":{"gap":"wider","structure":"30","padding":{"unit":"px","top":"40","right":"0","bottom":"0","left":"0","isLinked":false}},"elements":[{"id":"656d4836","settings":{"_column_size":33,"_inline_size":null,"padding_mobile":{"unit":"px","top":"15","right":"15","bottom":"15","left":"15","isLinked":true}},"elements":[{"id":"1adf6747","settings":{"image":{"id":47681,"url":"https:\/\/bdthemes.net\/demo\/ready-pages\/ready-blocks\/wp-content\/uploads\/2019\/04\/volume.png"},"title_text":"Digital Marketing","description_text":"Morbi tempus dolor quis fermentum tincidunt. Sed lacinia lacus eu mi consectetur vestibulum Vokalia and Consonantia, there live the blind.","image_size":{"unit":"%","size":15},"hover_animation":"wobble-vertical","title_typography_typography":"custom","title_typography_font_family":"Montserrat","title_typography_font_size":{"unit":"px","size":14},"title_typography_font_weight":"600","description_typography_typography":"custom","description_typography_font_family":"Roboto","description_typography_font_size":{"unit":"px","size":14},"description_typography_font_weight":"400","text_align_mobile":"center","image_space":{"unit":"px","size":20},"text_align":"left","title_bottom_space":{"unit":"px","size":10},"title_color":"#2d324b","description_color":"rgba(45,50,75,0.91)","_background_hover_background":"classic"},"elements":[],"isInner":false,"widgetType":"image-box","elType":"widget"}],"isInner":true,"elType":"column"},{"id":"2e0beb3d","settings":{"_column_size":33,"_inline_size":null,"padding_mobile":{"unit":"px","top":"15","right":"15","bottom":"15","left":"15","isLinked":true}},"elements":[{"id":"312aa9a3","settings":{"image":{"id":47682,"url":"https:\/\/bdthemes.net\/demo\/ready-pages\/ready-blocks\/wp-content\/uploads\/2019\/04\/unlock.png"},"title_text":"Special Security","description_text":"Morbi tempus dolor quis fermentum tincidunt. Sed lacinia lacus eu mi consectetur vestibulum Vokalia and Consonantia, there live the blind.","image_size":{"unit":"%","size":15},"hover_animation":"wobble-vertical","title_typography_typography":"custom","title_typography_font_family":"Montserrat","title_typography_font_size":{"unit":"px","size":14},"title_typography_font_weight":"600","description_typography_typography":"custom","description_typography_font_family":"Roboto","description_typography_font_size":{"unit":"px","size":14},"description_typography_font_weight":"400","text_align_mobile":"center","image_space":{"unit":"px","size":20},"text_align":"left","title_bottom_space":{"unit":"px","size":10},"title_color":"#2d324b","description_color":"rgba(45,50,75,0.91)"},"elements":[],"isInner":false,"widgetType":"image-box","elType":"widget"}],"isInner":true,"elType":"column"},{"id":"b950b9c","settings":{"_column_size":33,"_inline_size":null,"padding_mobile":{"unit":"px","top":"15","right":"15","bottom":"15","left":"15","isLinked":true}},"elements":[{"id":"280e42a6","settings":{"image":{"id":47683,"url":"https:\/\/bdthemes.net\/demo\/ready-pages\/ready-blocks\/wp-content\/uploads\/2019\/04\/target-1.png"},"title_text":"Great Destination","description_text":"Morbi tempus dolor quis fermentum tincidunt. Sed lacinia lacus eu mi consectetur vestibulum Vokalia and Consonantia, there live the blind.","image_size":{"unit":"%","size":15},"hover_animation":"wobble-vertical","title_typography_typography":"custom","title_typography_font_family":"Montserrat","title_typography_font_size":{"unit":"px","size":14},"title_typography_font_weight":"600","description_typography_typography":"custom","description_typography_font_family":"Roboto","description_typography_font_size":{"unit":"px","size":14},"description_typography_font_weight":"400","text_align_mobile":"center","image_space":{"unit":"px","size":20},"text_align":"left","title_bottom_space":{"unit":"px","size":10},"title_color":"#2d324b","description_color":"rgba(45,50,75,0.91)"},"elements":[],"isInner":false,"widgetType":"image-box","elType":"widget"}],"isInner":true,"elType":"column"}],"isInner":true,"elType":"section"}],"isInner":false,"elType":"column"}],"isInner":false,"elType":"section"}],"page_settings":{"background_color_stop":{"unit":"%","size":"0","sizes":[]},"background_color_b_stop":{"unit":"%","size":"100","sizes":[]},"background_gradient_angle":{"unit":"deg","size":"180","sizes":[]},"background_xpos":{"unit":"px","size":"0","sizes":[]},"background_xpos_tablet":{"unit":"px","size":"0","sizes":[]},"background_xpos_mobile":{"unit":"px","size":"0","sizes":[]},"background_ypos":{"unit":"px","size":"0","sizes":[]},"background_ypos_tablet":{"unit":"px","size":"0","sizes":[]},"background_ypos_mobile":{"unit":"px","size":"0","sizes":[]},"background_bg_width":{"unit":"%","size":"100","sizes":[]},"background_bg_width_tablet":{"unit":"px","size":"","sizes":[]},"background_bg_width_mobile":{"unit":"px","size":"","sizes":[]},"element_pack_toolbar_typography_font_size":{"unit":"px","size":"","sizes":[]},"element_pack_toolbar_typography_font_size_tablet":{"unit":"px","size":"","sizes":[]},"element_pack_toolbar_typography_font_size_mobile":{"unit":"px","size":"","sizes":[]},"element_pack_toolbar_typography_line_height":{"unit":"em","size":"","sizes":[]},"element_pack_toolbar_typography_line_height_tablet":{"unit":"em","size":"","sizes":[]},"element_pack_toolbar_typography_line_height_mobile":{"unit":"em","size":"","sizes":[]},"element_pack_toolbar_typography_letter_spacing":{"unit":"px","size":"","sizes":[]},"element_pack_toolbar_typography_letter_spacing_tablet":{"unit":"px","size":"","sizes":[]},"element_pack_toolbar_typography_letter_spacing_mobile":{"unit":"px","size":"","sizes":[]},"element_pack_global_tooltip_width":{"unit":"px","size":"","sizes":[]},"element_pack_global_tooltip_width_tablet":{"unit":"px","size":"","sizes":[]},"element_pack_global_tooltip_width_mobile":{"unit":"px","size":"","sizes":[]},"element_pack_global_tooltip_background_color_stop":{"unit":"%","size":"0","sizes":[]},"element_pack_global_tooltip_background_color_b_stop":{"unit":"%","size":"100","sizes":[]},"element_pack_global_tooltip_background_gradient_angle":{"unit":"deg","size":"180","sizes":[]},"element_pack_global_tooltip_background_xpos":{"unit":"px","size":"0","sizes":[]},"element_pack_global_tooltip_background_xpos_tablet":{"unit":"px","size":"0","sizes":[]},"element_pack_global_tooltip_background_xpos_mobile":{"unit":"px","size":"0","sizes":[]},"element_pack_global_tooltip_background_ypos":{"unit":"px","size":"0","sizes":[]},"element_pack_global_tooltip_background_ypos_tablet":{"unit":"px","size":"0","sizes":[]},"element_pack_global_tooltip_background_ypos_mobile":{"unit":"px","size":"0","sizes":[]},"element_pack_global_tooltip_background_bg_width":{"unit":"%","size":"100","sizes":[]},"element_pack_global_tooltip_background_bg_width_tablet":{"unit":"px","size":"","sizes":[]},"element_pack_global_tooltip_background_bg_width_mobile":{"unit":"px","size":"","sizes":[]},"element_pack_global_tooltip_typography_font_size":{"unit":"px","size":"","sizes":[]},"element_pack_global_tooltip_typography_font_size_tablet":{"unit":"px","size":"","sizes":[]},"element_pack_global_tooltip_typography_font_size_mobile":{"unit":"px","size":"","sizes":[]},"element_pack_global_tooltip_typography_line_height":{"unit":"em","size":"","sizes":[]},"element_pack_global_tooltip_typography_line_height_tablet":{"unit":"em","size":"","sizes":[]},"element_pack_global_tooltip_typography_line_height_mobile":{"unit":"em","size":"","sizes":[]},"element_pack_global_tooltip_typography_letter_spacing":{"unit":"px","size":"","sizes":[]},"element_pack_global_tooltip_typography_letter_spacing_tablet":{"unit":"px","size":"","sizes":[]},"element_pack_global_tooltip_typography_letter_spacing_mobile":{"unit":"px","size":"","sizes":[]}}}