{"version":"0.4","title":"counter-blocks-3","type":"section","content":[{"id":"13fb1a1c","settings":{"content_width":{"unit":"px","size":1600},"gap":"wider","structure":"20","background_background":"classic","background_image":{"id":"47498","url":"https:\/\/bdthemes.net\/demo\/ready-pages\/ready-blocks\/wp-content\/uploads\/2019\/04\/coming-soon.png"},"background_size":"cover","padding":{"unit":"px","top":"120","right":"0","bottom":"110","left":"0","isLinked":false},"padding_tablet":{"unit":"px","top":"80","right":"30","bottom":"80","left":"30","isLinked":false},"padding_mobile":{"unit":"px","top":"50","right":"15","bottom":"50","left":"15","isLinked":false}},"elements":[{"id":"65659e81","settings":{"_column_size":50,"_inline_size":null,"_inline_size_tablet":100,"_inline_size_mobile":100,"padding":{"unit":"px","top":"0","right":"0","bottom":"0","left":"0","isLinked":true}},"elements":[{"id":"6258da4c","settings":{"gap":"wide","structure":"20"},"elements":[{"id":"6a329417","settings":{"_column_size":50,"_inline_size":null,"_inline_size_tablet":50,"_inline_size_mobile":100},"elements":[{"id":"3dfaa0c6","settings":{"ending_number":1085,"title":"CUPS OF COFFEE CONSUMED","number_color":"#ffffff","typography_number_typography":"custom","typography_number_font_family":"Poppins","typography_number_font_size":{"unit":"px","size":48},"title_color":"rgba(255,255,255,0.7)","typography_title_typography":"custom","typography_title_font_family":"Poppins","typography_title_font_size":{"unit":"px","size":14},"_padding":{"unit":"px","top":"35","right":"35","bottom":"35","left":"35","isLinked":true},"_background_background":"classic","_background_color":"rgba(255,255,255,0.15)","_border_border":"solid","_border_width":{"unit":"px","top":"1","right":"1","bottom":"1","left":"1","isLinked":true},"_border_color":"rgba(255,255,255,0.1)"},"elements":[],"isInner":false,"widgetType":"counter","elType":"widget"}],"isInner":true,"elType":"column"},{"id":"4c32edb5","settings":{"_column_size":50,"_inline_size":null,"_inline_size_tablet":50,"_inline_size_mobile":100,"background_background":"classic"},"elements":[{"id":"33e0e4c","settings":{"ending_number":1225,"title":"PROJECT HAS BEEN DONE","number_color":"#ffffff","typography_number_typography":"custom","typography_number_font_family":"Poppins","typography_number_font_size":{"unit":"px","size":48},"title_color":"rgba(255,255,255,0.7)","typography_title_typography":"custom","typography_title_font_family":"Poppins","typography_title_font_size":{"unit":"px","size":14},"_padding":{"unit":"px","top":"35","right":"35","bottom":"35","left":"35","isLinked":true},"_background_background":"classic","_background_color":"rgba(255,255,255,0.15)","_border_border":"solid","_border_width":{"unit":"px","top":"1","right":"1","bottom":"1","left":"1","isLinked":true},"_border_color":"rgba(255,255,255,0.1)"},"elements":[],"isInner":false,"widgetType":"counter","elType":"widget"}],"isInner":true,"elType":"column"}],"isInner":true,"elType":"section"},{"id":"13b8a871","settings":{"gap":"wide","structure":"20"},"elements":[{"id":"374c5b51","settings":{"_column_size":50,"_inline_size":null,"_inline_size_tablet":50,"_inline_size_mobile":100},"elements":[{"id":"19a2eba8","settings":{"ending_number":1458,"title":"CLIENT LIKE OUR WORKS","number_color":"#ffffff","typography_number_typography":"custom","typography_number_font_family":"Poppins","typography_number_font_size":{"unit":"px","size":48},"title_color":"rgba(255,255,255,0.7)","typography_title_typography":"custom","typography_title_font_family":"Poppins","typography_title_font_size":{"unit":"px","size":14},"_padding":{"unit":"px","top":"35","right":"35","bottom":"35","left":"35","isLinked":true},"_background_background":"classic","_background_color":"rgba(255,255,255,0.15)","_border_border":"solid","_border_width":{"unit":"px","top":"1","right":"1","bottom":"1","left":"1","isLinked":true},"_border_color":"rgba(255,255,255,0.1)"},"elements":[],"isInner":false,"widgetType":"counter","elType":"widget"}],"isInner":true,"elType":"column"},{"id":"112b50fa","settings":{"_column_size":50,"_inline_size":null,"_inline_size_tablet":50,"_inline_size_mobile":100,"background_background":"classic"},"elements":[{"id":"be32771","settings":{"ending_number":1687,"title":"AWARD HAVE BEEN WON","number_color":"#ffffff","typography_number_typography":"custom","typography_number_font_family":"Poppins","typography_number_font_size":{"unit":"px","size":48},"title_color":"rgba(255,255,255,0.7)","typography_title_typography":"custom","typography_title_font_family":"Poppins","typography_title_font_size":{"unit":"px","size":14},"_padding":{"unit":"px","top":"35","right":"35","bottom":"35","left":"35","isLinked":true},"_background_background":"classic","_background_color":"rgba(255,255,255,0.15)","_border_border":"solid","_border_width":{"unit":"px","top":"1","right":"1","bottom":"1","left":"1","isLinked":true},"_border_color":"rgba(255,255,255,0.1)"},"elements":[],"isInner":false,"widgetType":"counter","elType":"widget"}],"isInner":true,"elType":"column"}],"isInner":true,"elType":"section"}],"isInner":false,"elType":"column"},{"id":"3825d307","settings":{"_column_size":50,"_inline_size":null,"_inline_size_tablet":100,"_inline_size_mobile":100},"elements":[{"id":"580798a3","settings":{"title":"PROVIDING THE HIGH QUALITY SERVICES","title_color":"#ffffff","typography_typography":"custom","typography_font_size":{"unit":"px","size":30},"typography_font_size_mobile":{"unit":"px","size":24},"_margin":{"unit":"px","top":"0","right":"0","bottom":"-5","left":"0","isLinked":false}},"elements":[],"isInner":false,"widgetType":"heading","elType":"widget"},{"id":"1265be7","settings":{"weight":{"unit":"px","size":2},"color":"rgba(255,255,255,0.7)","width":{"unit":"%","size":15},"gap":{"unit":"px","size":0}},"elements":[],"isInner":false,"widgetType":"divider","elType":"widget"},{"id":"24afbc9f","settings":{"editor":"<p>A wonderful serenity has taken possession of my entire soul, like these sweet mornings of spring which I enjoy with my whole heart. I am alone, and feel the charm of existence in this spot, which was created.\u00a0\u00a0I am so happy, my dear friend, so absorbed in the exquisite.<\/p>","text_color":"rgba(255,255,255,0.7)","_margin":{"unit":"px","top":"0","right":"0","bottom":"40","left":"0","isLinked":false}},"elements":[],"isInner":false,"widgetType":"text-editor","elType":"widget"},{"id":"7c043d56","settings":{"gap":"wider","structure":"20"},"elements":[{"id":"5dc074bc","settings":{"_column_size":50,"_inline_size":null,"_inline_size_tablet":50,"_inline_size_mobile":100,"padding":{"unit":"px","top":"0","right":"0","bottom":"0","left":"0","isLinked":true}},"elements":[{"id":"610e3588","settings":{"icon_list":[{"text":"A wonderful serenity has taken possession","icon":"fa fa-check","_id":"68979aa","link":{"url":"","is_external":"","nofollow":""},"selected_icon":{"value":"fas fa-check","library":"fa-solid"}},{"text":" I am alone, and feel the charm of existence","icon":"fa fa-check","_id":"4d100d2","link":{"url":"","is_external":"","nofollow":""},"selected_icon":{"value":"fas fa-check","library":"fa-solid"}},{"text":"I should be incapable of drawing a single ","icon":"fa fa-check","_id":"edb0173","link":{"url":"","is_external":"","nofollow":""},"selected_icon":{"value":"fas fa-check","library":"fa-solid"}},{"text":"while the lovely valley teems with around","icon":"fa fa-check","_id":"b46b18e","link":{"url":"","is_external":"","nofollow":""},"selected_icon":{"value":"fas fa-check","library":"fa-solid"}}],"space_between":{"unit":"px","size":13},"icon_color":"#ffffff","text_color":"rgba(255,255,255,0.7)","text_indent":{"unit":"px","size":15}},"elements":[],"isInner":false,"widgetType":"icon-list","elType":"widget"}],"isInner":true,"elType":"column"},{"id":"ce12f40","settings":{"_column_size":50,"_inline_size":null,"_inline_size_tablet":50,"_inline_size_mobile":100,"background_background":"classic","margin_mobile":{"unit":"px","top":"40","right":"0","bottom":"0","left":"0","isLinked":false},"padding":{"unit":"px","top":"0","right":"0","bottom":"0","left":"0","isLinked":true}},"elements":[{"id":"7123c6e5","settings":{"icon_list":[{"text":"The meridian sun strikes the upper surface","icon":"fa fa-check","_id":"68979aa","link":{"url":"","is_external":"","nofollow":""},"selected_icon":{"value":"fas fa-check","library":"fa-solid"}},{"text":"I throw myself down among the tall grass","icon":"fa fa-check","_id":"4d100d2","link":{"url":"","is_external":"","nofollow":""},"selected_icon":{"value":"fas fa-check","library":"fa-solid"}},{"text":"when I hear the buzz of the little among","icon":"fa fa-check","_id":"edb0173","link":{"url":"","is_external":"","nofollow":""},"selected_icon":{"value":"fas fa-check","library":"fa-solid"}},{"text":" with the countless indescribable forms","icon":"fa fa-check","_id":"b46b18e","link":{"url":"","is_external":"","nofollow":""},"selected_icon":{"value":"fas fa-check","library":"fa-solid"}}],"space_between":{"unit":"px","size":13},"icon_color":"#ffffff","text_color":"rgba(255,255,255,0.7)","text_indent":{"unit":"px","size":15}},"elements":[],"isInner":false,"widgetType":"icon-list","elType":"widget"}],"isInner":true,"elType":"column"}],"isInner":true,"elType":"section"}],"isInner":false,"elType":"column"}],"isInner":false,"elType":"section"}],"page_settings":{"background_color_stop":{"unit":"%","size":"0","sizes":[]},"background_color_b_stop":{"unit":"%","size":"100","sizes":[]},"background_gradient_angle":{"unit":"deg","size":"180","sizes":[]},"background_xpos":{"unit":"px","size":"0","sizes":[]},"background_xpos_tablet":{"unit":"px","size":"0","sizes":[]},"background_xpos_mobile":{"unit":"px","size":"0","sizes":[]},"background_ypos":{"unit":"px","size":"0","sizes":[]},"background_ypos_tablet":{"unit":"px","size":"0","sizes":[]},"background_ypos_mobile":{"unit":"px","size":"0","sizes":[]},"background_bg_width":{"unit":"%","size":"100","sizes":[]},"background_bg_width_tablet":{"unit":"px","size":"","sizes":[]},"background_bg_width_mobile":{"unit":"px","size":"","sizes":[]},"element_pack_toolbar_typography_font_size":{"unit":"px","size":"","sizes":[]},"element_pack_toolbar_typography_font_size_tablet":{"unit":"px","size":"","sizes":[]},"element_pack_toolbar_typography_font_size_mobile":{"unit":"px","size":"","sizes":[]},"element_pack_toolbar_typography_line_height":{"unit":"em","size":"","sizes":[]},"element_pack_toolbar_typography_line_height_tablet":{"unit":"em","size":"","sizes":[]},"element_pack_toolbar_typography_line_height_mobile":{"unit":"em","size":"","sizes":[]},"element_pack_toolbar_typography_letter_spacing":{"unit":"px","size":"","sizes":[]},"element_pack_toolbar_typography_letter_spacing_tablet":{"unit":"px","size":"","sizes":[]},"element_pack_toolbar_typography_letter_spacing_mobile":{"unit":"px","size":"","sizes":[]},"element_pack_global_tooltip_width":{"unit":"px","size":"","sizes":[]},"element_pack_global_tooltip_width_tablet":{"unit":"px","size":"","sizes":[]},"element_pack_global_tooltip_width_mobile":{"unit":"px","size":"","sizes":[]},"element_pack_global_tooltip_background_color_stop":{"unit":"%","size":"0","sizes":[]},"element_pack_global_tooltip_background_color_b_stop":{"unit":"%","size":"100","sizes":[]},"element_pack_global_tooltip_background_gradient_angle":{"unit":"deg","size":"180","sizes":[]},"element_pack_global_tooltip_background_xpos":{"unit":"px","size":"0","sizes":[]},"element_pack_global_tooltip_background_xpos_tablet":{"unit":"px","size":"0","sizes":[]},"element_pack_global_tooltip_background_xpos_mobile":{"unit":"px","size":"0","sizes":[]},"element_pack_global_tooltip_background_ypos":{"unit":"px","size":"0","sizes":[]},"element_pack_global_tooltip_background_ypos_tablet":{"unit":"px","size":"0","sizes":[]},"element_pack_global_tooltip_background_ypos_mobile":{"unit":"px","size":"0","sizes":[]},"element_pack_global_tooltip_background_bg_width":{"unit":"%","size":"100","sizes":[]},"element_pack_global_tooltip_background_bg_width_tablet":{"unit":"px","size":"","sizes":[]},"element_pack_global_tooltip_background_bg_width_mobile":{"unit":"px","size":"","sizes":[]},"element_pack_global_tooltip_typography_font_size":{"unit":"px","size":"","sizes":[]},"element_pack_global_tooltip_typography_font_size_tablet":{"unit":"px","size":"","sizes":[]},"element_pack_global_tooltip_typography_font_size_mobile":{"unit":"px","size":"","sizes":[]},"element_pack_global_tooltip_typography_line_height":{"unit":"em","size":"","sizes":[]},"element_pack_global_tooltip_typography_line_height_tablet":{"unit":"em","size":"","sizes":[]},"element_pack_global_tooltip_typography_line_height_mobile":{"unit":"em","size":"","sizes":[]},"element_pack_global_tooltip_typography_letter_spacing":{"unit":"px","size":"","sizes":[]},"element_pack_global_tooltip_typography_letter_spacing_tablet":{"unit":"px","size":"","sizes":[]},"element_pack_global_tooltip_typography_letter_spacing_mobile":{"unit":"px","size":"","sizes":[]}}}