{"version":"0.4","title":"counter-blocks-7","type":"section","content":[{"id":"5bf63acb","settings":{"structure":"40","background_background":"classic","background_image":{"id":47670,"url":"https:\/\/bdthemes.net\/demo\/ready-pages\/ready-blocks\/wp-content\/uploads\/2019\/04\/counter-bg.jpg"},"background_overlay_background":"classic","padding":{"unit":"px","top":"150","right":"0","bottom":"250","left":"0","isLinked":false},"padding_tablet":{"unit":"px","top":"80","right":"30","bottom":"120","left":"30","isLinked":false},"padding_mobile":{"unit":"px","top":"50","right":"15","bottom":"150","left":"15","isLinked":false},"background_position":"center center","background_size":"cover","shape_divider_bottom":"drops","shape_divider_bottom_height":{"unit":"px","size":140},"margin":{"unit":"px","top":"","right":0,"bottom":"","left":0,"isLinked":true}},"elements":[{"id":"104feae9","settings":{"_column_size":25,"_inline_size":null,"_inline_size_tablet":50,"_inline_size_mobile":100,"content_position":"center","margin_mobile":{"unit":"px","top":"0","right":"0","bottom":"30","left":"0","isLinked":false}},"elements":[{"id":"69ae0d84","settings":{"ending_number":225,"title":"Completed Projects","number_color":"#fec90c","typography_number_typography":"custom","typography_number_font_family":"Poppins","typography_number_font_size":{"unit":"px","size":48},"title_color":"#ffffff","typography_title_typography":"custom","typography_title_font_family":"Poppins","typography_title_font_size":{"unit":"px","size":14},"_background_background":"classic"},"elements":[],"isInner":false,"widgetType":"counter","elType":"widget"},{"id":"3266c40a","settings":{"weight":{"unit":"px","size":2},"color":"#fec90c","width":{"unit":"%","size":35},"align":"center","gap":{"unit":"px","size":0},"_margin":{"unit":"px","top":"-10","right":"0","bottom":"0","left":"0","isLinked":false}},"elements":[],"isInner":false,"widgetType":"divider","elType":"widget"}],"isInner":false,"elType":"column"},{"id":"7103fa19","settings":{"_column_size":25,"_inline_size":null,"_inline_size_tablet":50,"_inline_size_mobile":100,"content_position":"center","margin_mobile":{"unit":"px","top":"0","right":"0","bottom":"30","left":"0","isLinked":false}},"elements":[{"id":"4914a6f4","settings":{"ending_number":825,"title":"Get Consultancy ","number_color":"#fec90c","typography_number_typography":"custom","typography_number_font_family":"Poppins","typography_number_font_size":{"unit":"px","size":48},"title_color":"#ffffff","typography_title_typography":"custom","typography_title_font_family":"Poppins","typography_title_font_size":{"unit":"px","size":14},"_background_background":"classic","suffix":"+"},"elements":[],"isInner":false,"widgetType":"counter","elType":"widget"},{"id":"70d6ca68","settings":{"weight":{"unit":"px","size":2},"color":"#fec90c","width":{"unit":"%","size":35},"align":"center","gap":{"unit":"px","size":0},"_margin":{"unit":"px","top":"-10","right":"0","bottom":"0","left":"0","isLinked":false}},"elements":[],"isInner":false,"widgetType":"divider","elType":"widget"}],"isInner":false,"elType":"column"},{"id":"578287b7","settings":{"_column_size":25,"_inline_size":null,"_inline_size_tablet":50,"_inline_size_mobile":100,"content_position":"center","margin_tablet":{"unit":"px","top":"50","right":"0","bottom":"0","left":"0","isLinked":false},"margin_mobile":{"unit":"px","top":"0","right":"0","bottom":"30","left":"0","isLinked":false}},"elements":[{"id":"55145723","settings":{"ending_number":755,"title":"Award Winning ","number_color":"#fec90c","typography_number_typography":"custom","typography_number_font_family":"Poppins","typography_number_font_size":{"unit":"px","size":48},"title_color":"#ffffff","typography_title_typography":"custom","typography_title_font_family":"Poppins","typography_title_font_size":{"unit":"px","size":14},"_background_background":"classic"},"elements":[],"isInner":false,"widgetType":"counter","elType":"widget"},{"id":"61d595ad","settings":{"weight":{"unit":"px","size":2},"color":"#fec90c","width":{"unit":"%","size":35},"align":"center","gap":{"unit":"px","size":0},"_margin":{"unit":"px","top":"-10","right":"0","bottom":"0","left":"0","isLinked":false}},"elements":[],"isInner":false,"widgetType":"divider","elType":"widget"}],"isInner":false,"elType":"column"},{"id":"2f7a59e2","settings":{"_column_size":25,"_inline_size":null,"_inline_size_tablet":50,"_inline_size_mobile":100,"content_position":"center","margin_tablet":{"unit":"px","top":"50","right":"0","bottom":"0","left":"0","isLinked":false},"margin_mobile":{"unit":"px","top":"0","right":"0","bottom":"0","left":"0","isLinked":false}},"elements":[{"id":"6ed1abcd","settings":{"ending_number":99,"title":"Satisfied Client","number_color":"#fec90c","typography_number_typography":"custom","typography_number_font_family":"Poppins","typography_number_font_size":{"unit":"px","size":48},"title_color":"#ffffff","typography_title_typography":"custom","typography_title_font_family":"Poppins","typography_title_font_size":{"unit":"px","size":14},"_background_background":"classic","suffix":"%"},"elements":[],"isInner":false,"widgetType":"counter","elType":"widget"},{"id":"57747a37","settings":{"weight":{"unit":"px","size":2},"color":"#fec90c","width":{"unit":"%","size":35},"align":"center","gap":{"unit":"px","size":0},"_margin":{"unit":"px","top":"-10","right":"0","bottom":"0","left":"0","isLinked":false}},"elements":[],"isInner":false,"widgetType":"divider","elType":"widget"}],"isInner":false,"elType":"column"}],"isInner":false,"elType":"section"}],"page_settings":{"background_color_stop":{"unit":"%","size":"0","sizes":[]},"background_color_b_stop":{"unit":"%","size":"100","sizes":[]},"background_gradient_angle":{"unit":"deg","size":"180","sizes":[]},"background_xpos":{"unit":"px","size":"0","sizes":[]},"background_xpos_tablet":{"unit":"px","size":"0","sizes":[]},"background_xpos_mobile":{"unit":"px","size":"0","sizes":[]},"background_ypos":{"unit":"px","size":"0","sizes":[]},"background_ypos_tablet":{"unit":"px","size":"0","sizes":[]},"background_ypos_mobile":{"unit":"px","size":"0","sizes":[]},"background_bg_width":{"unit":"%","size":"100","sizes":[]},"background_bg_width_tablet":{"unit":"px","size":"","sizes":[]},"background_bg_width_mobile":{"unit":"px","size":"","sizes":[]},"element_pack_toolbar_typography_font_size":{"unit":"px","size":"","sizes":[]},"element_pack_toolbar_typography_font_size_tablet":{"unit":"px","size":"","sizes":[]},"element_pack_toolbar_typography_font_size_mobile":{"unit":"px","size":"","sizes":[]},"element_pack_toolbar_typography_line_height":{"unit":"em","size":"","sizes":[]},"element_pack_toolbar_typography_line_height_tablet":{"unit":"em","size":"","sizes":[]},"element_pack_toolbar_typography_line_height_mobile":{"unit":"em","size":"","sizes":[]},"element_pack_toolbar_typography_letter_spacing":{"unit":"px","size":"","sizes":[]},"element_pack_toolbar_typography_letter_spacing_tablet":{"unit":"px","size":"","sizes":[]},"element_pack_toolbar_typography_letter_spacing_mobile":{"unit":"px","size":"","sizes":[]},"element_pack_global_tooltip_width":{"unit":"px","size":"","sizes":[]},"element_pack_global_tooltip_width_tablet":{"unit":"px","size":"","sizes":[]},"element_pack_global_tooltip_width_mobile":{"unit":"px","size":"","sizes":[]},"element_pack_global_tooltip_background_color_stop":{"unit":"%","size":"0","sizes":[]},"element_pack_global_tooltip_background_color_b_stop":{"unit":"%","size":"100","sizes":[]},"element_pack_global_tooltip_background_gradient_angle":{"unit":"deg","size":"180","sizes":[]},"element_pack_global_tooltip_background_xpos":{"unit":"px","size":"0","sizes":[]},"element_pack_global_tooltip_background_xpos_tablet":{"unit":"px","size":"0","sizes":[]},"element_pack_global_tooltip_background_xpos_mobile":{"unit":"px","size":"0","sizes":[]},"element_pack_global_tooltip_background_ypos":{"unit":"px","size":"0","sizes":[]},"element_pack_global_tooltip_background_ypos_tablet":{"unit":"px","size":"0","sizes":[]},"element_pack_global_tooltip_background_ypos_mobile":{"unit":"px","size":"0","sizes":[]},"element_pack_global_tooltip_background_bg_width":{"unit":"%","size":"100","sizes":[]},"element_pack_global_tooltip_background_bg_width_tablet":{"unit":"px","size":"","sizes":[]},"element_pack_global_tooltip_background_bg_width_mobile":{"unit":"px","size":"","sizes":[]},"element_pack_global_tooltip_typography_font_size":{"unit":"px","size":"","sizes":[]},"element_pack_global_tooltip_typography_font_size_tablet":{"unit":"px","size":"","sizes":[]},"element_pack_global_tooltip_typography_font_size_mobile":{"unit":"px","size":"","sizes":[]},"element_pack_global_tooltip_typography_line_height":{"unit":"em","size":"","sizes":[]},"element_pack_global_tooltip_typography_line_height_tablet":{"unit":"em","size":"","sizes":[]},"element_pack_global_tooltip_typography_line_height_mobile":{"unit":"em","size":"","sizes":[]},"element_pack_global_tooltip_typography_letter_spacing":{"unit":"px","size":"","sizes":[]},"element_pack_global_tooltip_typography_letter_spacing_tablet":{"unit":"px","size":"","sizes":[]},"element_pack_global_tooltip_typography_letter_spacing_mobile":{"unit":"px","size":"","sizes":[]}}}