{"version":"0.4","title":"counter-blocks-5","type":"section","content":[{"id":"3793875a","settings":{"structure":"40","background_background":"classic","background_image":{"id":47669,"url":"https:\/\/bdthemes.net\/demo\/ready-pages\/ready-blocks\/wp-content\/uploads\/2019\/04\/counter-bg2.jpg"},"background_overlay_background":"classic","background_overlay_color":"#6270b2","padding":{"unit":"px","top":"100","right":"0","bottom":"100","left":"0","isLinked":false},"padding_tablet":{"unit":"px","top":"80","right":"30","bottom":"80","left":"30","isLinked":false},"padding_mobile":{"unit":"px","top":"50","right":"15","bottom":"50","left":"15","isLinked":false}},"elements":[{"id":"6115eb78","settings":{"_column_size":25,"_inline_size":null,"_inline_size_tablet":100,"_inline_size_mobile":100,"content_position":"center"},"elements":[{"id":"351cab0a","settings":{"title":"HAVE A 25 YEARS OF EXPERIENCES","title_color":"#ffffff","typography_typography":"custom","typography_font_size":{"unit":"px","size":25},"typography_font_size_mobile":{"unit":"px","size":24},"_margin":{"unit":"px","top":"0","right":"0","bottom":"-5","left":"0","isLinked":false},"typography_line_height":{"unit":"em","size":1.3000000000000000444089209850062616169452667236328125},"typography_font_family":"Poppins"},"elements":[],"isInner":false,"widgetType":"heading","elType":"widget"},{"id":"2c8430a8","settings":{"editor":"<p>A wonderful serenity has taken possession of my entire soul, like these sweet mornings of spring which I enjoy with my whole heart. I am alone, and feel the charm of existence.<\/p>","text_color":"#ffffff","typography_typography":"custom","typography_font_family":"PT Serif"},"elements":[],"isInner":false,"widgetType":"text-editor","elType":"widget"},{"id":"ecf0ef4","settings":{"text":"Read Details","button_effect":"c","button_background_background":"classic","button_background_color":"#ffffff","button_border_style":"none","advanced_button_radius":{"unit":"px","top":"4","right":"4","bottom":"4","left":"4","isLinked":true},"button_hover_background_background":"classic","button_hover_background_color":"#4054b2","button_hover_border_style":"none","advanced_button_padding":{"unit":"px","top":"12","right":"25","bottom":"12","left":"25","isLinked":false},"advanced_button_typography_typography":"custom","advanced_button_typography_font_size":{"unit":"px","size":12},"_margin":{"unit":"px","top":"35","right":"0","bottom":"0","left":"0","isLinked":false}},"elements":[],"isInner":false,"widgetType":"bdt-advanced-button","elType":"widget"}],"isInner":false,"elType":"column"},{"id":"26663fe4","settings":{"_column_size":25,"_inline_size":null,"_inline_size_tablet":33.3299999999999982946974341757595539093017578125,"_inline_size_mobile":100,"margin_mobile":{"unit":"px","top":"30","right":"0","bottom":"0","left":"0","isLinked":false}},"elements":[{"id":"4cda5217","settings":[],"elements":[{"id":"5317fd01","settings":{"_column_size":100,"_inline_size":null,"content_position":"center","background_background":"classic","background_color":"rgba(255,255,255,0.3)","border_border":"solid","border_width":{"unit":"px","top":"1","right":"1","bottom":"1","left":"1","isLinked":true},"border_color":"rgba(255,255,255,0.4)","border_radius":{"unit":"px","top":"10","right":"10","bottom":"10","left":"10","isLinked":true},"padding":{"unit":"px","top":"50","right":"0","bottom":"50","left":"0","isLinked":false}},"elements":[{"id":"12bd4e5d","settings":{"icon_type":"image","image":{"id":47666,"url":"https:\/\/bdthemes.net\/demo\/ready-pages\/ready-blocks\/wp-content\/uploads\/2019\/04\/mortarboard.png"},"title_text":"","description_text":"","readmore_text":"","badge_text":"POPULAR","icon_background_background":"classic","icon_padding":{"unit":"px","top":"20","right":"20","bottom":"20","left":"20","isLinked":true},"icon_radius_advanced":"75% 25% 43% 57% \/ 46% 29% 71% 54%","icon_space":{"unit":"px","size":0},"title_bottom_space":{"unit":"px","size":0},"description_bottom_space":{"unit":"px","size":0},"icon_background_color":"rgba(255,255,255,0.3)","icon_radius":{"unit":"px","top":"100","right":"100","bottom":"100","left":"100","isLinked":true},"icon_size":{"unit":"px","size":35}},"elements":[],"isInner":false,"widgetType":"bdt-advanced-icon-box","elType":"widget"},{"id":"41ef1314","settings":{"ending_number":1225,"title":"GET POST GRADUATION","number_color":"#ffffff","typography_number_typography":"custom","typography_number_font_family":"Poppins","typography_number_font_size":{"unit":"px","size":48},"title_color":"rgba(255,255,255,0.7)","typography_title_typography":"custom","typography_title_font_family":"Poppins","typography_title_font_size":{"unit":"px","size":14},"_background_background":"classic","_margin":{"unit":"px","top":"-30","right":"0","bottom":"0","left":"0","isLinked":false}},"elements":[],"isInner":false,"widgetType":"counter","elType":"widget"}],"isInner":true,"elType":"column"}],"isInner":true,"elType":"section"}],"isInner":false,"elType":"column"},{"id":"42c92941","settings":{"_column_size":25,"_inline_size":null,"_inline_size_tablet":33.3299999999999982946974341757595539093017578125,"_inline_size_mobile":100},"elements":[{"id":"4997748b","settings":[],"elements":[{"id":"1ee76356","settings":{"_column_size":100,"_inline_size":null,"content_position":"center","background_background":"classic","background_color":"rgba(255,255,255,0.3)","border_border":"solid","border_width":{"unit":"px","top":"1","right":"1","bottom":"1","left":"1","isLinked":true},"border_color":"rgba(255,255,255,0.4)","border_radius":{"unit":"px","top":"10","right":"10","bottom":"10","left":"10","isLinked":true},"padding":{"unit":"px","top":"50","right":"0","bottom":"50","left":"0","isLinked":false}},"elements":[{"id":"158ddda1","settings":{"icon_type":"image","image":{"id":47667,"url":"https:\/\/bdthemes.net\/demo\/ready-pages\/ready-blocks\/wp-content\/uploads\/2019\/04\/microscope.png"},"title_text":"","description_text":"","readmore_text":"","badge_text":"POPULAR","icon_background_background":"classic","icon_padding":{"unit":"px","top":"20","right":"20","bottom":"20","left":"20","isLinked":true},"icon_radius_advanced":"75% 25% 43% 57% \/ 46% 29% 71% 54%","icon_space":{"unit":"px","size":0},"title_bottom_space":{"unit":"px","size":0},"description_bottom_space":{"unit":"px","size":0},"icon_background_color":"rgba(255,255,255,0.3)","icon_radius":{"unit":"px","top":"100","right":"100","bottom":"100","left":"100","isLinked":true},"icon_size":{"unit":"px","size":35}},"elements":[],"isInner":false,"widgetType":"bdt-advanced-icon-box","elType":"widget"},{"id":"2bfc9fed","settings":{"ending_number":1547,"title":"EDUCATION MEHTOD","number_color":"#ffffff","typography_number_typography":"custom","typography_number_font_family":"Poppins","typography_number_font_size":{"unit":"px","size":48},"title_color":"rgba(255,255,255,0.7)","typography_title_typography":"custom","typography_title_font_family":"Poppins","typography_title_font_size":{"unit":"px","size":14},"_background_background":"classic","_margin":{"unit":"px","top":"-30","right":"0","bottom":"0","left":"0","isLinked":false}},"elements":[],"isInner":false,"widgetType":"counter","elType":"widget"}],"isInner":true,"elType":"column"}],"isInner":true,"elType":"section"}],"isInner":false,"elType":"column"},{"id":"65fa7a83","settings":{"_column_size":25,"_inline_size":null,"_inline_size_tablet":33.3299999999999982946974341757595539093017578125,"_inline_size_mobile":100},"elements":[{"id":"5ca39744","settings":[],"elements":[{"id":"50347902","settings":{"_column_size":100,"_inline_size":null,"content_position":"center","background_background":"classic","background_color":"rgba(255,255,255,0.3)","border_border":"solid","border_width":{"unit":"px","top":"1","right":"1","bottom":"1","left":"1","isLinked":true},"border_color":"rgba(255,255,255,0.4)","border_radius":{"unit":"px","top":"10","right":"10","bottom":"10","left":"10","isLinked":true},"padding":{"unit":"px","top":"50","right":"0","bottom":"50","left":"0","isLinked":false}},"elements":[{"id":"6b402dc2","settings":{"icon_type":"image","image":{"id":47668,"url":"https:\/\/bdthemes.net\/demo\/ready-pages\/ready-blocks\/wp-content\/uploads\/2019\/04\/pen.png"},"title_text":"","description_text":"","readmore_text":"","badge_text":"POPULAR","icon_background_background":"classic","icon_padding":{"unit":"px","top":"20","right":"20","bottom":"20","left":"20","isLinked":true},"icon_radius_advanced":"75% 25% 43% 57% \/ 46% 29% 71% 54%","icon_space":{"unit":"px","size":0},"title_bottom_space":{"unit":"px","size":0},"description_bottom_space":{"unit":"px","size":0},"icon_background_color":"rgba(255,255,255,0.3)","icon_radius":{"unit":"px","top":"100","right":"100","bottom":"100","left":"100","isLinked":true},"icon_size":{"unit":"px","size":35}},"elements":[],"isInner":false,"widgetType":"bdt-advanced-icon-box","elType":"widget"},{"id":"3ba0d871","settings":{"ending_number":1785,"title":"NUMBER OF STUDENT","number_color":"#ffffff","typography_number_typography":"custom","typography_number_font_family":"Poppins","typography_number_font_size":{"unit":"px","size":48},"title_color":"rgba(255,255,255,0.7)","typography_title_typography":"custom","typography_title_font_family":"Poppins","typography_title_font_size":{"unit":"px","size":14},"_background_background":"classic","_margin":{"unit":"px","top":"-30","right":"0","bottom":"0","left":"0","isLinked":false}},"elements":[],"isInner":false,"widgetType":"counter","elType":"widget"}],"isInner":true,"elType":"column"}],"isInner":true,"elType":"section"}],"isInner":false,"elType":"column"}],"isInner":false,"elType":"section"}],"page_settings":{"background_color_stop":{"unit":"%","size":"0","sizes":[]},"background_color_b_stop":{"unit":"%","size":"100","sizes":[]},"background_gradient_angle":{"unit":"deg","size":"180","sizes":[]},"background_xpos":{"unit":"px","size":"0","sizes":[]},"background_xpos_tablet":{"unit":"px","size":"0","sizes":[]},"background_xpos_mobile":{"unit":"px","size":"0","sizes":[]},"background_ypos":{"unit":"px","size":"0","sizes":[]},"background_ypos_tablet":{"unit":"px","size":"0","sizes":[]},"background_ypos_mobile":{"unit":"px","size":"0","sizes":[]},"background_bg_width":{"unit":"%","size":"100","sizes":[]},"background_bg_width_tablet":{"unit":"px","size":"","sizes":[]},"background_bg_width_mobile":{"unit":"px","size":"","sizes":[]},"element_pack_toolbar_typography_font_size":{"unit":"px","size":"","sizes":[]},"element_pack_toolbar_typography_font_size_tablet":{"unit":"px","size":"","sizes":[]},"element_pack_toolbar_typography_font_size_mobile":{"unit":"px","size":"","sizes":[]},"element_pack_toolbar_typography_line_height":{"unit":"em","size":"","sizes":[]},"element_pack_toolbar_typography_line_height_tablet":{"unit":"em","size":"","sizes":[]},"element_pack_toolbar_typography_line_height_mobile":{"unit":"em","size":"","sizes":[]},"element_pack_toolbar_typography_letter_spacing":{"unit":"px","size":"","sizes":[]},"element_pack_toolbar_typography_letter_spacing_tablet":{"unit":"px","size":"","sizes":[]},"element_pack_toolbar_typography_letter_spacing_mobile":{"unit":"px","size":"","sizes":[]},"element_pack_global_tooltip_width":{"unit":"px","size":"","sizes":[]},"element_pack_global_tooltip_width_tablet":{"unit":"px","size":"","sizes":[]},"element_pack_global_tooltip_width_mobile":{"unit":"px","size":"","sizes":[]},"element_pack_global_tooltip_background_color_stop":{"unit":"%","size":"0","sizes":[]},"element_pack_global_tooltip_background_color_b_stop":{"unit":"%","size":"100","sizes":[]},"element_pack_global_tooltip_background_gradient_angle":{"unit":"deg","size":"180","sizes":[]},"element_pack_global_tooltip_background_xpos":{"unit":"px","size":"0","sizes":[]},"element_pack_global_tooltip_background_xpos_tablet":{"unit":"px","size":"0","sizes":[]},"element_pack_global_tooltip_background_xpos_mobile":{"unit":"px","size":"0","sizes":[]},"element_pack_global_tooltip_background_ypos":{"unit":"px","size":"0","sizes":[]},"element_pack_global_tooltip_background_ypos_tablet":{"unit":"px","size":"0","sizes":[]},"element_pack_global_tooltip_background_ypos_mobile":{"unit":"px","size":"0","sizes":[]},"element_pack_global_tooltip_background_bg_width":{"unit":"%","size":"100","sizes":[]},"element_pack_global_tooltip_background_bg_width_tablet":{"unit":"px","size":"","sizes":[]},"element_pack_global_tooltip_background_bg_width_mobile":{"unit":"px","size":"","sizes":[]},"element_pack_global_tooltip_typography_font_size":{"unit":"px","size":"","sizes":[]},"element_pack_global_tooltip_typography_font_size_tablet":{"unit":"px","size":"","sizes":[]},"element_pack_global_tooltip_typography_font_size_mobile":{"unit":"px","size":"","sizes":[]},"element_pack_global_tooltip_typography_line_height":{"unit":"em","size":"","sizes":[]},"element_pack_global_tooltip_typography_line_height_tablet":{"unit":"em","size":"","sizes":[]},"element_pack_global_tooltip_typography_line_height_mobile":{"unit":"em","size":"","sizes":[]},"element_pack_global_tooltip_typography_letter_spacing":{"unit":"px","size":"","sizes":[]},"element_pack_global_tooltip_typography_letter_spacing_tablet":{"unit":"px","size":"","sizes":[]},"element_pack_global_tooltip_typography_letter_spacing_mobile":{"unit":"px","size":"","sizes":[]}}}