{"version":"0.4","title":"contact-form-blocks-7","type":"section","content":[{"id":"2978fe7","settings":{"structure":"34","padding":{"unit":"px","top":"150","right":"0","bottom":"150","left":"0","isLinked":false},"padding_tablet":{"unit":"px","top":"80","right":"30","bottom":"80","left":"30","isLinked":false},"padding_mobile":{"unit":"px","top":"50","right":"15","bottom":"50","left":"15","isLinked":false}},"elements":[{"id":"435a6503","settings":{"_column_size":16,"_inline_size":null,"_inline_size_tablet":100},"elements":[],"isInner":false,"elType":"column"},{"id":"2f1a89de","settings":{"_column_size":66,"_inline_size":null,"_inline_size_tablet":100,"_inline_size_mobile":100,"border_border":"solid","border_width":{"unit":"px","top":"1","right":"1","bottom":"1","left":"1","isLinked":true},"border_color":"#ffd9e8","padding":{"unit":"px","top":"50","right":"50","bottom":"50","left":"50","isLinked":true},"padding_mobile":{"unit":"px","top":"0","right":"0","bottom":"0","left":"0","isLinked":false}},"elements":[{"id":"288c482c","settings":{"title":"Please contact with us","align":"left","typography_font_size_tablet":{"unit":"px","size":42},"typography_font_size_mobile":{"unit":"px","size":24},"typography_line_height":{"unit":"em","size":1.3000000000000000444089209850062616169452667236328125},"align_mobile":"center","title_color":"#202020"},"elements":[],"isInner":false,"widgetType":"heading","elType":"widget"},{"id":"204c3c7c","settings":{"contact_form":"26720","input_padding":{"unit":"px","top":"18","right":"18","bottom":"18","left":"18","isLinked":true},"input_border_show":"yes","input_border_border":"solid","input_border_width":{"unit":"px","top":"1","right":"1","bottom":"1","left":"1","isLinked":true},"input_border_color":"#ffb9d5","button_text_color":"#ffffff","background_color":"#b7084e","border_border":"solid","border_width":{"unit":"px","top":"1","right":"1","bottom":"1","left":"1","isLinked":true},"border_color":"#b7084e","text_padding":{"unit":"px","top":"18","right":"30","bottom":"18","left":"30","isLinked":false},"button_typography_typography":"custom","button_typography_font_weight":"700","hover_color":"#ffffff","button_background_hover_color":"#6c042e","button_hover_border_color":"#6c042e"},"elements":[],"isInner":false,"widgetType":"bdt-contact-form-7","elType":"widget"}],"isInner":false,"elType":"column"},{"id":"78b31c0f","settings":{"_column_size":16,"_inline_size":null,"_inline_size_tablet":100},"elements":[],"isInner":false,"elType":"column"}],"isInner":false,"elType":"section"}],"page_settings":{"background_color_stop":{"unit":"%","size":"0","sizes":[]},"background_color_b_stop":{"unit":"%","size":"100","sizes":[]},"background_gradient_angle":{"unit":"deg","size":"180","sizes":[]},"background_xpos":{"unit":"px","size":"0","sizes":[]},"background_xpos_tablet":{"unit":"px","size":"0","sizes":[]},"background_xpos_mobile":{"unit":"px","size":"0","sizes":[]},"background_ypos":{"unit":"px","size":"0","sizes":[]},"background_ypos_tablet":{"unit":"px","size":"0","sizes":[]},"background_ypos_mobile":{"unit":"px","size":"0","sizes":[]},"background_bg_width":{"unit":"%","size":"100","sizes":[]},"background_bg_width_tablet":{"unit":"px","size":"","sizes":[]},"background_bg_width_mobile":{"unit":"px","size":"","sizes":[]},"element_pack_toolbar_typography_font_size":{"unit":"px","size":"","sizes":[]},"element_pack_toolbar_typography_font_size_tablet":{"unit":"px","size":"","sizes":[]},"element_pack_toolbar_typography_font_size_mobile":{"unit":"px","size":"","sizes":[]},"element_pack_toolbar_typography_line_height":{"unit":"em","size":"","sizes":[]},"element_pack_toolbar_typography_line_height_tablet":{"unit":"em","size":"","sizes":[]},"element_pack_toolbar_typography_line_height_mobile":{"unit":"em","size":"","sizes":[]},"element_pack_toolbar_typography_letter_spacing":{"unit":"px","size":"","sizes":[]},"element_pack_toolbar_typography_letter_spacing_tablet":{"unit":"px","size":"","sizes":[]},"element_pack_toolbar_typography_letter_spacing_mobile":{"unit":"px","size":"","sizes":[]},"element_pack_global_tooltip_width":{"unit":"px","size":"","sizes":[]},"element_pack_global_tooltip_width_tablet":{"unit":"px","size":"","sizes":[]},"element_pack_global_tooltip_width_mobile":{"unit":"px","size":"","sizes":[]},"element_pack_global_tooltip_background_color_stop":{"unit":"%","size":"0","sizes":[]},"element_pack_global_tooltip_background_color_b_stop":{"unit":"%","size":"100","sizes":[]},"element_pack_global_tooltip_background_gradient_angle":{"unit":"deg","size":"180","sizes":[]},"element_pack_global_tooltip_background_xpos":{"unit":"px","size":"0","sizes":[]},"element_pack_global_tooltip_background_xpos_tablet":{"unit":"px","size":"0","sizes":[]},"element_pack_global_tooltip_background_xpos_mobile":{"unit":"px","size":"0","sizes":[]},"element_pack_global_tooltip_background_ypos":{"unit":"px","size":"0","sizes":[]},"element_pack_global_tooltip_background_ypos_tablet":{"unit":"px","size":"0","sizes":[]},"element_pack_global_tooltip_background_ypos_mobile":{"unit":"px","size":"0","sizes":[]},"element_pack_global_tooltip_background_bg_width":{"unit":"%","size":"100","sizes":[]},"element_pack_global_tooltip_background_bg_width_tablet":{"unit":"px","size":"","sizes":[]},"element_pack_global_tooltip_background_bg_width_mobile":{"unit":"px","size":"","sizes":[]},"element_pack_global_tooltip_typography_font_size":{"unit":"px","size":"","sizes":[]},"element_pack_global_tooltip_typography_font_size_tablet":{"unit":"px","size":"","sizes":[]},"element_pack_global_tooltip_typography_font_size_mobile":{"unit":"px","size":"","sizes":[]},"element_pack_global_tooltip_typography_line_height":{"unit":"em","size":"","sizes":[]},"element_pack_global_tooltip_typography_line_height_tablet":{"unit":"em","size":"","sizes":[]},"element_pack_global_tooltip_typography_line_height_mobile":{"unit":"em","size":"","sizes":[]},"element_pack_global_tooltip_typography_letter_spacing":{"unit":"px","size":"","sizes":[]},"element_pack_global_tooltip_typography_letter_spacing_tablet":{"unit":"px","size":"","sizes":[]},"element_pack_global_tooltip_typography_letter_spacing_mobile":{"unit":"px","size":"","sizes":[]}}}