{"version":"0.4","title":"Footer Demo Set 12-4","type":"section","content":[{"id":"3d68567d","settings":{"layout":"full_width","background_background":"classic","background_color":"#1c1c1c","background_position":"center center","background_size":"cover","background_overlay_background":"classic","background_overlay_color":"rgba(0,0,0,0.8)","padding":{"unit":"px","top":"80","right":"0","bottom":"80","left":"0","isLinked":false},"padding_tablet":{"unit":"px","top":"80","right":"30","bottom":"80","left":"30","isLinked":false},"padding_mobile":{"unit":"px","top":"50","right":"15","bottom":"50","left":"15","isLinked":false}},"elements":[{"id":"5fef41fe","settings":{"_column_size":100,"_inline_size_tablet":100,"_inline_size_mobile":100,"padding_mobile":{"unit":"px","top":"0","right":"0","bottom":"0","left":"0","isLinked":true}},"elements":[{"id":"acb2ca0","settings":{"content_width":{"unit":"px","size":1600,"sizes":[]},"gap":"wide","structure":"40"},"elements":[{"id":"67322e27","settings":{"_column_size":25,"_inline_size":null,"_inline_size_tablet":50,"_inline_size_mobile":100},"elements":[{"id":"46714546","settings":{"image":{"url":"https:\/\/bdthemes.net\/demo\/ready-pages\/ready-blocks\/wp-content\/uploads\/2019\/04\/logo-1-1-1.png","id":48448},"align":"left","width":{"unit":"%","size":30,"sizes":[]},"image_size":"full","align_mobile":"center"},"elements":[],"isInner":false,"widgetType":"image","elType":"widget"},{"id":"3f4946e2","settings":{"editor":"<p>A wonderful serenity has taken possession of my entire soul. I should be of drawing.<\/p>","align":"left","text_color":"rgba(255,255,255,0.8)","align_tablet":"left","align_mobile":"center","_padding_mobile":{"unit":"px","top":"0","right":"0","bottom":"0","left":"0","isLinked":false}},"elements":[],"isInner":false,"widgetType":"text-editor","elType":"widget"},{"id":"2b6bb41c","settings":{"social_icon_list":[{"social":"fa fa-facebook","_id":"e844ad0","link":{"url":"#","is_external":"true","nofollow":""},"social_icon":{"value":"fab fa-wordpress","library":"fa-brands"},"item_icon_color":"default","item_icon_primary_color":"","item_icon_secondary_color":""},{"social":"fa fa-twitter","_id":"5b0a563","link":{"url":"#","is_external":"true","nofollow":""},"social_icon":{"value":"fab fa-wordpress","library":"fa-brands"},"item_icon_color":"default","item_icon_primary_color":"","item_icon_secondary_color":""},{"social":"fa fa-google-plus","_id":"bf55821","link":{"url":"#","is_external":"true","nofollow":""},"social_icon":{"value":"fab fa-wordpress","library":"fa-brands"},"item_icon_color":"default","item_icon_primary_color":"","item_icon_secondary_color":""},{"social":"fa fa-linkedin","_id":"98537db","link":{"url":"#","is_external":"true","nofollow":""},"social_icon":{"value":"fab fa-wordpress","library":"fa-brands"},"item_icon_color":"default","item_icon_primary_color":"","item_icon_secondary_color":""}],"shape":"circle","align":"left","align_mobile":"center","icon_color":"custom","icon_primary_color":"#51ba5a","icon_size":{"unit":"px","size":15,"sizes":[]},"icon_size_mobile":{"unit":"px","size":13,"sizes":[]},"icon_padding":{"unit":"em","size":0.90000000000000002220446049250313080847263336181640625,"sizes":[]},"icon_spacing":{"unit":"px","size":7,"sizes":[]},"icon_spacing_mobile":{"unit":"px","size":8,"sizes":[]},"hover_animation":"push"},"elements":[],"isInner":false,"widgetType":"social-icons","elType":"widget"}],"isInner":true,"elType":"column"},{"id":"2894bc34","settings":{"_column_size":25,"_inline_size":null,"_inline_size_tablet":50,"_inline_size_mobile":100,"margin_mobile":{"unit":"px","top":"30","right":"0","bottom":"0","left":"0","isLinked":false}},"elements":[{"id":"79340200","settings":{"title":"CUSTOM MENU","title_color":"#ffffff","typography_typography":"custom","typography_font_family":"Poppins","typography_font_size":{"unit":"px","size":18,"sizes":[]},"typography_font_weight":"400","align_mobile":"center"},"elements":[],"isInner":false,"widgetType":"heading","elType":"widget"},{"id":"4e88d4ab","settings":{"navs":[{"nav_title":"HOMEPAGE","nav_link":{"url":"#section-1"},"_id":"f1c5b54","nav_icon":"fa fa-long-arrow-right"},{"nav_title":"ABOUT US","nav_link":{"url":"#section-1"},"_id":"48391cb","nav_icon":"fa fa-long-arrow-right"},{"nav_title":"FEATURES","nav_link":{"url":"#section-1"},"_id":"f97ecc1","nav_icon":"fa fa-long-arrow-right"},{"nav_title":"SERVICES","nav_link":{"url":"#section-1"},"_id":"6e217bf","nav_icon":"fa fa-long-arrow-right"},{"nav_title":"CONTACT US","nav_link":{"url":"#section-1"},"_id":"5547261","nav_icon":"fa fa-long-arrow-right"}],"vertical_nav":"yes","icon_indent":{"unit":"px","size":50,"sizes":[]},"nav_color":"#51ba5a","nav_typography_typography":"custom","nav_typography_font_family":"Poppins","nav_typography_font_size":{"unit":"px","size":14,"sizes":[]},"nav_typography_font_weight":"400","nav_hover_color":"#5dab00","alignment":"center"},"elements":[],"isInner":false,"widgetType":"bdt-scrollnav","elType":"widget"}],"isInner":true,"elType":"column"},{"id":"45e4f8ce","settings":{"_column_size":25,"_inline_size":null,"_inline_size_tablet":50,"_inline_size_mobile":100},"elements":[{"id":"166f71de","settings":{"navs":[{"nav_title":"PRIVACY & POLICY","nav_link":{"url":"#section-1"},"_id":"f1c5b54","nav_icon":"fa fa-long-arrow-right"},{"nav_title":"TERMS & CONDITION","nav_link":{"url":"#section-1"},"_id":"48391cb","nav_icon":"fa fa-long-arrow-right"},{"nav_title":"ONLINE PAYMENT","nav_link":{"url":"#section-1"},"_id":"f97ecc1","nav_icon":"fa fa-long-arrow-right"},{"nav_title":"GET FREE QUOTE","nav_link":{"url":"#section-1"},"_id":"6e217bf","nav_icon":"fa fa-long-arrow-right"},{"nav_title":"HIGH QUALITY","nav_link":{"url":"#section-1"},"_id":"5547261","nav_icon":"fa fa-long-arrow-right"}],"vertical_nav":"yes","icon_indent":{"unit":"px","size":50,"sizes":[]},"nav_color":"#51ba5a","nav_typography_typography":"custom","nav_typography_font_family":"Poppins","nav_typography_font_size":{"unit":"px","size":14,"sizes":[]},"nav_typography_font_weight":"400","nav_hover_color":"#5dab00","_margin":{"unit":"px","top":"35","right":"0","bottom":"0","left":"0","isLinked":false},"alignment":"center","_margin_mobile":{"unit":"px","top":"0","right":"0","bottom":"0","left":"0","isLinked":false}},"elements":[],"isInner":false,"widgetType":"bdt-scrollnav","elType":"widget"}],"isInner":true,"elType":"column"},{"id":"51111682","settings":{"_column_size":25,"_inline_size":null,"_inline_size_tablet":50,"_inline_size_mobile":100},"elements":[{"id":"f2f493f","settings":{"title":"COMPANY INFO","title_color":"#ffffff","typography_typography":"custom","typography_font_family":"Poppins","typography_font_size":{"unit":"px","size":20,"sizes":[]},"typography_font_weight":"400","align_mobile":"center"},"elements":[],"isInner":false,"widgetType":"heading","elType":"widget"},{"id":"390a6ff1","settings":{"icon":"fa fa-phone","title_text":"+96-03 8376 6284","description_text":"","position":"left","readmore_text":"Read More","badge_text":"POPULAR","readmore":"","icon_color":"#ffffff","icon_background_background":"classic","icon_background_color":"#51ba5a","icon_padding":{"unit":"px","top":"10","right":"10","bottom":"10","left":"10","isLinked":true},"icon_radius":{"unit":"px","top":"100","right":"100","bottom":"100","left":"100","isLinked":true},"icon_radius_advanced":"75% 25% 43% 57% \/ 46% 29% 71% 54%","icon_size":{"unit":"px","size":15,"sizes":[]},"icon_hover_background_background":"classic","icon_hover_background_color":"#96c93d","icon_effect":"e","title_bottom_space":{"unit":"px","size":0,"sizes":[]},"title_color":"#ffffff","title_typography_font_size":{"unit":"px","size":16,"sizes":[]},"description_bottom_space":{"unit":"px","size":0,"sizes":[]},"description_color":"rgba(255,255,255,0.7)","_padding_mobile":{"unit":"px","top":"0","right":"0","bottom":"0","left":"0","isLinked":false},"content_padding":{"unit":"px","top":"8","right":"0","bottom":"0","left":"0","isLinked":false},"title_typography_typography":"custom","title_typography_font_family":"Poppins","title_typography_font_weight":"300","_margin":{"unit":"px","top":"0","right":"0","bottom":"-10","left":"0","isLinked":false}},"elements":[],"isInner":false,"widgetType":"bdt-advanced-icon-box","elType":"widget"},{"id":"7e198a87","settings":{"icon":"fa fa-envelope-o","title_text":"info@gmail.com","description_text":"","position":"left","readmore_text":"Read More","badge_text":"POPULAR","readmore":"","icon_color":"#ffffff","icon_background_background":"classic","icon_background_color":"#51ba5a","icon_padding":{"unit":"px","top":"10","right":"10","bottom":"10","left":"10","isLinked":true},"icon_radius":{"unit":"px","top":"100","right":"100","bottom":"100","left":"100","isLinked":true},"icon_radius_advanced":"75% 25% 43% 57% \/ 46% 29% 71% 54%","icon_size":{"unit":"px","size":15,"sizes":[]},"icon_hover_background_background":"classic","icon_hover_background_color":"#96c93d","icon_effect":"e","title_bottom_space":{"unit":"px","size":0,"sizes":[]},"title_color":"#ffffff","title_typography_font_size":{"unit":"px","size":16,"sizes":[]},"description_bottom_space":{"unit":"px","size":0,"sizes":[]},"description_color":"rgba(255,255,255,0.7)","_padding_mobile":{"unit":"px","top":"0","right":"0","bottom":"0","left":"0","isLinked":false},"content_padding":{"unit":"px","top":"8","right":"0","bottom":"0","left":"0","isLinked":false},"title_typography_typography":"custom","title_typography_font_family":"Poppins","title_typography_font_weight":"300","_margin":{"unit":"px","top":"0","right":"0","bottom":"-10","left":"0","isLinked":false}},"elements":[],"isInner":false,"widgetType":"bdt-advanced-icon-box","elType":"widget"},{"id":"3e66bcac","settings":{"icon":"fa fa-envelope-o","title_text":"11th Floor New York","description_text":"","position":"left","readmore_text":"Read More","badge_text":"POPULAR","readmore":"","icon_color":"#ffffff","icon_background_background":"classic","icon_background_color":"#51ba5a","icon_padding":{"unit":"px","top":"10","right":"10","bottom":"10","left":"10","isLinked":true},"icon_radius":{"unit":"px","top":"100","right":"100","bottom":"100","left":"100","isLinked":true},"icon_radius_advanced":"75% 25% 43% 57% \/ 46% 29% 71% 54%","icon_size":{"unit":"px","size":15,"sizes":[]},"icon_hover_background_background":"classic","icon_hover_background_color":"#96c93d","icon_effect":"e","title_bottom_space":{"unit":"px","size":0,"sizes":[]},"title_color":"#ffffff","title_typography_font_size":{"unit":"px","size":16,"sizes":[]},"description_bottom_space":{"unit":"px","size":0,"sizes":[]},"description_color":"rgba(255,255,255,0.7)","_padding_mobile":{"unit":"px","top":"0","right":"0","bottom":"0","left":"0","isLinked":false},"content_padding":{"unit":"px","top":"8","right":"0","bottom":"0","left":"0","isLinked":false},"title_typography_typography":"custom","title_typography_font_family":"Poppins","title_typography_font_weight":"300"},"elements":[],"isInner":false,"widgetType":"bdt-advanced-icon-box","elType":"widget"}],"isInner":true,"elType":"column"}],"isInner":true,"elType":"section"}],"isInner":false,"elType":"column"}],"isInner":false,"elType":"section"}],"page_settings":{"background_color_stop":{"unit":"%","size":"0","sizes":[]},"background_color_b_stop":{"unit":"%","size":"100","sizes":[]},"background_gradient_angle":{"unit":"deg","size":"180","sizes":[]},"background_xpos":{"unit":"px","size":"0","sizes":[]},"background_xpos_tablet":{"unit":"px","size":"0","sizes":[]},"background_xpos_mobile":{"unit":"px","size":"0","sizes":[]},"background_ypos":{"unit":"px","size":"0","sizes":[]},"background_ypos_tablet":{"unit":"px","size":"0","sizes":[]},"background_ypos_mobile":{"unit":"px","size":"0","sizes":[]},"background_bg_width":{"unit":"%","size":"100","sizes":[]},"background_bg_width_tablet":{"unit":"px","size":"","sizes":[]},"background_bg_width_mobile":{"unit":"px","size":"","sizes":[]},"element_pack_toolbar_typography_font_size":{"unit":"px","size":"","sizes":[]},"element_pack_toolbar_typography_font_size_tablet":{"unit":"px","size":"","sizes":[]},"element_pack_toolbar_typography_font_size_mobile":{"unit":"px","size":"","sizes":[]},"element_pack_toolbar_typography_line_height":{"unit":"em","size":"","sizes":[]},"element_pack_toolbar_typography_line_height_tablet":{"unit":"em","size":"","sizes":[]},"element_pack_toolbar_typography_line_height_mobile":{"unit":"em","size":"","sizes":[]},"element_pack_toolbar_typography_letter_spacing":{"unit":"px","size":"","sizes":[]},"element_pack_toolbar_typography_letter_spacing_tablet":{"unit":"px","size":"","sizes":[]},"element_pack_toolbar_typography_letter_spacing_mobile":{"unit":"px","size":"","sizes":[]},"element_pack_global_tooltip_width":{"unit":"px","size":"","sizes":[]},"element_pack_global_tooltip_width_tablet":{"unit":"px","size":"","sizes":[]},"element_pack_global_tooltip_width_mobile":{"unit":"px","size":"","sizes":[]},"element_pack_global_tooltip_background_color_stop":{"unit":"%","size":"0","sizes":[]},"element_pack_global_tooltip_background_color_b_stop":{"unit":"%","size":"100","sizes":[]},"element_pack_global_tooltip_background_gradient_angle":{"unit":"deg","size":"180","sizes":[]},"element_pack_global_tooltip_background_xpos":{"unit":"px","size":"0","sizes":[]},"element_pack_global_tooltip_background_xpos_tablet":{"unit":"px","size":"0","sizes":[]},"element_pack_global_tooltip_background_xpos_mobile":{"unit":"px","size":"0","sizes":[]},"element_pack_global_tooltip_background_ypos":{"unit":"px","size":"0","sizes":[]},"element_pack_global_tooltip_background_ypos_tablet":{"unit":"px","size":"0","sizes":[]},"element_pack_global_tooltip_background_ypos_mobile":{"unit":"px","size":"0","sizes":[]},"element_pack_global_tooltip_background_bg_width":{"unit":"%","size":"100","sizes":[]},"element_pack_global_tooltip_background_bg_width_tablet":{"unit":"px","size":"","sizes":[]},"element_pack_global_tooltip_background_bg_width_mobile":{"unit":"px","size":"","sizes":[]},"element_pack_global_tooltip_typography_font_size":{"unit":"px","size":"","sizes":[]},"element_pack_global_tooltip_typography_font_size_tablet":{"unit":"px","size":"","sizes":[]},"element_pack_global_tooltip_typography_font_size_mobile":{"unit":"px","size":"","sizes":[]},"element_pack_global_tooltip_typography_line_height":{"unit":"em","size":"","sizes":[]},"element_pack_global_tooltip_typography_line_height_tablet":{"unit":"em","size":"","sizes":[]},"element_pack_global_tooltip_typography_line_height_mobile":{"unit":"em","size":"","sizes":[]},"element_pack_global_tooltip_typography_letter_spacing":{"unit":"px","size":"","sizes":[]},"element_pack_global_tooltip_typography_letter_spacing_tablet":{"unit":"px","size":"","sizes":[]},"element_pack_global_tooltip_typography_letter_spacing_mobile":{"unit":"px","size":"","sizes":[]}}}