{"version":"0.4","title":"Footer Demo Set 12-5","type":"section","content":[{"id":"62b78046","settings":{"layout":"full_width","background_background":"classic","background_color":"#1b1b1b","background_position":"center center","background_size":"cover","background_overlay_background":"classic","background_overlay_color":"rgba(0,0,0,0.8)","padding":{"unit":"px","top":"80","right":"0","bottom":"80","left":"0","isLinked":false},"padding_tablet":{"unit":"px","top":"80","right":"30","bottom":"80","left":"30","isLinked":false},"padding_mobile":{"unit":"px","top":"50","right":"15","bottom":"50","left":"15","isLinked":false}},"elements":[{"id":"1c9b881a","settings":{"_column_size":100,"_inline_size_tablet":100,"_inline_size_mobile":100,"padding_mobile":{"unit":"px","top":"0","right":"0","bottom":"0","left":"0","isLinked":true}},"elements":[{"id":"36aa845f","settings":{"content_width":{"unit":"px","size":1600,"sizes":[]},"gap":"wide","structure":"40"},"elements":[{"id":"469fb8af","settings":{"_column_size":25,"_inline_size":null,"_inline_size_tablet":50,"_inline_size_mobile":100},"elements":[{"id":"1ef436e9","settings":{"title":"NEWSLETTER","title_color":"#ffffff","typography_typography":"custom","typography_font_family":"Poppins","typography_font_size":{"unit":"px","size":18,"sizes":[]},"typography_font_weight":"400"},"elements":[],"isInner":false,"widgetType":"heading","elType":"widget"},{"id":"68a2138f","settings":{"editor":"<p>A wonderful serenity has taken possession of my entire soul. I should be of drawing.<\/p>","align":"left","text_color":"rgba(255,255,255,0.8)","align_tablet":"left","align_mobile":"left","_padding_mobile":{"unit":"px","top":"0","right":"0","bottom":"0","left":"0","isLinked":false}},"elements":[],"isInner":false,"widgetType":"text-editor","elType":"widget"},{"id":"11732d96","settings":{"email_field_placeholder":"Email *","button_text":"SUBMIT","background_color":"rgba(255,255,255,0.2)","button_box_shadow_box_shadow_type":"yes","button_box_shadow_box_shadow":{"horizontal":0,"vertical":5,"blur":10,"spread":0,"color":"rgba(92,208,74,0.55)"},"text_padding":{"unit":"px","top":"5","right":"50","bottom":"5","left":"50","isLinked":false},"button_typography_typography":"custom","button_typography_font_size":{"unit":"px","size":12},"button_typography_font_weight":"600","button_background_hover_color":"#ffcc33","input_placeholder_color":"rgba(255,255,255,0.65)","input_color":"#ffffff","input_background":"rgba(255,255,255,0.2)","input_radius":{"unit":"px","top":"100","right":"100","bottom":"100","left":"100","isLinked":true},"input_padding":{"unit":"px","top":"25","right":"50","bottom":"25","left":"25","isLinked":false},"button_text_color":"#ffffff","radius":{"unit":"px","top":"100","right":"100","bottom":"100","left":"100","isLinked":true},"hover_color":"#000000","fullwidth_input":"yes"},"elements":[],"isInner":false,"widgetType":"bdt-mailchimp","elType":"widget"}],"isInner":true,"elType":"column"},{"id":"3be7d910","settings":{"_column_size":25,"_inline_size":null,"_inline_size_tablet":50,"_inline_size_mobile":100},"elements":[{"id":"12e91950","settings":{"title":"COMPANY","title_color":"#ffffff","typography_typography":"custom","typography_font_family":"Poppins","typography_font_size":{"unit":"px","size":18,"sizes":[]},"typography_font_weight":"400"},"elements":[],"isInner":false,"widgetType":"heading","elType":"widget"},{"id":"5fd65dab","settings":{"navs":[{"nav_title":"HOMEPAGE","nav_link":{"url":"#section-1"},"_id":"f1c5b54","nav_icon":""},{"nav_title":"ABOUT US","nav_link":{"url":"#section-1"},"_id":"48391cb","nav_icon":""},{"nav_title":"FEATURES","nav_link":{"url":"#section-1"},"_id":"f97ecc1","nav_icon":""},{"nav_title":"SERVICES","nav_link":{"url":"#section-1"},"_id":"6e217bf","nav_icon":""},{"nav_title":"CONTACT US","nav_link":{"url":"#section-1"},"_id":"5547261","nav_icon":""}],"vertical_nav":"yes","icon_indent":{"unit":"px","size":"","sizes":[]},"nav_color":"#ffffff","nav_typography_typography":"custom","nav_typography_font_family":"Poppins","nav_typography_font_size":{"unit":"px","size":14,"sizes":[]},"nav_typography_font_weight":"400","nav_hover_color":"#ffcc33"},"elements":[],"isInner":false,"widgetType":"bdt-scrollnav","elType":"widget"}],"isInner":true,"elType":"column"},{"id":"4645dbbc","settings":{"_column_size":25,"_inline_size":null,"_inline_size_tablet":50,"_inline_size_mobile":100},"elements":[{"id":"459cce2","settings":{"title":"CUSTOMER","title_color":"#ffffff","typography_typography":"custom","typography_font_family":"Poppins","typography_font_size":{"unit":"px","size":18,"sizes":[]},"typography_font_weight":"400"},"elements":[],"isInner":false,"widgetType":"heading","elType":"widget"},{"id":"39a4a22b","settings":{"navs":[{"nav_title":"SHIPPING","nav_link":{"url":"#section-1"},"_id":"f1c5b54","nav_icon":""},{"nav_title":"RETURNS","nav_link":{"url":"#section-1"},"_id":"48391cb","nav_icon":""},{"nav_title":"PRIVACY & POLICY","nav_link":{"url":"#section-1"},"_id":"f97ecc1","nav_icon":""},{"nav_title":"TERMS & CONDITION","nav_link":{"url":"#section-1"},"_id":"6e217bf","nav_icon":""},{"nav_title":"FREE DELIVERY","nav_link":{"url":"#section-1"},"_id":"5547261","nav_icon":""}],"vertical_nav":"yes","icon_indent":{"unit":"px","size":"","sizes":[]},"nav_color":"#ffffff","nav_typography_typography":"custom","nav_typography_font_family":"Poppins","nav_typography_font_size":{"unit":"px","size":14,"sizes":[]},"nav_typography_font_weight":"400","nav_hover_color":"#ffcc33"},"elements":[],"isInner":false,"widgetType":"bdt-scrollnav","elType":"widget"}],"isInner":true,"elType":"column"},{"id":"1a6e6da8","settings":{"_column_size":25,"_inline_size":null,"_inline_size_tablet":50,"_inline_size_mobile":100},"elements":[{"id":"60745008","settings":{"title":"FOLLOW US","title_color":"#ffffff","typography_typography":"custom","typography_font_family":"Poppins","typography_font_size":{"unit":"px","size":20,"sizes":[]},"typography_font_weight":"400"},"elements":[],"isInner":false,"widgetType":"heading","elType":"widget"},{"id":"7b8b8815","settings":{"editor":"<p>A wonderful serenity has taken possession of my entire soul.<\/p>","align":"left","text_color":"rgba(255,255,255,0.8)","align_tablet":"left","align_mobile":"left","_padding_mobile":{"unit":"px","top":"0","right":"0","bottom":"0","left":"0","isLinked":false}},"elements":[],"isInner":false,"widgetType":"text-editor","elType":"widget"},{"id":"2b75eaf0","settings":{"share_buttons":[{"button":"facebook","_id":"1747187","text":""},{"button":"googleplus","_id":"b80b40a","text":""},{"button":"twitter","_id":"bd545e2","text":""},{"button":"pinterest","_id":"d2a1f1a","text":""},{"button":"pinterest","_id":"31ff7f8","text":""}],"shape":"circle"},"elements":[],"isInner":false,"widgetType":"bdt-social-share","elType":"widget"}],"isInner":true,"elType":"column"}],"isInner":true,"elType":"section"}],"isInner":false,"elType":"column"}],"isInner":false,"elType":"section"}],"page_settings":{"background_color_stop":{"unit":"%","size":"0","sizes":[]},"background_color_b_stop":{"unit":"%","size":"100","sizes":[]},"background_gradient_angle":{"unit":"deg","size":"180","sizes":[]},"background_xpos":{"unit":"px","size":"0","sizes":[]},"background_xpos_tablet":{"unit":"px","size":"0","sizes":[]},"background_xpos_mobile":{"unit":"px","size":"0","sizes":[]},"background_ypos":{"unit":"px","size":"0","sizes":[]},"background_ypos_tablet":{"unit":"px","size":"0","sizes":[]},"background_ypos_mobile":{"unit":"px","size":"0","sizes":[]},"background_bg_width":{"unit":"%","size":"100","sizes":[]},"background_bg_width_tablet":{"unit":"px","size":"","sizes":[]},"background_bg_width_mobile":{"unit":"px","size":"","sizes":[]},"element_pack_toolbar_typography_font_size":{"unit":"px","size":"","sizes":[]},"element_pack_toolbar_typography_font_size_tablet":{"unit":"px","size":"","sizes":[]},"element_pack_toolbar_typography_font_size_mobile":{"unit":"px","size":"","sizes":[]},"element_pack_toolbar_typography_line_height":{"unit":"em","size":"","sizes":[]},"element_pack_toolbar_typography_line_height_tablet":{"unit":"em","size":"","sizes":[]},"element_pack_toolbar_typography_line_height_mobile":{"unit":"em","size":"","sizes":[]},"element_pack_toolbar_typography_letter_spacing":{"unit":"px","size":"","sizes":[]},"element_pack_toolbar_typography_letter_spacing_tablet":{"unit":"px","size":"","sizes":[]},"element_pack_toolbar_typography_letter_spacing_mobile":{"unit":"px","size":"","sizes":[]},"element_pack_global_tooltip_width":{"unit":"px","size":"","sizes":[]},"element_pack_global_tooltip_width_tablet":{"unit":"px","size":"","sizes":[]},"element_pack_global_tooltip_width_mobile":{"unit":"px","size":"","sizes":[]},"element_pack_global_tooltip_background_color_stop":{"unit":"%","size":"0","sizes":[]},"element_pack_global_tooltip_background_color_b_stop":{"unit":"%","size":"100","sizes":[]},"element_pack_global_tooltip_background_gradient_angle":{"unit":"deg","size":"180","sizes":[]},"element_pack_global_tooltip_background_xpos":{"unit":"px","size":"0","sizes":[]},"element_pack_global_tooltip_background_xpos_tablet":{"unit":"px","size":"0","sizes":[]},"element_pack_global_tooltip_background_xpos_mobile":{"unit":"px","size":"0","sizes":[]},"element_pack_global_tooltip_background_ypos":{"unit":"px","size":"0","sizes":[]},"element_pack_global_tooltip_background_ypos_tablet":{"unit":"px","size":"0","sizes":[]},"element_pack_global_tooltip_background_ypos_mobile":{"unit":"px","size":"0","sizes":[]},"element_pack_global_tooltip_background_bg_width":{"unit":"%","size":"100","sizes":[]},"element_pack_global_tooltip_background_bg_width_tablet":{"unit":"px","size":"","sizes":[]},"element_pack_global_tooltip_background_bg_width_mobile":{"unit":"px","size":"","sizes":[]},"element_pack_global_tooltip_typography_font_size":{"unit":"px","size":"","sizes":[]},"element_pack_global_tooltip_typography_font_size_tablet":{"unit":"px","size":"","sizes":[]},"element_pack_global_tooltip_typography_font_size_mobile":{"unit":"px","size":"","sizes":[]},"element_pack_global_tooltip_typography_line_height":{"unit":"em","size":"","sizes":[]},"element_pack_global_tooltip_typography_line_height_tablet":{"unit":"em","size":"","sizes":[]},"element_pack_global_tooltip_typography_line_height_mobile":{"unit":"em","size":"","sizes":[]},"element_pack_global_tooltip_typography_letter_spacing":{"unit":"px","size":"","sizes":[]},"element_pack_global_tooltip_typography_letter_spacing_tablet":{"unit":"px","size":"","sizes":[]},"element_pack_global_tooltip_typography_letter_spacing_mobile":{"unit":"px","size":"","sizes":[]}}}