{"version":"0.4","title":"hero-blocks-1","type":"section","content":[{"id":"2116ad5d","settings":{"structure":"33","background_background":"classic","background_image":{"id":47135,"url":"https:\/\/bdthemes.net\/demo\/ready-pages\/ready-blocks\/wp-content\/uploads\/2019\/04\/01-6-1.jpg"},"background_repeat":"no-repeat","padding":{"unit":"px","top":"150","right":"0","bottom":"150","left":"0","isLinked":false},"padding_tablet":{"unit":"px","top":"80","right":"30","bottom":"80","left":"30","isLinked":false},"padding_mobile":{"unit":"px","top":"50","right":"15","bottom":"50","left":"15","isLinked":false}},"elements":[{"id":"69bfef28","settings":{"_column_size":25,"_inline_size":null,"_inline_size_tablet":100},"elements":[],"isInner":false,"elType":"column"},{"id":"49c1bf5e","settings":{"_column_size":50,"_inline_size":null,"_inline_size_tablet":100},"elements":[{"id":"40563156","settings":{"image":{"id":47134,"url":"https:\/\/bdthemes.net\/demo\/ready-pages\/ready-blocks\/wp-content\/uploads\/2019\/04\/group.svg"},"title_text":"Heading Your Hero Section","description_text":"Far far away, behind the word mountains, far from the countries Vokalia and Consonantia, there live the blind texts. Separated they live in Bookmarksgrove right at the coast of the Semantics, a large language ocean. ","title_size":"h1","title_color":"#ffffff","title_typography_typography":"custom","title_typography_font_size_mobile":{"unit":"px","size":24},"description_color":"rgba(255,255,255,0.6)","_margin":{"unit":"px","top":"0","right":"0","bottom":"50","left":"0","isLinked":false},"image_size":{"unit":"%","size":18},"hover_animation":"pulse"},"elements":[],"isInner":false,"widgetType":"image-box","elType":"widget"},{"id":"440cc98d","settings":{"structure":"20"},"elements":[{"id":"5ece3cd5","settings":{"_column_size":50,"_inline_size":null},"elements":[{"id":"137b281a","settings":{"text":"Purchase Now $29","align":"right","align_mobile":"center","size":"md","typography_typography":"custom","typography_font_weight":"700","background_color":"#4054b2","text_padding":{"unit":"px","top":"20","right":"40","bottom":"20","left":"40","isLinked":false}},"elements":[],"isInner":false,"widgetType":"button","elType":"widget"}],"isInner":true,"elType":"column"},{"id":"6a5dc55","settings":{"_column_size":50,"_inline_size":null,"background_background":"classic"},"elements":[{"id":"3add82f8","settings":{"text":"Learn More About","align":"left","align_mobile":"center","size":"md","typography_typography":"custom","typography_font_weight":"700","button_text_color":"#ffffff","background_color":"rgba(237,102,57,0)","hover_color":"#ffffff","button_background_hover_color":"#4054b2","button_hover_border_color":"#4054b2","border_border":"solid","border_width":{"unit":"px","top":"2","right":"2","bottom":"2","left":"2","isLinked":true},"border_color":"#ffffff","text_padding":{"unit":"px","top":"18","right":"40","bottom":"18","left":"40","isLinked":false}},"elements":[],"isInner":false,"widgetType":"button","elType":"widget"}],"isInner":true,"elType":"column"}],"isInner":true,"elType":"section"},{"id":"1671261c","settings":{"scroll_button_text":"","section_id":"section-2","scroll_button_icon":"fa fa-angle-double-down","icon_indent":{"unit":"px","size":4},"scroll_button_text_color":"#4054b2","scroll_button_background_color":"#ffffff","border_radius":{"unit":"px","top":"100","right":"100","bottom":"100","left":"100","isLinked":true},"scroll_button_padding":{"unit":"px","top":"5","right":"20","bottom":"5","left":"16","isLinked":false},"_margin":{"unit":"px","top":"40","right":"0","bottom":"0","left":"0","isLinked":false}},"elements":[],"isInner":false,"widgetType":"bdt-scroll-button","elType":"widget"}],"isInner":false,"elType":"column"},{"id":"2d5d3049","settings":{"_column_size":25,"_inline_size":null,"_inline_size_tablet":100},"elements":[],"isInner":false,"elType":"column"}],"isInner":false,"elType":"section"}]}