{"version":"0.4","title":"hero-blocks-7","type":"section","content":[{"id":"468ce27a","settings":{"gap":"wider","structure":"20","background_background":"classic","background_repeat":"no-repeat","padding":{"unit":"px","top":"150","right":"0","bottom":"150","left":"0","isLinked":false},"padding_tablet":{"unit":"px","top":"80","right":"30","bottom":"80","left":"30","isLinked":false},"padding_mobile":{"unit":"px","top":"50","right":"15","bottom":"50","left":"15","isLinked":false}},"elements":[{"id":"34c43475","settings":{"_column_size":50,"_inline_size":40,"_inline_size_tablet":100,"_inline_size_mobile":100,"content_position":"top","padding_tablet":{"unit":"px","top":"0","right":"0","bottom":"0","left":"0","isLinked":true}},"elements":[{"id":"62b55881","settings":{"image":{"id":47136,"url":"https:\/\/bdthemes.net\/demo\/ready-pages\/ready-blocks\/wp-content\/uploads\/2019\/04\/1.png"},"title_text":"Premium themes for websites, you can build anytime, anythings, anywhere.","description_text":"Far far away, behind the word mountains, far from the countries Vokalia and Consonantia, there live the blind texts. Separated they live in Bookmarksgrove right at the coast of the Semantics.","text_align":"left","title_typography_typography":"custom","title_typography_font_size":{"unit":"px","size":36},"title_typography_font_size_mobile":{"unit":"px","size":28},"hover_animation":"wobble-skew","title_color":"#202020"},"elements":[],"isInner":false,"widgetType":"image-box","elType":"widget"}],"isInner":false,"elType":"column"},{"id":"41eb5d34","settings":{"_column_size":50,"_inline_size":60,"_inline_size_tablet":100,"content_position":"center","padding":{"unit":"px","top":"130","right":"0","bottom":"0","left":"0","isLinked":false}},"elements":[{"id":"3dc5cbf6","settings":{"editor":"<p>Are you agree terms and services? Please send us a mail.<\/p>","align":"left","_margin":{"unit":"px","top":"0","right":"0","bottom":"30","left":"0","isLinked":false},"align_mobile":"center"},"elements":[],"isInner":false,"widgetType":"text-editor","elType":"widget"},{"id":"726bb00e","settings":{"contact_form":"26782","textarea_height":{"unit":"px","size":174},"input_padding":{"unit":"px","top":"12","right":"12","bottom":"12","left":"12","isLinked":true},"input_border_show":"yes","input_border_border":"solid","input_border_width":{"unit":"px","top":"1","right":"1","bottom":"1","left":"1","isLinked":true},"input_border_color":"#e5e5e5","background_color":"rgba(0,0,0,0)","border_border":"solid","border_width":{"unit":"px","top":"1","right":"1","bottom":"1","left":"1","isLinked":true},"border_color":"#e5e5e5","text_padding":{"unit":"px","top":"12","right":"12","bottom":"12","left":"12","isLinked":true},"hover_color":"#ffffff","button_background_hover_color":"#ed6639","button_hover_border_color":"#ed6639","fullwidth_input":"yes","fullwidth_textarea":"yes","fullwidth_button":"yes"},"elements":[],"isInner":false,"widgetType":"bdt-contact-form-7","elType":"widget"}],"isInner":false,"elType":"column"}],"isInner":false,"elType":"section"}]}