{"version":"0.4","title":"hero-blocks-10","type":"section","content":[{"id":"71cce948","settings":{"structure":"20","background_background":"classic","background_image":{"id":47144,"url":"https:\/\/bdthemes.net\/demo\/ready-pages\/ready-blocks\/wp-content\/uploads\/2019\/04\/12-1.jpg"},"background_repeat":"no-repeat","padding":{"unit":"px","top":"250","right":"0","bottom":"250","left":"0","isLinked":false},"padding_tablet":{"unit":"px","top":"80","right":"30","bottom":"80","left":"30","isLinked":false},"padding_mobile":{"unit":"px","top":"50","right":"15","bottom":"50","left":"15","isLinked":false}},"elements":[{"id":"6636792a","settings":{"_column_size":50,"_inline_size":null,"_inline_size_tablet":100,"_inline_size_mobile":100,"padding":{"unit":"px","top":"30","right":"0","bottom":"0","left":"30","isLinked":false},"padding_mobile":{"unit":"px","top":"0","right":"0","bottom":"0","left":"0","isLinked":false}},"elements":[{"id":"59015fae","settings":{"title":"Premium themes for websites, you can build anytime, anythings, anywhere.","align":"left","typography_typography":"custom","typography_font_size":{"unit":"px","size":48},"typography_font_size_tablet":{"unit":"px","size":42},"typography_font_size_mobile":{"unit":"px","size":24},"typography_line_height":{"unit":"em","size":1.3000000000000000444089209850062616169452667236328125},"title_color":"#ffffff","align_mobile":"center","_margin":{"unit":"px","top":"0","right":"0","bottom":"30","left":"0","isLinked":false},"align_tablet":"center","_padding":{"unit":"px","top":"0","right":"0","bottom":"0","left":"20","isLinked":false}},"elements":[],"isInner":false,"widgetType":"heading","elType":"widget"},{"id":"6cf288dd","settings":{"editor":"<p>Far far away, behind the word mountains, far from the countries Vokalia and Consonantia, there live the blind texts. Separated they live in Bookmarksgrove right at the coast of the Semantics.<\/p>","align":"left","_margin":{"unit":"px","top":"0","right":"0","bottom":"50","left":"0","isLinked":false},"text_color":"rgba(255,255,255,0.65)","align_mobile":"center","align_tablet":"center","_padding":{"unit":"px","top":"0","right":"0","bottom":"0","left":"20","isLinked":false}},"elements":[],"isInner":false,"widgetType":"text-editor","elType":"widget"},{"id":"55268ad8","settings":{"structure":"20"},"elements":[{"id":"4db7d52","settings":{"_column_size":50,"_inline_size":null},"elements":[{"id":"2b3dc8c7","settings":{"text":"Purchase Now For $29","align":"right","align_mobile":"center","size":"md","typography_typography":"custom","typography_font_weight":"700","background_color":"rgba(0,0,0,0)","text_padding":{"unit":"px","top":"18","right":"40","bottom":"18","left":"40","isLinked":false},"hover_color":"#000000","button_background_hover_color":"#ffffff","button_hover_border_color":"#ffffff","border_border":"solid","border_width":{"unit":"px","top":"2","right":"2","bottom":"2","left":"2","isLinked":true},"border_color":"#ffffff"},"elements":[],"isInner":false,"widgetType":"button","elType":"widget"}],"isInner":true,"elType":"column"},{"id":"3e3aa2d1","settings":{"_column_size":50,"_inline_size":null},"elements":[{"id":"500e013","settings":{"text":"Learn More About","align":"left","align_mobile":"center","size":"md","typography_typography":"custom","typography_font_weight":"700","button_text_color":"#ffffff","background_color":"rgba(0,0,0,0)","hover_color":"#000000","button_background_hover_color":"#ffffff","button_hover_border_color":"#ffffff","border_border":"solid","border_width":{"unit":"px","top":"2","right":"2","bottom":"2","left":"2","isLinked":true},"border_color":"#ffffff","text_padding":{"unit":"px","top":"18","right":"40","bottom":"18","left":"40","isLinked":false}},"elements":[],"isInner":false,"widgetType":"button","elType":"widget"}],"isInner":true,"elType":"column"}],"isInner":true,"elType":"section"}],"isInner":false,"elType":"column"},{"id":"11c68a28","settings":{"_column_size":50,"_inline_size":null,"_inline_size_tablet":100,"_inline_size_mobile":100},"elements":[],"isInner":false,"elType":"column"}],"isInner":false,"elType":"section"}]}