{"version":"0.4","title":"hero-blocks-3","type":"section","content":[{"id":"70977045","settings":{"layout":"full_width"},"elements":[{"id":"2e301611","settings":{"_column_size":100,"padding":{"unit":"px","top":"0","right":"0","bottom":"0","left":"0","isLinked":true}},"elements":[{"id":"f1e825d","settings":{"show_tag":"","show_button":"yes","show_meta":"","content_align":"center","button_text":"Know More Details","icon":"fa fa-angle-right","title_typography_typography":"custom","title_typography_font_size":{"unit":"px","size":92},"title_typography_font_size_tablet":{"unit":"px","size":36},"title_typography_font_size_mobile":{"unit":"px","size":21},"title_typography_line_height":{"unit":"em","size":1.100000000000000088817841970012523233890533447265625},"text_typography_typography":"custom","text_spacing":{"unit":"px","size":20},"button_border_border":"solid","button_border_width":{"unit":"px","top":"2","right":"2","bottom":"2","left":"2","isLinked":true},"button_border_color":"#ffffff","button_border_radius":{"unit":"px","top":"50","right":"50","bottom":"50","left":"50","isLinked":true},"button_padding":{"unit":"px","top":"15","right":"40","bottom":"15","left":"40","isLinked":false},"button_spacing":{"unit":"px","size":50},"button_typography_typography":"custom","button_typography_font_weight":"700","hover_color":"#000000","button_hover_background_color":"#ffffff","button_hover_border_color":"#ffffff","title_color":"#ffffff","text_color":"rgba(255,255,255,0.69)","button_text_color":"#ffffff","pagination_text_color":"#ffffff"},"elements":[],"isInner":false,"widgetType":"bdt-post-slider","elType":"widget"}],"isInner":false,"elType":"column"}],"isInner":false,"elType":"section"}]}