{"version":"0.4","title":"hero-blocks-2","type":"section","content":[{"id":"1723ca91","settings":{"structure":"33","padding":{"unit":"px","top":"150","right":"0","bottom":"150","left":"0","isLinked":false},"padding_tablet":{"unit":"px","top":"80","right":"30","bottom":"80","left":"30","isLinked":false},"padding_mobile":{"unit":"px","top":"50","right":"15","bottom":"50","left":"15","isLinked":false},"_element_id":"section-2"},"elements":[{"id":"16dcf5ae","settings":{"_column_size":25,"_inline_size":null,"_inline_size_tablet":100},"elements":[],"isInner":false,"elType":"column"},{"id":"28d789f0","settings":{"_column_size":50,"_inline_size":null,"_inline_size_tablet":100},"elements":[{"id":"5c85ef02","settings":{"image":{"id":47136,"url":"https:\/\/bdthemes.net\/demo\/ready-pages\/ready-blocks\/wp-content\/uploads\/2019\/04\/1.png"},"title_text":"Heading Your Hero Section","description_text":"Far far away, behind the word mountains, far from the countries Vokalia and Consonantia, there live the blind texts. Separated they live in Bookmarksgrove right at the coast of the Semantics, a large language ocean. ","title_size":"h1","title_typography_typography":"custom","title_typography_font_size_mobile":{"unit":"px","size":24},"_margin":{"unit":"px","top":"0","right":"0","bottom":"50","left":"0","isLinked":false},"hover_animation":"wobble-top","title_color":"#202020"},"elements":[],"isInner":false,"widgetType":"image-box","elType":"widget"},{"id":"9b14da7","settings":{"structure":"20"},"elements":[{"id":"356b865e","settings":{"_column_size":50,"_inline_size":null},"elements":[{"id":"4759312e","settings":{"text":"Purchase Now For $29","align":"right","align_mobile":"center","size":"md","typography_typography":"custom","typography_font_weight":"700","background_color":"#ed6639","text_padding":{"unit":"px","top":"20","right":"40","bottom":"20","left":"40","isLinked":false}},"elements":[],"isInner":false,"widgetType":"button","elType":"widget"}],"isInner":true,"elType":"column"},{"id":"51e1b2ca","settings":{"_column_size":50,"_inline_size":null},"elements":[{"id":"4e295510","settings":{"text":"Learn More About","align":"left","align_mobile":"center","size":"md","typography_typography":"custom","typography_font_weight":"700","button_text_color":"#000000","background_color":"rgba(237,102,57,0)","hover_color":"#ffffff","button_background_hover_color":"#ed6639","button_hover_border_color":"#ed6639","border_border":"solid","border_width":{"unit":"px","top":"2","right":"2","bottom":"2","left":"2","isLinked":true},"border_color":"#ed6639","text_padding":{"unit":"px","top":"18","right":"40","bottom":"18","left":"40","isLinked":false}},"elements":[],"isInner":false,"widgetType":"button","elType":"widget"}],"isInner":true,"elType":"column"}],"isInner":true,"elType":"section"},{"id":"3643aaeb","settings":{"scroll_button_text":"","section_id":"section-3","scroll_button_icon":"fa fa-angle-double-down","icon_indent":{"unit":"px","size":4},"scroll_button_text_color":"#ed6639","scroll_button_background_color":"rgba(0,0,0,0.05)","border_radius":{"unit":"px","top":"100","right":"100","bottom":"100","left":"100","isLinked":true},"scroll_button_padding":{"unit":"px","top":"5","right":"20","bottom":"5","left":"16","isLinked":false},"_margin":{"unit":"px","top":"40","right":"0","bottom":"0","left":"0","isLinked":false}},"elements":[],"isInner":false,"widgetType":"bdt-scroll-button","elType":"widget"}],"isInner":false,"elType":"column"},{"id":"6f0305f8","settings":{"_column_size":25,"_inline_size":null,"_inline_size_tablet":100},"elements":[],"isInner":false,"elType":"column"}],"isInner":false,"elType":"section"}]}