{"version":"0.4","title":"Footer Demo Set 8-1","type":"section","content":[{"id":"10e5e918","settings":{"gap":"wide","structure":"40","background_background":"classic","background_color":"#23242c","padding":{"unit":"px","top":"100","right":"0","bottom":"100","left":"0","isLinked":false},"padding_tablet":{"unit":"px","top":"80","right":"30","bottom":"80","left":"30","isLinked":false},"padding_mobile":{"unit":"px","top":"50","right":"15","bottom":"50","left":"15","isLinked":false}},"elements":[{"id":"65c4fe23","settings":{"_column_size":25,"_inline_size":null,"_inline_size_tablet":50,"content_position":"bottom","margin":{"unit":"px","top":"38","right":"0","bottom":"0","left":"0","isLinked":false}},"elements":[{"id":"3864b223","settings":{"title":"About Us","link":{"url":"#","is_external":"","nofollow":""},"header_size":"h3","align":"left","title_color":"#ffffff","typography_typography":"custom","typography_font_weight":"600","align_tablet":"center","align_mobile":"center","typography_font_size":{"unit":"px","size":16}},"elements":[],"isInner":false,"widgetType":"heading","elType":"widget"},{"id":"6647e0e4","settings":{"editor":"<p><strong>The Horticulture\u00a0<\/strong>Numbering PlanOne morning, when Gregor Samsa woke from troubled dreams.<\/p>","align":"left","text_color":"rgba(255,255,255,0.8)","align_tablet":"center"},"elements":[],"isInner":false,"widgetType":"text-editor","elType":"widget"}],"isInner":false,"elType":"column"},{"id":"50f2cf88","settings":{"_column_size":25,"_inline_size":null,"_inline_size_tablet":50},"elements":[{"id":"d14f869","settings":{"icon":"fa fa-location-arrow","title_text":"Location ","description_text":"United States Fund for UNICEF 125 Maiden Lane, 11th Floor New York","primary_color":"#96c93d","icon_space":{"unit":"px","size":10},"icon_size":{"unit":"px","size":40},"title_color":"#ffffff","title_typography_typography":"custom","title_typography_font_size":{"unit":"px","size":16},"description_color":"rgba(255,255,255,0.8)","selected_icon":{"value":"fas fa-location-arrow","library":"fa-solid"}},"elements":[],"isInner":false,"widgetType":"icon-box","elType":"widget"}],"isInner":false,"elType":"column"},{"id":"18c43e63","settings":{"_column_size":25,"_inline_size":null,"_inline_size_tablet":50},"elements":[{"id":"6d8fd377","settings":{"icon":"fa fa-mobile-phone","title_text":"Contact Us","description_text":"United States of America. Phone: 706-428-2127, 706-363-8753...","primary_color":"#96c93d","icon_space":{"unit":"px","size":10},"icon_size":{"unit":"px","size":40},"title_color":"#ffffff","title_typography_typography":"custom","title_typography_font_size":{"unit":"px","size":16},"description_color":"rgba(255,255,255,0.8)","selected_icon":{"value":"fas fa-mobile-alt","library":"fa-solid"}},"elements":[],"isInner":false,"widgetType":"icon-box","elType":"widget"}],"isInner":false,"elType":"column"},{"id":"606a1f96","settings":{"_column_size":25,"_inline_size":null,"_inline_size_tablet":50},"elements":[{"id":"6ddd2522","settings":{"icon":"fa fa-envelope-o","title_text":"Mailing Adress","description_text":"info@horticulture.com\nsupport@horticulture.com","primary_color":"#96c93d","icon_space":{"unit":"px","size":10},"icon_size":{"unit":"px","size":40},"title_color":"#ffffff","title_typography_typography":"custom","title_typography_font_size":{"unit":"px","size":16},"description_color":"rgba(255,255,255,0.8)","selected_icon":{"value":"far fa-envelope","library":"fa-regular"}},"elements":[],"isInner":false,"widgetType":"icon-box","elType":"widget"}],"isInner":false,"elType":"column"}],"isInner":false,"elType":"section"}],"page_settings":{"background_color_stop":{"unit":"%","size":"0","sizes":[]},"background_color_b_stop":{"unit":"%","size":"100","sizes":[]},"background_gradient_angle":{"unit":"deg","size":"180","sizes":[]},"background_xpos":{"unit":"px","size":"0","sizes":[]},"background_xpos_tablet":{"unit":"px","size":"0","sizes":[]},"background_xpos_mobile":{"unit":"px","size":"0","sizes":[]},"background_ypos":{"unit":"px","size":"0","sizes":[]},"background_ypos_tablet":{"unit":"px","size":"0","sizes":[]},"background_ypos_mobile":{"unit":"px","size":"0","sizes":[]},"background_bg_width":{"unit":"%","size":"100","sizes":[]},"background_bg_width_tablet":{"unit":"px","size":"","sizes":[]},"background_bg_width_mobile":{"unit":"px","size":"","sizes":[]},"element_pack_toolbar_typography_font_size":{"unit":"px","size":"","sizes":[]},"element_pack_toolbar_typography_font_size_tablet":{"unit":"px","size":"","sizes":[]},"element_pack_toolbar_typography_font_size_mobile":{"unit":"px","size":"","sizes":[]},"element_pack_toolbar_typography_line_height":{"unit":"em","size":"","sizes":[]},"element_pack_toolbar_typography_line_height_tablet":{"unit":"em","size":"","sizes":[]},"element_pack_toolbar_typography_line_height_mobile":{"unit":"em","size":"","sizes":[]},"element_pack_toolbar_typography_letter_spacing":{"unit":"px","size":"","sizes":[]},"element_pack_toolbar_typography_letter_spacing_tablet":{"unit":"px","size":"","sizes":[]},"element_pack_toolbar_typography_letter_spacing_mobile":{"unit":"px","size":"","sizes":[]},"element_pack_global_tooltip_width":{"unit":"px","size":"","sizes":[]},"element_pack_global_tooltip_width_tablet":{"unit":"px","size":"","sizes":[]},"element_pack_global_tooltip_width_mobile":{"unit":"px","size":"","sizes":[]},"element_pack_global_tooltip_background_color_stop":{"unit":"%","size":"0","sizes":[]},"element_pack_global_tooltip_background_color_b_stop":{"unit":"%","size":"100","sizes":[]},"element_pack_global_tooltip_background_gradient_angle":{"unit":"deg","size":"180","sizes":[]},"element_pack_global_tooltip_background_xpos":{"unit":"px","size":"0","sizes":[]},"element_pack_global_tooltip_background_xpos_tablet":{"unit":"px","size":"0","sizes":[]},"element_pack_global_tooltip_background_xpos_mobile":{"unit":"px","size":"0","sizes":[]},"element_pack_global_tooltip_background_ypos":{"unit":"px","size":"0","sizes":[]},"element_pack_global_tooltip_background_ypos_tablet":{"unit":"px","size":"0","sizes":[]},"element_pack_global_tooltip_background_ypos_mobile":{"unit":"px","size":"0","sizes":[]},"element_pack_global_tooltip_background_bg_width":{"unit":"%","size":"100","sizes":[]},"element_pack_global_tooltip_background_bg_width_tablet":{"unit":"px","size":"","sizes":[]},"element_pack_global_tooltip_background_bg_width_mobile":{"unit":"px","size":"","sizes":[]},"element_pack_global_tooltip_typography_font_size":{"unit":"px","size":"","sizes":[]},"element_pack_global_tooltip_typography_font_size_tablet":{"unit":"px","size":"","sizes":[]},"element_pack_global_tooltip_typography_font_size_mobile":{"unit":"px","size":"","sizes":[]},"element_pack_global_tooltip_typography_line_height":{"unit":"em","size":"","sizes":[]},"element_pack_global_tooltip_typography_line_height_tablet":{"unit":"em","size":"","sizes":[]},"element_pack_global_tooltip_typography_line_height_mobile":{"unit":"em","size":"","sizes":[]},"element_pack_global_tooltip_typography_letter_spacing":{"unit":"px","size":"","sizes":[]},"element_pack_global_tooltip_typography_letter_spacing_tablet":{"unit":"px","size":"","sizes":[]},"element_pack_global_tooltip_typography_letter_spacing_mobile":{"unit":"px","size":"","sizes":[]}}}