{"version":"0.4","title":"Footer Demo Set 8-2","type":"section","content":[{"id":"62df77ee","settings":{"background_background":"classic","background_image":{"id":47754,"url":"http:\/\/192.168.1.100\/others-ready-pages\/wp-content\/uploads\/2019\/04\/bg2.png"},"padding":{"unit":"px","top":"300","right":"0","bottom":"100","left":"0","isLinked":false},"background_position_tablet":"center center","background_position_mobile":"center center","padding_tablet":{"unit":"px","top":"80","right":"30","bottom":"80","left":"30","isLinked":false},"padding_mobile":{"unit":"px","top":"50","right":"20","bottom":"50","left":"20","isLinked":false}},"elements":[{"id":"57d4c9ba","settings":{"_column_size":100,"padding":{"unit":"px","top":"0","right":"0","bottom":"0","left":"0","isLinked":true},"_inline_size_tablet":100,"_inline_size_mobile":100},"elements":[{"id":"563144eb","settings":{"structure":"20"},"elements":[{"id":"53b15b33","settings":{"_column_size":50,"_inline_size":null,"_inline_size_tablet":100,"content_position":"center"},"elements":[{"id":"584df868","settings":{"social_icon_list":[{"social":"fa fa-facebook","_id":"a501975","link":{"url":"","is_external":"true","nofollow":""},"social_icon":{"value":"fab fa-wordpress","library":"fa-brands"},"item_icon_color":"default","item_icon_primary_color":"","item_icon_secondary_color":""},{"social":"fa fa-twitter","_id":"2957f74","link":{"url":"","is_external":"true","nofollow":""},"social_icon":{"value":"fab fa-wordpress","library":"fa-brands"},"item_icon_color":"default","item_icon_primary_color":"","item_icon_secondary_color":""},{"social":"fa fa-google-plus","_id":"8280b61","link":{"url":"","is_external":"true","nofollow":""},"social_icon":{"value":"fab fa-wordpress","library":"fa-brands"},"item_icon_color":"default","item_icon_primary_color":"","item_icon_secondary_color":""},{"social":"fa fa-instagram","_id":"e4d8aef","link":{"url":"","is_external":"true","nofollow":""},"social_icon":{"value":"fab fa-wordpress","library":"fa-brands"},"item_icon_color":"default","item_icon_primary_color":"","item_icon_secondary_color":""},{"social":"fa fa-pinterest","_id":"5463e6b","link":{"url":"","is_external":"true","nofollow":""},"social_icon":{"value":"fab fa-wordpress","library":"fa-brands"},"item_icon_color":"default","item_icon_primary_color":"","item_icon_secondary_color":""}],"shape":"circle","icon_size":{"unit":"px","size":15},"icon_padding":{"unit":"em","size":1.5},"icon_spacing":{"unit":"px","size":15},"hover_animation":"push","_margin":{"unit":"px","top":"50","right":"0","bottom":"30","left":"0","isLinked":false},"icon_size_mobile":{"unit":"px","size":10},"icon_padding_mobile":{"unit":"em","size":1.8000000000000000444089209850062616169452667236328125},"icon_spacing_mobile":{"unit":"px","size":8},"icon_color":"custom","icon_primary_color":"rgba(0,0,0,0)","icon_secondary_color":"#000000","image_border_border":"solid","image_border_color":"#28d400","hover_primary_color":"#28d400","hover_secondary_color":"#ffffff"},"elements":[],"isInner":false,"widgetType":"social-icons","elType":"widget"},{"id":"488872ea","settings":{"editor":"<p>\u00a9 Copyright 2019 All Rights Reserved by\u00a0<a title=\"Element Pack\" href=\"http:\/\/192.168.1.100\/ready-pages\/\">Element Pack<\/a><\/p>","align":"center","text_color":"#28d400","typography_typography":"custom","typography_font_family":"EB Garamond"},"elements":[],"isInner":false,"widgetType":"text-editor","elType":"widget"}],"isInner":true,"elType":"column"},{"id":"316e8f54","settings":{"_column_size":50,"_inline_size":null,"_inline_size_tablet":100,"_inline_size_mobile":100,"padding_tablet":{"unit":"px","top":"80","right":"80","bottom":"80","left":"80","isLinked":true},"padding_mobile":{"unit":"px","top":"50","right":"0","bottom":"0","left":"0","isLinked":false}},"elements":[{"id":"6b6c1beb","settings":{"title":"<span style=\"color:#27d400\">Contact<\/span> Us Now\n ","align":"left","typography_typography":"custom","typography_font_family":"Dancing Script","typography_font_size":{"unit":"px","size":50},"typography_line_height":{"unit":"em","size":1.1999999999999999555910790149937383830547332763671875},"_margin":{"unit":"px","top":"0","right":"0","bottom":"35","left":"0","isLinked":false},"title_color":"#000000"},"elements":[],"isInner":false,"widgetType":"heading","elType":"widget"},{"id":"7b572f95","settings":{"show_labels":"","name_email_field_inline":"yes","button_text":"Send Message","custom_text":"yes","user_name_label":"Name*","user_name_placeholder":"John Doe","contact_label":"Contact Number","contact_placeholder":"Your contact number","subject_label":"Subject*","subject_placeholder":"Your message subject","email_address_label":"Email*","email_placeholder":"example@email.com","message_label":"Your Message*","message_placeholder":"Write Your Message","additional_message":"Note: You have to fill-up above all respective field, then click below button for send your message","row_gap":{"unit":"px","size":35,"sizes":[]},"field_background_color":"#ffffff","field_border_radius":{"unit":"px","top":"20","right":"20","bottom":"20","left":"20","isLinked":true},"field_padding":{"unit":"px","top":"12","right":"12","bottom":"12","left":"30","isLinked":false},"button_typography_typography":"custom","button_typography_font_family":"EB Garamond","button_background_color_background":"classic","button_background_color_color":"#28d400","button_border_radius":{"unit":"px","top":"1000","right":"1000","bottom":"1000","left":"1000","isLinked":true},"button_text_padding":{"unit":"px","top":"16","right":"30","bottom":"16","left":"30","isLinked":false},"button_background_hover_color_background":"classic","button_background_hover_color_color":"#23a455","row_gap_tablet":{"unit":"px","size":17,"sizes":[]},"row_gap_mobile":{"unit":"px","size":15,"sizes":[]},"field_text_color":"#28d400","field_placeholder_color":"rgba(40,212,0,0.6)"},"elements":[],"isInner":false,"widgetType":"bdt-contact-form","elType":"widget"}],"isInner":true,"elType":"column"}],"isInner":true,"elType":"section"}],"isInner":false,"elType":"column"}],"isInner":false,"elType":"section"}],"page_settings":{"background_color_stop":{"unit":"%","size":"0","sizes":[]},"background_color_b_stop":{"unit":"%","size":"100","sizes":[]},"background_gradient_angle":{"unit":"deg","size":"180","sizes":[]},"background_xpos":{"unit":"px","size":"0","sizes":[]},"background_xpos_tablet":{"unit":"px","size":"0","sizes":[]},"background_xpos_mobile":{"unit":"px","size":"0","sizes":[]},"background_ypos":{"unit":"px","size":"0","sizes":[]},"background_ypos_tablet":{"unit":"px","size":"0","sizes":[]},"background_ypos_mobile":{"unit":"px","size":"0","sizes":[]},"background_bg_width":{"unit":"%","size":"100","sizes":[]},"background_bg_width_tablet":{"unit":"px","size":"","sizes":[]},"background_bg_width_mobile":{"unit":"px","size":"","sizes":[]},"element_pack_toolbar_typography_font_size":{"unit":"px","size":"","sizes":[]},"element_pack_toolbar_typography_font_size_tablet":{"unit":"px","size":"","sizes":[]},"element_pack_toolbar_typography_font_size_mobile":{"unit":"px","size":"","sizes":[]},"element_pack_toolbar_typography_line_height":{"unit":"em","size":"","sizes":[]},"element_pack_toolbar_typography_line_height_tablet":{"unit":"em","size":"","sizes":[]},"element_pack_toolbar_typography_line_height_mobile":{"unit":"em","size":"","sizes":[]},"element_pack_toolbar_typography_letter_spacing":{"unit":"px","size":"","sizes":[]},"element_pack_toolbar_typography_letter_spacing_tablet":{"unit":"px","size":"","sizes":[]},"element_pack_toolbar_typography_letter_spacing_mobile":{"unit":"px","size":"","sizes":[]},"element_pack_global_tooltip_width":{"unit":"px","size":"","sizes":[]},"element_pack_global_tooltip_width_tablet":{"unit":"px","size":"","sizes":[]},"element_pack_global_tooltip_width_mobile":{"unit":"px","size":"","sizes":[]},"element_pack_global_tooltip_background_color_stop":{"unit":"%","size":"0","sizes":[]},"element_pack_global_tooltip_background_color_b_stop":{"unit":"%","size":"100","sizes":[]},"element_pack_global_tooltip_background_gradient_angle":{"unit":"deg","size":"180","sizes":[]},"element_pack_global_tooltip_background_xpos":{"unit":"px","size":"0","sizes":[]},"element_pack_global_tooltip_background_xpos_tablet":{"unit":"px","size":"0","sizes":[]},"element_pack_global_tooltip_background_xpos_mobile":{"unit":"px","size":"0","sizes":[]},"element_pack_global_tooltip_background_ypos":{"unit":"px","size":"0","sizes":[]},"element_pack_global_tooltip_background_ypos_tablet":{"unit":"px","size":"0","sizes":[]},"element_pack_global_tooltip_background_ypos_mobile":{"unit":"px","size":"0","sizes":[]},"element_pack_global_tooltip_background_bg_width":{"unit":"%","size":"100","sizes":[]},"element_pack_global_tooltip_background_bg_width_tablet":{"unit":"px","size":"","sizes":[]},"element_pack_global_tooltip_background_bg_width_mobile":{"unit":"px","size":"","sizes":[]},"element_pack_global_tooltip_typography_font_size":{"unit":"px","size":"","sizes":[]},"element_pack_global_tooltip_typography_font_size_tablet":{"unit":"px","size":"","sizes":[]},"element_pack_global_tooltip_typography_font_size_mobile":{"unit":"px","size":"","sizes":[]},"element_pack_global_tooltip_typography_line_height":{"unit":"em","size":"","sizes":[]},"element_pack_global_tooltip_typography_line_height_tablet":{"unit":"em","size":"","sizes":[]},"element_pack_global_tooltip_typography_line_height_mobile":{"unit":"em","size":"","sizes":[]},"element_pack_global_tooltip_typography_letter_spacing":{"unit":"px","size":"","sizes":[]},"element_pack_global_tooltip_typography_letter_spacing_tablet":{"unit":"px","size":"","sizes":[]},"element_pack_global_tooltip_typography_letter_spacing_mobile":{"unit":"px","size":"","sizes":[]}}}