{"version":"0.4","title":"orphan-features-blocks-3","type":"section","content":[{"id":"19608a99","settings":{"padding":{"unit":"px","top":"150","right":"0","bottom":"150","left":"0","isLinked":false},"background_background":"classic","padding_tablet":{"unit":"px","top":"80","right":"30","bottom":"80","left":"30","isLinked":false},"padding_mobile":{"unit":"px","top":"50","right":"15","bottom":"50","left":"15","isLinked":false},"border_border":"solid","border_width":{"unit":"px","top":"1","right":"0","bottom":"0","left":"0","isLinked":false},"border_color":"#e8e8e8","sticky":"","sticky_on":["desktop","tablet","mobile"],"sticky_offset":0,"sticky_effects_offset":0,"custom_css":""},"elements":[{"id":"15f9029b","settings":{"_column_size":100,"padding":{"unit":"px","top":"0","right":"0","bottom":"0","left":"0","isLinked":true},"_inline_size_mobile":100,"_inline_size_tablet":100,"custom_css":""},"elements":[{"id":"1c777889","settings":{"title":"Orphanage Features","align":"left","element_pack_widget_tooltip_text":"This is Tooltip","typography_typography":"custom","typography_font_size_mobile":{"unit":"px","size":22,"sizes":[]},"_margin":{"unit":"px","top":"0","right":"0","bottom":"0","left":"30","isLinked":false},"_margin_mobile":{"unit":"px","top":"0","right":"0","bottom":"0","left":"30","isLinked":false},"element_pack_widget_tooltip":"","element_pack_widget_tooltip_placement":"top","element_pack_widget_tooltip_animation":"shift-toward","element_pack_widget_tooltip_x_offset":0,"element_pack_widget_tooltip_y_offset":0,"element_pack_widget_tooltip_arrow":"","element_pack_widget_tooltip_width":{"unit":"px","size":""},"element_pack_widget_tooltip_width_tablet":{"unit":"px","size":""},"element_pack_widget_tooltip_width_mobile":{"unit":"px","size":""},"element_pack_widget_tooltip_typography_typography":"","element_pack_widget_tooltip_typography_font_family":"","element_pack_widget_tooltip_typography_font_size":{"unit":"px","size":""},"element_pack_widget_tooltip_typography_font_size_tablet":{"unit":"px","size":""},"element_pack_widget_tooltip_typography_font_size_mobile":{"unit":"px","size":""},"element_pack_widget_tooltip_typography_font_weight":"","element_pack_widget_tooltip_typography_text_transform":"","element_pack_widget_tooltip_typography_font_style":"","element_pack_widget_tooltip_typography_text_decoration":"","element_pack_widget_tooltip_typography_line_height":{"unit":"em","size":""},"element_pack_widget_tooltip_typography_line_height_tablet":{"unit":"em","size":""},"element_pack_widget_tooltip_typography_line_height_mobile":{"unit":"em","size":""},"element_pack_widget_tooltip_typography_letter_spacing":{"unit":"px","size":""},"element_pack_widget_tooltip_typography_letter_spacing_tablet":{"unit":"px","size":""},"element_pack_widget_tooltip_typography_letter_spacing_mobile":{"unit":"px","size":""},"element_pack_widget_tooltip_color":"","element_pack_widget_tooltip_text_align":"center","element_pack_widget_tooltip_background_background":"","element_pack_widget_tooltip_background_color":"","element_pack_widget_tooltip_background_color_stop":{"unit":"%","size":0},"element_pack_widget_tooltip_background_color_b":"#f2295b","element_pack_widget_tooltip_background_color_b_stop":{"unit":"%","size":100},"element_pack_widget_tooltip_background_gradient_type":"linear","element_pack_widget_tooltip_background_gradient_angle":{"unit":"deg","size":180},"element_pack_widget_tooltip_background_gradient_position":"center center","element_pack_widget_tooltip_background_image":{"url":"","id":""},"element_pack_widget_tooltip_background_position":"","element_pack_widget_tooltip_background_attachment":"","element_pack_widget_tooltip_background_repeat":"","element_pack_widget_tooltip_background_size":"","element_pack_widget_tooltip_background_video_link":"","element_pack_widget_tooltip_background_video_start":"","element_pack_widget_tooltip_background_video_end":"","element_pack_widget_tooltip_background_video_fallback":{"url":"","id":""},"element_pack_widget_tooltip_arrow_color":"","element_pack_widget_tooltip_padding":{"unit":"px","top":"","right":"","bottom":"","left":"","isLinked":true},"element_pack_widget_tooltip_padding_tablet":{"unit":"px","top":"","right":"","bottom":"","left":"","isLinked":true},"element_pack_widget_tooltip_padding_mobile":{"unit":"px","top":"","right":"","bottom":"","left":"","isLinked":true},"element_pack_widget_tooltip_border_border":"","element_pack_widget_tooltip_border_width":{"unit":"px","top":"","right":"","bottom":"","left":"","isLinked":true},"element_pack_widget_tooltip_border_color":"","element_pack_widget_tooltip_border_radius":{"unit":"px","top":"","right":"","bottom":"","left":"","isLinked":true},"element_pack_widget_tooltip_border_radius_tablet":{"unit":"px","top":"","right":"","bottom":"","left":"","isLinked":true},"element_pack_widget_tooltip_border_radius_mobile":{"unit":"px","top":"","right":"","bottom":"","left":"","isLinked":true},"element_pack_widget_tooltip_box_shadow_box_shadow_type":"","element_pack_widget_tooltip_box_shadow_box_shadow":{"horizontal":0,"vertical":0,"blur":10,"spread":0,"color":"rgba(0,0,0,0.5)"},"element_pack_widget_tooltip_box_shadow_box_shadow_position":" ","sticky":"","sticky_on":["desktop","tablet","mobile"],"sticky_offset":0,"sticky_effects_offset":0,"sticky_parent":"","custom_css":"","align_mobile":"left","title_color":"#000000","typography_font_family":"Fjalla One","typography_font_weight":"300","typography_line_height":{"unit":"em","size":1.5,"sizes":[]}},"elements":[],"isInner":false,"widgetType":"heading","elType":"widget"},{"id":"f4b70da","settings":{"title":"An estimated 153 million children worldwide are orphans","align":"left","align_mobile":"left","title_color":"rgba(0,0,0,0.7)","typography_typography":"custom","typography_font_size":{"unit":"px","size":24,"sizes":[]},"typography_font_size_mobile":{"unit":"px","size":22,"sizes":[]},"typography_font_weight":"300","_margin":{"unit":"px","top":"0","right":"0","bottom":"0","left":"30","isLinked":false},"_margin_mobile":{"unit":"px","top":"0","right":"0","bottom":"0","left":"30","isLinked":false}},"elements":[],"isInner":false,"widgetType":"heading","elType":"widget"},{"id":"63ef5e44","settings":{"gap":"wide","structure":"30","sticky":"","sticky_on":["desktop","tablet","mobile"],"sticky_offset":0,"sticky_effects_offset":0,"custom_css":""},"elements":[{"id":"dce63b5","settings":{"_column_size":33,"_inline_size":null,"_inline_size_tablet":50,"_inline_size_mobile":100,"custom_css":""},"elements":[{"id":"53210c5f","settings":{"icon":"fa fa-gears","image":{"id":50588,"url":"https:\/\/bdthemes.net\/demo\/ready-pages\/ready-blocks\/wp-content\/uploads\/2019\/05\/home.png"},"title_text":"Home Support","description_text":"A wonderful serenity has taken possession of my entire soul, like these sweet mornings moment.","readmore_text":"Read More","icon_space":{"unit":"px","size":25},"title_bottom_space":{"unit":"px","size":10},"readmore_spacing":{"unit":"px","size":30},"element_pack_widget_tooltip_text":"This is Tooltip","left_icon_horizontal_offset":{"unit":"px","size":""},"left_right_icon_vertical_offset":{"unit":"px","size":7},"icon_padding":{"unit":"px","top":"30","right":"30","bottom":"30","left":"30","isLinked":true},"icon_size":{"unit":"px","size":60},"icon_size_tablet":{"unit":"px","size":40},"title_typography_typography":"custom","title_typography_font_size":{"unit":"px","size":18},"title_typography_font_size_tablet":{"unit":"px","size":20},"readmore_border_width":{"unit":"px","top":"0","right":"0","bottom":"0","left":"0","isLinked":true},"readmore_padding":{"unit":"px","top":"0","right":"0","bottom":"0","left":"0","isLinked":false},"readmore_typography_typography":"custom","readmore_typography_font_size":{"unit":"px","size":14},"readmore_typography_text_transform":"capitalize","readmore_hover_text_color":"#4054b2","readmore_hover_background_background":"classic","readmore_hover_background_color":"rgba(0,0,0,0)","readmore_hover_border_width":{"unit":"px","top":"0","right":"0","bottom":"0","left":"0","isLinked":true},"readmore_hover_border_color":"#14abf4","_padding":{"unit":"px","top":"30","right":"30","bottom":"30","left":"30","isLinked":true},"_background_hover_background":"classic","image_width":{"unit":"%","size":80},"_box_shadow_hover_box_shadow":{"horizontal":0,"vertical":10,"blur":20,"spread":0,"color":"rgba(255,0,153,0.05)"},"icon_color":"#000000","icon_background":"#14abf4","icon_radius":{"unit":"px","top":"10","right":"10","bottom":"10","left":"10","isLinked":true},"_background_background":"classic","icon_background_background":"classic","icon_background_color":"#f3f3f3","top_icon_vertical_offset":{"unit":"px","size":0},"rotate":{"unit":"deg","size":-45},"icon_background_rotate":{"unit":"deg","size":45},"icon_hover_color":"#000000","icon_hover_background_background":"classic","icon_hover_background_color":"#f3f3f3","icon_hover_rotate":{"unit":"deg","size":-50},"icon_hover_background_rotate":{"unit":"deg","size":50},"readmore_text_color":"#4a90e2","readmore_typography_font_weight":"300","readmore_hover_shadow_box_shadow_type":"yes","readmore_hover_shadow_box_shadow":{"horizontal":0,"vertical":1,"blur":0,"spread":0,"color":"#4054b2"},"badge_text":"OPPS!!","icon_radius_advanced":"75% 25% 43% 57% \/ 46% 29% 71% 54%","icon_type":"image","icon_typography_line_height_tablet":{"unit":"em","size":""},"icon_typography_line_height_mobile":{"unit":"em","size":""},"text_align":"left","title_typography_line_height_tablet":{"unit":"em","size":""},"title_typography_line_height_mobile":{"unit":"em","size":""},"description_typography_line_height_tablet":{"unit":"em","size":""},"description_typography_line_height_mobile":{"unit":"em","size":""},"readmore_typography_line_height_tablet":{"unit":"em","size":""},"readmore_typography_line_height_mobile":{"unit":"em","size":""},"badge_typography_line_height_tablet":{"unit":"em","size":""},"badge_typography_line_height_mobile":{"unit":"em","size":""},"element_pack_widget_tooltip":"","element_pack_widget_tooltip_placement":"top","element_pack_widget_tooltip_animation":"shift-toward","element_pack_widget_tooltip_x_offset":0,"element_pack_widget_tooltip_y_offset":0,"element_pack_widget_tooltip_arrow":"","element_pack_widget_tooltip_width":{"unit":"px","size":""},"element_pack_widget_tooltip_width_tablet":{"unit":"px","size":""},"element_pack_widget_tooltip_width_mobile":{"unit":"px","size":""},"element_pack_widget_tooltip_typography_typography":"","element_pack_widget_tooltip_typography_font_family":"","element_pack_widget_tooltip_typography_font_size":{"unit":"px","size":""},"element_pack_widget_tooltip_typography_font_size_tablet":{"unit":"px","size":""},"element_pack_widget_tooltip_typography_font_size_mobile":{"unit":"px","size":""},"element_pack_widget_tooltip_typography_font_weight":"","element_pack_widget_tooltip_typography_text_transform":"","element_pack_widget_tooltip_typography_font_style":"","element_pack_widget_tooltip_typography_text_decoration":"","element_pack_widget_tooltip_typography_line_height":{"unit":"em","size":""},"element_pack_widget_tooltip_typography_line_height_tablet":{"unit":"em","size":""},"element_pack_widget_tooltip_typography_line_height_mobile":{"unit":"em","size":""},"element_pack_widget_tooltip_typography_letter_spacing":{"unit":"px","size":""},"element_pack_widget_tooltip_typography_letter_spacing_tablet":{"unit":"px","size":""},"element_pack_widget_tooltip_typography_letter_spacing_mobile":{"unit":"px","size":""},"element_pack_widget_tooltip_color":"","element_pack_widget_tooltip_text_align":"center","element_pack_widget_tooltip_background_background":"","element_pack_widget_tooltip_background_color":"","element_pack_widget_tooltip_background_color_stop":{"unit":"%","size":0},"element_pack_widget_tooltip_background_color_b":"#f2295b","element_pack_widget_tooltip_background_color_b_stop":{"unit":"%","size":100},"element_pack_widget_tooltip_background_gradient_type":"linear","element_pack_widget_tooltip_background_gradient_angle":{"unit":"deg","size":180},"element_pack_widget_tooltip_background_gradient_position":"center center","element_pack_widget_tooltip_background_image":{"url":"","id":""},"element_pack_widget_tooltip_background_position":"","element_pack_widget_tooltip_background_attachment":"","element_pack_widget_tooltip_background_repeat":"","element_pack_widget_tooltip_background_size":"","element_pack_widget_tooltip_background_video_link":"","element_pack_widget_tooltip_background_video_start":"","element_pack_widget_tooltip_background_video_end":"","element_pack_widget_tooltip_background_video_fallback":{"url":"","id":""},"element_pack_widget_tooltip_arrow_color":"","element_pack_widget_tooltip_padding":{"unit":"px","top":"","right":"","bottom":"","left":"","isLinked":true},"element_pack_widget_tooltip_padding_tablet":{"unit":"px","top":"","right":"","bottom":"","left":"","isLinked":true},"element_pack_widget_tooltip_padding_mobile":{"unit":"px","top":"","right":"","bottom":"","left":"","isLinked":true},"element_pack_widget_tooltip_border_border":"","element_pack_widget_tooltip_border_width":{"unit":"px","top":"","right":"","bottom":"","left":"","isLinked":true},"element_pack_widget_tooltip_border_color":"","element_pack_widget_tooltip_border_radius":{"unit":"px","top":"","right":"","bottom":"","left":"","isLinked":true},"element_pack_widget_tooltip_border_radius_tablet":{"unit":"px","top":"","right":"","bottom":"","left":"","isLinked":true},"element_pack_widget_tooltip_border_radius_mobile":{"unit":"px","top":"","right":"","bottom":"","left":"","isLinked":true},"element_pack_widget_tooltip_box_shadow_box_shadow_type":"","element_pack_widget_tooltip_box_shadow_box_shadow":{"horizontal":0,"vertical":0,"blur":10,"spread":0,"color":"rgba(0,0,0,0.5)"},"element_pack_widget_tooltip_box_shadow_box_shadow_position":" ","sticky":"","sticky_on":["desktop","tablet","mobile"],"sticky_offset":0,"sticky_effects_offset":0,"sticky_parent":"","custom_css":"","_animation":"zoomIn","title_typography_font_family":"Fjalla One","title_typography_font_weight":"400"},"elements":[],"isInner":false,"widgetType":"bdt-advanced-icon-box","elType":"widget"}],"isInner":true,"elType":"column"},{"id":"42a0f34f","settings":{"_column_size":33,"_inline_size":null,"_inline_size_tablet":50,"_inline_size_mobile":100,"custom_css":""},"elements":[{"id":"6447edad","settings":{"icon":"fa fa-gears","image":{"id":50589,"url":"https:\/\/bdthemes.net\/demo\/ready-pages\/ready-blocks\/wp-content\/uploads\/2019\/05\/hand-2.png"},"title_text":"Need Donation","description_text":"A wonderful serenity has taken possession of my entire soul, like these sweet mornings moment.","readmore_text":"Read More","icon_space":{"unit":"px","size":25},"title_bottom_space":{"unit":"px","size":10},"readmore_spacing":{"unit":"px","size":30},"element_pack_widget_tooltip_text":"This is Tooltip","left_icon_horizontal_offset":{"unit":"px","size":""},"left_right_icon_vertical_offset":{"unit":"px","size":7},"icon_padding":{"unit":"px","top":"30","right":"30","bottom":"30","left":"30","isLinked":true},"icon_size":{"unit":"px","size":60},"icon_size_tablet":{"unit":"px","size":40},"title_typography_typography":"custom","title_typography_font_size":{"unit":"px","size":18},"title_typography_font_size_tablet":{"unit":"px","size":20},"readmore_border_width":{"unit":"px","top":"0","right":"0","bottom":"0","left":"0","isLinked":true},"readmore_padding":{"unit":"px","top":"0","right":"0","bottom":"0","left":"0","isLinked":false},"readmore_typography_typography":"custom","readmore_typography_font_size":{"unit":"px","size":14},"readmore_typography_text_transform":"capitalize","readmore_hover_text_color":"#4054b2","readmore_hover_background_background":"classic","readmore_hover_background_color":"rgba(0,0,0,0)","readmore_hover_border_width":{"unit":"px","top":"0","right":"0","bottom":"0","left":"0","isLinked":true},"readmore_hover_border_color":"#14abf4","_padding":{"unit":"px","top":"30","right":"30","bottom":"30","left":"30","isLinked":true},"_background_hover_background":"classic","image_width":{"unit":"%","size":80},"_box_shadow_hover_box_shadow":{"horizontal":0,"vertical":10,"blur":20,"spread":0,"color":"rgba(255,0,153,0.05)"},"icon_color":"#000000","icon_background":"#14abf4","icon_radius":{"unit":"px","top":"10","right":"10","bottom":"10","left":"10","isLinked":true},"_background_background":"classic","icon_background_background":"classic","icon_background_color":"#f3f3f3","top_icon_vertical_offset":{"unit":"px","size":0},"rotate":{"unit":"deg","size":-45},"icon_background_rotate":{"unit":"deg","size":45},"icon_hover_color":"#000000","icon_hover_background_background":"classic","icon_hover_background_color":"#f3f3f3","icon_hover_rotate":{"unit":"deg","size":-50},"icon_hover_background_rotate":{"unit":"deg","size":50},"readmore_text_color":"#4a90e2","readmore_typography_font_weight":"300","readmore_hover_shadow_box_shadow_type":"yes","readmore_hover_shadow_box_shadow":{"horizontal":0,"vertical":1,"blur":0,"spread":0,"color":"#4054b2"},"badge_text":"OPPS!!","icon_radius_advanced":"75% 25% 43% 57% \/ 46% 29% 71% 54%","icon_type":"image","icon_typography_line_height_tablet":{"unit":"em","size":""},"icon_typography_line_height_mobile":{"unit":"em","size":""},"text_align":"left","title_typography_line_height_tablet":{"unit":"em","size":""},"title_typography_line_height_mobile":{"unit":"em","size":""},"description_typography_line_height_tablet":{"unit":"em","size":""},"description_typography_line_height_mobile":{"unit":"em","size":""},"readmore_typography_line_height_tablet":{"unit":"em","size":""},"readmore_typography_line_height_mobile":{"unit":"em","size":""},"badge_typography_line_height_tablet":{"unit":"em","size":""},"badge_typography_line_height_mobile":{"unit":"em","size":""},"element_pack_widget_tooltip":"","element_pack_widget_tooltip_placement":"top","element_pack_widget_tooltip_animation":"shift-toward","element_pack_widget_tooltip_x_offset":0,"element_pack_widget_tooltip_y_offset":0,"element_pack_widget_tooltip_arrow":"","element_pack_widget_tooltip_width":{"unit":"px","size":""},"element_pack_widget_tooltip_width_tablet":{"unit":"px","size":""},"element_pack_widget_tooltip_width_mobile":{"unit":"px","size":""},"element_pack_widget_tooltip_typography_typography":"","element_pack_widget_tooltip_typography_font_family":"","element_pack_widget_tooltip_typography_font_size":{"unit":"px","size":""},"element_pack_widget_tooltip_typography_font_size_tablet":{"unit":"px","size":""},"element_pack_widget_tooltip_typography_font_size_mobile":{"unit":"px","size":""},"element_pack_widget_tooltip_typography_font_weight":"","element_pack_widget_tooltip_typography_text_transform":"","element_pack_widget_tooltip_typography_font_style":"","element_pack_widget_tooltip_typography_text_decoration":"","element_pack_widget_tooltip_typography_line_height":{"unit":"em","size":""},"element_pack_widget_tooltip_typography_line_height_tablet":{"unit":"em","size":""},"element_pack_widget_tooltip_typography_line_height_mobile":{"unit":"em","size":""},"element_pack_widget_tooltip_typography_letter_spacing":{"unit":"px","size":""},"element_pack_widget_tooltip_typography_letter_spacing_tablet":{"unit":"px","size":""},"element_pack_widget_tooltip_typography_letter_spacing_mobile":{"unit":"px","size":""},"element_pack_widget_tooltip_color":"","element_pack_widget_tooltip_text_align":"center","element_pack_widget_tooltip_background_background":"","element_pack_widget_tooltip_background_color":"","element_pack_widget_tooltip_background_color_stop":{"unit":"%","size":0},"element_pack_widget_tooltip_background_color_b":"#f2295b","element_pack_widget_tooltip_background_color_b_stop":{"unit":"%","size":100},"element_pack_widget_tooltip_background_gradient_type":"linear","element_pack_widget_tooltip_background_gradient_angle":{"unit":"deg","size":180},"element_pack_widget_tooltip_background_gradient_position":"center center","element_pack_widget_tooltip_background_image":{"url":"","id":""},"element_pack_widget_tooltip_background_position":"","element_pack_widget_tooltip_background_attachment":"","element_pack_widget_tooltip_background_repeat":"","element_pack_widget_tooltip_background_size":"","element_pack_widget_tooltip_background_video_link":"","element_pack_widget_tooltip_background_video_start":"","element_pack_widget_tooltip_background_video_end":"","element_pack_widget_tooltip_background_video_fallback":{"url":"","id":""},"element_pack_widget_tooltip_arrow_color":"","element_pack_widget_tooltip_padding":{"unit":"px","top":"","right":"","bottom":"","left":"","isLinked":true},"element_pack_widget_tooltip_padding_tablet":{"unit":"px","top":"","right":"","bottom":"","left":"","isLinked":true},"element_pack_widget_tooltip_padding_mobile":{"unit":"px","top":"","right":"","bottom":"","left":"","isLinked":true},"element_pack_widget_tooltip_border_border":"","element_pack_widget_tooltip_border_width":{"unit":"px","top":"","right":"","bottom":"","left":"","isLinked":true},"element_pack_widget_tooltip_border_color":"","element_pack_widget_tooltip_border_radius":{"unit":"px","top":"","right":"","bottom":"","left":"","isLinked":true},"element_pack_widget_tooltip_border_radius_tablet":{"unit":"px","top":"","right":"","bottom":"","left":"","isLinked":true},"element_pack_widget_tooltip_border_radius_mobile":{"unit":"px","top":"","right":"","bottom":"","left":"","isLinked":true},"element_pack_widget_tooltip_box_shadow_box_shadow_type":"","element_pack_widget_tooltip_box_shadow_box_shadow":{"horizontal":0,"vertical":0,"blur":10,"spread":0,"color":"rgba(0,0,0,0.5)"},"element_pack_widget_tooltip_box_shadow_box_shadow_position":" ","sticky":"","sticky_on":["desktop","tablet","mobile"],"sticky_offset":0,"sticky_effects_offset":0,"sticky_parent":"","custom_css":"","_animation":"zoomIn","_animation_delay":300,"title_typography_font_family":"Fjalla One","title_typography_font_weight":"400"},"elements":[],"isInner":false,"widgetType":"bdt-advanced-icon-box","elType":"widget"}],"isInner":true,"elType":"column"},{"id":"1c807576","settings":{"_column_size":33,"_inline_size":null,"_inline_size_tablet":50,"_inline_size_mobile":100,"custom_css":""},"elements":[{"id":"a5b3cbd","settings":{"icon":"fa fa-gears","image":{"id":50590,"url":"https:\/\/bdthemes.net\/demo\/ready-pages\/ready-blocks\/wp-content\/uploads\/2019\/05\/plan.png"},"title_text":"Bright Future","description_text":"A wonderful serenity has taken possession of my entire soul, like these sweet mornings moment.","readmore_text":"Read More","icon_space":{"unit":"px","size":25},"title_bottom_space":{"unit":"px","size":10},"readmore_spacing":{"unit":"px","size":30},"element_pack_widget_tooltip_text":"This is Tooltip","left_icon_horizontal_offset":{"unit":"px","size":""},"left_right_icon_vertical_offset":{"unit":"px","size":7},"icon_padding":{"unit":"px","top":"30","right":"30","bottom":"30","left":"30","isLinked":true},"icon_size":{"unit":"px","size":60},"icon_size_tablet":{"unit":"px","size":40},"title_typography_typography":"custom","title_typography_font_size":{"unit":"px","size":18},"title_typography_font_size_tablet":{"unit":"px","size":20},"readmore_border_width":{"unit":"px","top":"0","right":"0","bottom":"0","left":"0","isLinked":true},"readmore_padding":{"unit":"px","top":"0","right":"0","bottom":"0","left":"0","isLinked":false},"readmore_typography_typography":"custom","readmore_typography_font_size":{"unit":"px","size":14},"readmore_typography_text_transform":"capitalize","readmore_hover_text_color":"#4054b2","readmore_hover_background_background":"classic","readmore_hover_background_color":"rgba(0,0,0,0)","readmore_hover_border_width":{"unit":"px","top":"0","right":"0","bottom":"0","left":"0","isLinked":true},"readmore_hover_border_color":"#14abf4","_padding":{"unit":"px","top":"30","right":"30","bottom":"30","left":"30","isLinked":true},"_background_hover_background":"classic","image_width":{"unit":"%","size":80},"_box_shadow_hover_box_shadow":{"horizontal":0,"vertical":10,"blur":20,"spread":0,"color":"rgba(255,0,153,0.05)"},"icon_color":"#000000","icon_background":"#14abf4","icon_radius":{"unit":"px","top":"10","right":"10","bottom":"10","left":"10","isLinked":true},"_background_background":"classic","icon_background_background":"classic","icon_background_color":"#f3f3f3","top_icon_vertical_offset":{"unit":"px","size":0},"rotate":{"unit":"deg","size":-45},"icon_background_rotate":{"unit":"deg","size":45},"icon_hover_color":"#000000","icon_hover_background_background":"classic","icon_hover_background_color":"#f3f3f3","icon_hover_rotate":{"unit":"deg","size":-50},"icon_hover_background_rotate":{"unit":"deg","size":50},"readmore_text_color":"#4a90e2","readmore_typography_font_weight":"300","readmore_hover_shadow_box_shadow_type":"yes","readmore_hover_shadow_box_shadow":{"horizontal":0,"vertical":1,"blur":0,"spread":0,"color":"#4054b2"},"badge_text":"OPPS!!","icon_radius_advanced":"75% 25% 43% 57% \/ 46% 29% 71% 54%","icon_type":"image","icon_typography_line_height_tablet":{"unit":"em","size":""},"icon_typography_line_height_mobile":{"unit":"em","size":""},"text_align":"left","title_typography_line_height_tablet":{"unit":"em","size":""},"title_typography_line_height_mobile":{"unit":"em","size":""},"description_typography_line_height_tablet":{"unit":"em","size":""},"description_typography_line_height_mobile":{"unit":"em","size":""},"readmore_typography_line_height_tablet":{"unit":"em","size":""},"readmore_typography_line_height_mobile":{"unit":"em","size":""},"badge_typography_line_height_tablet":{"unit":"em","size":""},"badge_typography_line_height_mobile":{"unit":"em","size":""},"element_pack_widget_tooltip":"","element_pack_widget_tooltip_placement":"top","element_pack_widget_tooltip_animation":"shift-toward","element_pack_widget_tooltip_x_offset":0,"element_pack_widget_tooltip_y_offset":0,"element_pack_widget_tooltip_arrow":"","element_pack_widget_tooltip_width":{"unit":"px","size":""},"element_pack_widget_tooltip_width_tablet":{"unit":"px","size":""},"element_pack_widget_tooltip_width_mobile":{"unit":"px","size":""},"element_pack_widget_tooltip_typography_typography":"","element_pack_widget_tooltip_typography_font_family":"","element_pack_widget_tooltip_typography_font_size":{"unit":"px","size":""},"element_pack_widget_tooltip_typography_font_size_tablet":{"unit":"px","size":""},"element_pack_widget_tooltip_typography_font_size_mobile":{"unit":"px","size":""},"element_pack_widget_tooltip_typography_font_weight":"","element_pack_widget_tooltip_typography_text_transform":"","element_pack_widget_tooltip_typography_font_style":"","element_pack_widget_tooltip_typography_text_decoration":"","element_pack_widget_tooltip_typography_line_height":{"unit":"em","size":""},"element_pack_widget_tooltip_typography_line_height_tablet":{"unit":"em","size":""},"element_pack_widget_tooltip_typography_line_height_mobile":{"unit":"em","size":""},"element_pack_widget_tooltip_typography_letter_spacing":{"unit":"px","size":""},"element_pack_widget_tooltip_typography_letter_spacing_tablet":{"unit":"px","size":""},"element_pack_widget_tooltip_typography_letter_spacing_mobile":{"unit":"px","size":""},"element_pack_widget_tooltip_color":"","element_pack_widget_tooltip_text_align":"center","element_pack_widget_tooltip_background_background":"","element_pack_widget_tooltip_background_color":"","element_pack_widget_tooltip_background_color_stop":{"unit":"%","size":0},"element_pack_widget_tooltip_background_color_b":"#f2295b","element_pack_widget_tooltip_background_color_b_stop":{"unit":"%","size":100},"element_pack_widget_tooltip_background_gradient_type":"linear","element_pack_widget_tooltip_background_gradient_angle":{"unit":"deg","size":180},"element_pack_widget_tooltip_background_gradient_position":"center center","element_pack_widget_tooltip_background_image":{"url":"","id":""},"element_pack_widget_tooltip_background_position":"","element_pack_widget_tooltip_background_attachment":"","element_pack_widget_tooltip_background_repeat":"","element_pack_widget_tooltip_background_size":"","element_pack_widget_tooltip_background_video_link":"","element_pack_widget_tooltip_background_video_start":"","element_pack_widget_tooltip_background_video_end":"","element_pack_widget_tooltip_background_video_fallback":{"url":"","id":""},"element_pack_widget_tooltip_arrow_color":"","element_pack_widget_tooltip_padding":{"unit":"px","top":"","right":"","bottom":"","left":"","isLinked":true},"element_pack_widget_tooltip_padding_tablet":{"unit":"px","top":"","right":"","bottom":"","left":"","isLinked":true},"element_pack_widget_tooltip_padding_mobile":{"unit":"px","top":"","right":"","bottom":"","left":"","isLinked":true},"element_pack_widget_tooltip_border_border":"","element_pack_widget_tooltip_border_width":{"unit":"px","top":"","right":"","bottom":"","left":"","isLinked":true},"element_pack_widget_tooltip_border_color":"","element_pack_widget_tooltip_border_radius":{"unit":"px","top":"","right":"","bottom":"","left":"","isLinked":true},"element_pack_widget_tooltip_border_radius_tablet":{"unit":"px","top":"","right":"","bottom":"","left":"","isLinked":true},"element_pack_widget_tooltip_border_radius_mobile":{"unit":"px","top":"","right":"","bottom":"","left":"","isLinked":true},"element_pack_widget_tooltip_box_shadow_box_shadow_type":"","element_pack_widget_tooltip_box_shadow_box_shadow":{"horizontal":0,"vertical":0,"blur":10,"spread":0,"color":"rgba(0,0,0,0.5)"},"element_pack_widget_tooltip_box_shadow_box_shadow_position":" ","sticky":"","sticky_on":["desktop","tablet","mobile"],"sticky_offset":0,"sticky_effects_offset":0,"sticky_parent":"","custom_css":"","_animation":"zoomIn","_animation_delay":400,"title_typography_font_family":"Fjalla One","title_typography_font_weight":"400"},"elements":[],"isInner":false,"widgetType":"bdt-advanced-icon-box","elType":"widget"}],"isInner":true,"elType":"column"}],"isInner":true,"elType":"section"}],"isInner":false,"elType":"column"}],"isInner":false,"elType":"section"}],"page_settings":{"background_color_stop":{"unit":"%","size":"0","sizes":[]},"background_color_b_stop":{"unit":"%","size":"100","sizes":[]},"background_gradient_angle":{"unit":"deg","size":"180","sizes":[]},"background_xpos":{"unit":"px","size":"0","sizes":[]},"background_xpos_tablet":{"unit":"px","size":"0","sizes":[]},"background_xpos_mobile":{"unit":"px","size":"0","sizes":[]},"background_ypos":{"unit":"px","size":"0","sizes":[]},"background_ypos_tablet":{"unit":"px","size":"0","sizes":[]},"background_ypos_mobile":{"unit":"px","size":"0","sizes":[]},"background_bg_width":{"unit":"%","size":"100","sizes":[]},"background_bg_width_tablet":{"unit":"px","size":"","sizes":[]},"background_bg_width_mobile":{"unit":"px","size":"","sizes":[]},"element_pack_toolbar_typography_font_size":{"unit":"px","size":"","sizes":[]},"element_pack_toolbar_typography_font_size_tablet":{"unit":"px","size":"","sizes":[]},"element_pack_toolbar_typography_font_size_mobile":{"unit":"px","size":"","sizes":[]},"element_pack_toolbar_typography_line_height":{"unit":"em","size":"","sizes":[]},"element_pack_toolbar_typography_line_height_tablet":{"unit":"em","size":"","sizes":[]},"element_pack_toolbar_typography_line_height_mobile":{"unit":"em","size":"","sizes":[]},"element_pack_toolbar_typography_letter_spacing":{"unit":"px","size":"","sizes":[]},"element_pack_toolbar_typography_letter_spacing_tablet":{"unit":"px","size":"","sizes":[]},"element_pack_toolbar_typography_letter_spacing_mobile":{"unit":"px","size":"","sizes":[]},"element_pack_global_tooltip_width":{"unit":"px","size":"","sizes":[]},"element_pack_global_tooltip_width_tablet":{"unit":"px","size":"","sizes":[]},"element_pack_global_tooltip_width_mobile":{"unit":"px","size":"","sizes":[]},"element_pack_global_tooltip_background_color_stop":{"unit":"%","size":"0","sizes":[]},"element_pack_global_tooltip_background_color_b_stop":{"unit":"%","size":"100","sizes":[]},"element_pack_global_tooltip_background_gradient_angle":{"unit":"deg","size":"180","sizes":[]},"element_pack_global_tooltip_background_xpos":{"unit":"px","size":"0","sizes":[]},"element_pack_global_tooltip_background_xpos_tablet":{"unit":"px","size":"0","sizes":[]},"element_pack_global_tooltip_background_xpos_mobile":{"unit":"px","size":"0","sizes":[]},"element_pack_global_tooltip_background_ypos":{"unit":"px","size":"0","sizes":[]},"element_pack_global_tooltip_background_ypos_tablet":{"unit":"px","size":"0","sizes":[]},"element_pack_global_tooltip_background_ypos_mobile":{"unit":"px","size":"0","sizes":[]},"element_pack_global_tooltip_background_bg_width":{"unit":"%","size":"100","sizes":[]},"element_pack_global_tooltip_background_bg_width_tablet":{"unit":"px","size":"","sizes":[]},"element_pack_global_tooltip_background_bg_width_mobile":{"unit":"px","size":"","sizes":[]},"element_pack_global_tooltip_typography_font_size":{"unit":"px","size":"","sizes":[]},"element_pack_global_tooltip_typography_font_size_tablet":{"unit":"px","size":"","sizes":[]},"element_pack_global_tooltip_typography_font_size_mobile":{"unit":"px","size":"","sizes":[]},"element_pack_global_tooltip_typography_line_height":{"unit":"em","size":"","sizes":[]},"element_pack_global_tooltip_typography_line_height_tablet":{"unit":"em","size":"","sizes":[]},"element_pack_global_tooltip_typography_line_height_mobile":{"unit":"em","size":"","sizes":[]},"element_pack_global_tooltip_typography_letter_spacing":{"unit":"px","size":"","sizes":[]},"element_pack_global_tooltip_typography_letter_spacing_tablet":{"unit":"px","size":"","sizes":[]},"element_pack_global_tooltip_typography_letter_spacing_mobile":{"unit":"px","size":"","sizes":[]}}}