{"version":"0.4","title":"construction-blocks-4","type":"section","content":[{"id":"48f8fd61","settings":{"structure":"20","padding":{"unit":"px","top":"150","right":"0","bottom":"150","left":"0","isLinked":false},"padding_tablet":{"unit":"px","top":"80","right":"30","bottom":"80","left":"30","isLinked":false},"padding_mobile":{"unit":"px","top":"50","right":"15","bottom":"50","left":"15","isLinked":false}},"elements":[{"id":"4852d02f","settings":{"_column_size":50,"_inline_size":null,"_inline_size_tablet":100,"content_position":"center"},"elements":[{"id":"71548170","settings":{"title":"About Single Property","title_color":"#444444","typography_typography":"custom","typography_font_family":"Ubuntu","typography_font_size_mobile":{"unit":"px","size":27}},"elements":[],"isInner":false,"widgetType":"heading","elType":"widget"},{"id":"5589ecc5","settings":{"editor":"<p>A wonderful serenity has taken possession of my entire soul, like these sweet mornings of spring which I enjoy with my whole heart. I am alone, and feel the charm of existence in this spot, which was created.<\/p>","typography_typography":"custom","typography_font_family":"Lora"},"elements":[],"isInner":false,"widgetType":"text-editor","elType":"widget"},{"id":"65ab488e","settings":{"text":"Details Know","advanced_button_text_color":"#ffffff","button_background_background":"classic","button_background_color":"#444444","button_border_style":"none","advanced_button_padding":{"unit":"px","top":"18","right":"35","bottom":"18","left":"35","isLinked":false},"advanced_button_hover_text_color":"#ffffff","button_hover_background_background":"classic","button_hover_background_color":"#71af02","button_hover_border_style":"none","_margin":{"unit":"px","top":"40","right":"0","bottom":"0","left":"0","isLinked":false}},"elements":[],"isInner":false,"widgetType":"bdt-advanced-button","elType":"widget"}],"isInner":false,"elType":"column"},{"id":"29fbb746","settings":{"_column_size":50,"_inline_size":null,"_inline_size_tablet":100,"margin_tablet":{"unit":"px","top":"30","right":"0","bottom":"0","left":"0","isLinked":false},"padding":{"unit":"px","top":"0","right":"0","bottom":"0","left":"0","isLinked":true}},"elements":[{"id":"30c17e5a","settings":{"gap":"extended","structure":"20"},"elements":[{"id":"69a72f02","settings":{"_column_size":50,"_inline_size":null,"_inline_size_tablet":50,"padding_tablet":{"unit":"px","top":"10","right":"10","bottom":"10","left":"10","isLinked":true}},"elements":[{"id":"1a0d1917","settings":{"graphic_element":"none","front_title_text":"Luxury Property","front_description_text":"Lorem ipsum dolor sit amet consectetur adipiscing elit dolor","front_background_background":"classic","front_background_image":{"id":47967,"url":"http:\/\/192.168.1.100\/business-ready-pages\/wp-content\/uploads\/2019\/04\/about-5.jpg"},"back_title_text":"About The Property ","back_description_text":"A wonderful serenity has taken possession of my entire soul, like these sweet mornings of spring which I enjoy.","button_text":"Read More","back_background_background":"classic","back_background_color":"#71af02","flip_effect":"zoom-in","front_title_typography_typography":"custom","front_title_typography_font_family":"Ubuntu","front_description_typography_typography":"custom","front_description_typography_font_family":"Lora","back_title_typography_typography":"custom","back_title_typography_font_family":"Ubuntu","back_description_color":"rgba(255,255,255,0.8)","description_typography_b_typography":"custom","description_typography_b_font_family":"Lora","button_text_color":"#000000","button_background_color":"#ffffff","button_border_radius":{"unit":"px","top":"0","right":"0","bottom":"0","left":"0","isLinked":true},"button_typography_typography":"custom","button_typography_font_family":"Lora","button_hover_color":"#ffffff","button_background_hover_color":"#000000","image":{"id":"47611","url":"http:\/\/192.168.1.100\/business-ready-pages\/wp-content\/uploads\/2019\/04\/placeholder-2.png"}},"elements":[],"isInner":false,"widgetType":"bdt-flip-box","elType":"widget"}],"isInner":true,"elType":"column"},{"id":"2769e57e","settings":{"_column_size":50,"_inline_size":null,"_inline_size_tablet":50,"padding_tablet":{"unit":"px","top":"10","right":"10","bottom":"10","left":"10","isLinked":true}},"elements":[{"id":"39f899ba","settings":{"graphic_element":"none","front_title_text":"Luxury Appliance","front_description_text":"Lorem ipsum dolor sit amet consectetur adipiscing elit dolor","front_background_background":"classic","front_background_image":{"id":47968,"url":"http:\/\/192.168.1.100\/business-ready-pages\/wp-content\/uploads\/2019\/04\/6.jpg"},"back_title_text":"About The Appliance","back_description_text":"A wonderful serenity has taken possession of my entire soul, like these sweet mornings of spring which I enjoy.","button_text":"Read More","back_background_background":"classic","back_background_color":"#71af02","flip_effect":"zoom-in","front_title_typography_typography":"custom","front_title_typography_font_family":"Ubuntu","front_description_typography_typography":"custom","front_description_typography_font_family":"Lora","back_title_typography_typography":"custom","back_title_typography_font_family":"Ubuntu","back_description_color":"rgba(255,255,255,0.8)","description_typography_b_typography":"custom","description_typography_b_font_family":"Lora","button_text_color":"#000000","button_background_color":"#ffffff","button_border_radius":{"unit":"px","top":"0","right":"0","bottom":"0","left":"0","isLinked":true},"button_typography_typography":"custom","button_typography_font_family":"Lora","button_hover_color":"#ffffff","button_background_hover_color":"#000000","image":{"id":"47611","url":"http:\/\/192.168.1.100\/business-ready-pages\/wp-content\/uploads\/2019\/04\/placeholder-2.png"}},"elements":[],"isInner":false,"widgetType":"bdt-flip-box","elType":"widget"}],"isInner":true,"elType":"column"}],"isInner":true,"elType":"section"}],"isInner":false,"elType":"column"}],"isInner":false,"elType":"section"}]}