{"version":"0.4","title":"construction-blocks-1","type":"section","content":[{"id":"261cf26e","settings":{"padding":{"unit":"px","top":"150","right":"0","bottom":"150","left":"0","isLinked":false},"padding_tablet":{"unit":"px","top":"80","right":"0","bottom":"80","left":"0","isLinked":false},"padding_mobile":{"unit":"px","top":"50","right":"15","bottom":"50","left":"15","isLinked":false},"reverse_order_mobile":"reverse-mobile"},"elements":[{"id":"56264ce3","settings":{"_column_size":100,"_inline_size_mobile":100,"_inline_size_tablet":100},"elements":[{"id":"695a2cfe","settings":{"color":"#000000","width":{"unit":"%","size":10},"align":"center","gap":{"unit":"px","size":0}},"elements":[],"isInner":false,"widgetType":"divider","elType":"widget"},{"id":"4d9a281e","settings":{"title":"What We Do","align":"center","typography_typography":"custom","typography_font_size":{"unit":"px","size":36},"title_color":"#000000","typography_font_size_tablet":{"unit":"px","size":24},"typography_font_size_mobile":{"unit":"px","size":24}},"elements":[],"isInner":false,"widgetType":"heading","elType":"widget"},{"id":"661de181","settings":{"structure":"50","padding":{"unit":"px","top":"50","right":"0","bottom":"0","left":"0","isLinked":false},"padding_mobile":{"unit":"px","top":"0","right":"0","bottom":"0","left":"0","isLinked":false}},"elements":[{"id":"19af542","settings":{"_column_size":20,"_inline_size":null,"_inline_size_tablet":33.3299999999999982946974341757595539093017578125,"_inline_size_mobile":100,"box_shadow_hover_box_shadow_type":"yes","box_shadow_hover_box_shadow":{"horizontal":0,"vertical":8,"blur":30,"spread":0,"color":"rgba(0,0,0,0.05)"},"padding":{"unit":"px","top":"35","right":"35","bottom":"35","left":"35","isLinked":true}},"elements":[{"id":"6ceb129c","settings":{"image":{"id":47519,"url":"http:\/\/192.168.1.100\/business-ready-pages\/wp-content\/uploads\/2019\/04\/01-1-3.png"},"image_size":"full"},"elements":[],"isInner":false,"widgetType":"image","elType":"widget"},{"id":"1f0c59c6","settings":{"color":"#000000","width":{"unit":"%","size":15},"align":"center","gap":{"unit":"px","size":0},"_margin":{"unit":"px","top":"25","right":"0","bottom":"0","left":"0","isLinked":false}},"elements":[],"isInner":false,"widgetType":"divider","elType":"widget"},{"id":"4ebff3b9","settings":{"title":"Appartment","header_size":"h4","align":"center","title_color":"#000000"},"elements":[],"isInner":false,"widgetType":"heading","elType":"widget"}],"isInner":true,"elType":"column"},{"id":"3a6b2b69","settings":{"_column_size":20,"_inline_size":null,"_inline_size_tablet":33.3299999999999982946974341757595539093017578125,"_inline_size_mobile":100,"box_shadow_hover_box_shadow_type":"yes","box_shadow_hover_box_shadow":{"horizontal":0,"vertical":8,"blur":30,"spread":0,"color":"rgba(0,0,0,0.05)"},"padding":{"unit":"px","top":"35","right":"35","bottom":"35","left":"35","isLinked":true}},"elements":[{"id":"70c79c85","settings":{"image":{"id":50829,"url":"https:\/\/bdthemes.net\/demo\/ready-pages\/ready-blocks\/wp-content\/uploads\/2019\/05\/02-1-3.png"},"image_size":"full"},"elements":[],"isInner":false,"widgetType":"image","elType":"widget"},{"id":"4ee1c3eb","settings":{"color":"#000000","width":{"unit":"%","size":15},"align":"center","gap":{"unit":"px","size":0},"_margin":{"unit":"px","top":"25","right":"0","bottom":"0","left":"0","isLinked":false}},"elements":[],"isInner":false,"widgetType":"divider","elType":"widget"},{"id":"c1f62a8","settings":{"title":"Luxury Villas","header_size":"h4","align":"center","title_color":"#000000"},"elements":[],"isInner":false,"widgetType":"heading","elType":"widget"}],"isInner":true,"elType":"column"},{"id":"ef746ad","settings":{"_column_size":20,"_inline_size":null,"_inline_size_tablet":33.3299999999999982946974341757595539093017578125,"_inline_size_mobile":100,"box_shadow_hover_box_shadow_type":"yes","box_shadow_hover_box_shadow":{"horizontal":0,"vertical":8,"blur":30,"spread":0,"color":"rgba(0,0,0,0.05)"},"padding":{"unit":"px","top":"35","right":"35","bottom":"35","left":"35","isLinked":true}},"elements":[{"id":"567612bb","settings":{"image":{"id":50830,"url":"https:\/\/bdthemes.net\/demo\/ready-pages\/ready-blocks\/wp-content\/uploads\/2019\/05\/03-1-3.png"},"image_size":"full"},"elements":[],"isInner":false,"widgetType":"image","elType":"widget"},{"id":"2271f676","settings":{"color":"#000000","width":{"unit":"%","size":15},"align":"center","gap":{"unit":"px","size":0},"_margin":{"unit":"px","top":"25","right":"0","bottom":"0","left":"0","isLinked":false}},"elements":[],"isInner":false,"widgetType":"divider","elType":"widget"},{"id":"12cbfcb8","settings":{"title":"Trade Center","header_size":"h4","align":"center","title_color":"#000000"},"elements":[],"isInner":false,"widgetType":"heading","elType":"widget"}],"isInner":true,"elType":"column"},{"id":"688a2508","settings":{"_column_size":20,"_inline_size":null,"_inline_size_tablet":33.3299999999999982946974341757595539093017578125,"_inline_size_mobile":100,"box_shadow_hover_box_shadow_type":"yes","box_shadow_hover_box_shadow":{"horizontal":0,"vertical":8,"blur":30,"spread":0,"color":"rgba(0,0,0,0.05)"},"padding":{"unit":"px","top":"35","right":"35","bottom":"35","left":"35","isLinked":true}},"elements":[{"id":"7e465359","settings":{"image":{"id":47522,"url":"http:\/\/192.168.1.100\/business-ready-pages\/wp-content\/uploads\/2019\/04\/04-1-1.png"},"image_size":"full"},"elements":[],"isInner":false,"widgetType":"image","elType":"widget"},{"id":"1f2a8cea","settings":{"color":"#000000","width":{"unit":"%","size":15},"align":"center","gap":{"unit":"px","size":0},"_margin":{"unit":"px","top":"25","right":"0","bottom":"0","left":"0","isLinked":false}},"elements":[],"isInner":false,"widgetType":"divider","elType":"widget"},{"id":"1a748fe8","settings":{"title":"Skyscraper","header_size":"h4","align":"center","title_color":"#000000"},"elements":[],"isInner":false,"widgetType":"heading","elType":"widget"}],"isInner":true,"elType":"column"},{"id":"107eee65","settings":{"_column_size":20,"_inline_size":null,"_inline_size_tablet":33.3299999999999982946974341757595539093017578125,"_inline_size_mobile":100,"box_shadow_hover_box_shadow_type":"yes","box_shadow_hover_box_shadow":{"horizontal":0,"vertical":8,"blur":30,"spread":0,"color":"rgba(0,0,0,0.05)"},"padding":{"unit":"px","top":"35","right":"35","bottom":"35","left":"35","isLinked":true}},"elements":[{"id":"5b9f9e45","settings":{"image":{"id":47523,"url":"http:\/\/192.168.1.100\/business-ready-pages\/wp-content\/uploads\/2019\/04\/05-1-1.png"},"image_size":"full"},"elements":[],"isInner":false,"widgetType":"image","elType":"widget"},{"id":"7e82175d","settings":{"color":"#000000","width":{"unit":"%","size":15},"align":"center","gap":{"unit":"px","size":0},"_margin":{"unit":"px","top":"25","right":"0","bottom":"0","left":"0","isLinked":false}},"elements":[],"isInner":false,"widgetType":"divider","elType":"widget"},{"id":"20c3205d","settings":{"title":"Mansion","header_size":"h4","align":"center","title_color":"#000000"},"elements":[],"isInner":false,"widgetType":"heading","elType":"widget"}],"isInner":true,"elType":"column"}],"isInner":true,"elType":"section"}],"isInner":false,"elType":"column"}],"isInner":false,"elType":"section"}]}