{"version":"0.4","title":"Footer Demo Set 6-1","type":"section","content":[{"id":"692d9860","settings":{"structure":"40","background_background":"classic","background_color":"#ffffff","padding":{"unit":"px","top":"100","right":"0","bottom":"50","left":"0","isLinked":false},"padding_tablet":{"unit":"px","top":"80","right":"30","bottom":"80","left":"30","isLinked":false},"padding_mobile":{"unit":"px","top":"50","right":"40","bottom":"50","left":"40","isLinked":false}},"elements":[{"id":"15e2fd2d","settings":{"_column_size":25,"_inline_size":null,"_inline_size_tablet":50,"_inline_size_mobile":100,"padding":{"unit":"px","top":"0","right":"0","bottom":"0","left":"0","isLinked":true},"animation":"fadeInLeft","animation_delay":200},"elements":[{"id":"5cde9618","settings":{"title":"Products","align":"left","title_color":"#444444","typography_typography":"custom","typography_font_family":"Poppins","typography_font_size_mobile":{"unit":"px","size":24},"_margin_mobile":{"unit":"px","top":"0","right":"0","bottom":"0","left":"0","isLinked":false},"header_size":"h4","link":{"url":"#","is_external":"","nofollow":""},"_margin":{"unit":"px","top":"0","right":"0","bottom":"35","left":"0","isLinked":false},"typography_font_weight":"500"},"elements":[],"isInner":false,"widgetType":"heading","elType":"widget"},{"id":"3face6a","settings":{"icon_list":[{"text":"Payment ","icon":"","_id":"078c7ca","link":{"url":"#","is_external":"","nofollow":""},"selected_icon":{"value":"fas fa-check","library":"fa-solid"}},{"text":"Pricing ","icon":"","_id":"defe5ce","link":{"url":"#","is_external":"","nofollow":""},"selected_icon":{"value":"fas fa-check","library":"fa-solid"}},{"text":"Subscriptions","icon":"","_id":"18fc704","link":{"url":"#","is_external":"","nofollow":""},"selected_icon":{"value":"fas fa-check","library":"fa-solid"}},{"text":"Customer","icon":"","_id":"2718488","link":{"url":"#","is_external":"","nofollow":""},"selected_icon":{"value":"fas fa-check","library":"fa-solid"}}],"space_between":{"unit":"px","size":6},"text_color":"rgba(0,0,0,0.7)","text_color_hover":"#000000","icon_typography_typography":"custom","icon_typography_font_family":"Poppins","icon_typography_font_weight":"500"},"elements":[],"isInner":false,"widgetType":"icon-list","elType":"widget"}],"isInner":false,"elType":"column"},{"id":"45d2792e","settings":{"_column_size":25,"_inline_size":null,"_inline_size_tablet":50,"_inline_size_mobile":100,"padding":{"unit":"px","top":"0","right":"0","bottom":"0","left":"0","isLinked":true},"padding_mobile":{"unit":"px","top":"30","right":"0","bottom":"0","left":"0","isLinked":false},"animation":"fadeInUp","animation_delay":300},"elements":[{"id":"527ffad5","settings":{"title":"Company","align":"left","title_color":"#444444","typography_typography":"custom","typography_font_family":"Poppins","typography_font_size_mobile":{"unit":"px","size":24},"_margin_mobile":{"unit":"px","top":"0","right":"0","bottom":"0","left":"0","isLinked":false},"header_size":"h4","link":{"url":"#","is_external":"","nofollow":""},"_margin":{"unit":"px","top":"0","right":"0","bottom":"35","left":"0","isLinked":false},"typography_font_weight":"500"},"elements":[],"isInner":false,"widgetType":"heading","elType":"widget"},{"id":"4bd77e2e","settings":{"icon_list":[{"text":"Home","icon":"","_id":"078c7ca","link":{"url":"#","is_external":"","nofollow":""},"selected_icon":{"value":"fas fa-check","library":"fa-solid"}},{"text":"About Us","icon":"","_id":"defe5ce","link":{"url":"#","is_external":"","nofollow":""},"selected_icon":{"value":"fas fa-check","library":"fa-solid"}},{"text":"Blogs","icon":"","_id":"18fc704","link":{"url":"#","is_external":"","nofollow":""},"selected_icon":{"value":"fas fa-check","library":"fa-solid"}},{"text":"Contact Us","icon":"","_id":"2718488","link":{"url":"#","is_external":"","nofollow":""},"selected_icon":{"value":"fas fa-check","library":"fa-solid"}}],"space_between":{"unit":"px","size":6},"text_color":"rgba(0,0,0,0.7)","text_color_hover":"#000000","icon_typography_typography":"custom","icon_typography_font_family":"Poppins","icon_typography_font_weight":"500"},"elements":[],"isInner":false,"widgetType":"icon-list","elType":"widget"}],"isInner":false,"elType":"column"},{"id":"2aba5936","settings":{"_column_size":25,"_inline_size":null,"_inline_size_tablet":50,"_inline_size_mobile":100,"margin_mobile":{"unit":"px","top":"30","right":"0","bottom":"0","left":"0","isLinked":false},"margin_tablet":{"unit":"px","top":"30","right":"0","bottom":"0","left":"0","isLinked":false},"padding":{"unit":"px","top":"0","right":"0","bottom":"0","left":"0","isLinked":true},"animation":"fadeInUp","animation_delay":400},"elements":[{"id":"74ac198a","settings":{"title":"Resources","align":"left","title_color":"#444444","typography_typography":"custom","typography_font_family":"Poppins","typography_font_size_mobile":{"unit":"px","size":24},"_margin_mobile":{"unit":"px","top":"0","right":"0","bottom":"0","left":"0","isLinked":false},"header_size":"h4","link":{"url":"#","is_external":"","nofollow":""},"_margin":{"unit":"px","top":"0","right":"0","bottom":"35","left":"0","isLinked":false},"typography_font_weight":"500"},"elements":[],"isInner":false,"widgetType":"heading","elType":"widget"},{"id":"1601195e","settings":{"icon_list":[{"text":"Privacy Policy","icon":"","_id":"078c7ca","link":{"url":"#","is_external":"","nofollow":""},"selected_icon":{"value":"fas fa-check","library":"fa-solid"}},{"text":"Terms & Condition","icon":"","_id":"defe5ce","link":{"url":"#","is_external":"","nofollow":""},"selected_icon":{"value":"fas fa-check","library":"fa-solid"}},{"text":"Get Support","icon":"","_id":"18fc704","link":{"url":"#","is_external":"","nofollow":""},"selected_icon":{"value":"fas fa-check","library":"fa-solid"}},{"text":"Make A Suggetions","icon":"","_id":"2718488","link":{"url":"#","is_external":"","nofollow":""},"selected_icon":{"value":"fas fa-check","library":"fa-solid"}}],"space_between":{"unit":"px","size":6},"text_color":"rgba(0,0,0,0.7)","text_color_hover":"#000000","icon_typography_typography":"custom","icon_typography_font_family":"Poppins","icon_typography_font_weight":"500"},"elements":[],"isInner":false,"widgetType":"icon-list","elType":"widget"}],"isInner":false,"elType":"column"},{"id":"5edd5fb3","settings":{"_column_size":25,"_inline_size":null,"_inline_size_tablet":50,"_inline_size_mobile":100,"margin_mobile":{"unit":"px","top":"30","right":"0","bottom":"0","left":"0","isLinked":false},"margin_tablet":{"unit":"px","top":"30","right":"0","bottom":"0","left":"0","isLinked":false},"padding_mobile":{"unit":"px","top":"0","right":"0","bottom":"0","left":"0","isLinked":true},"animation":"fadeInRight","animation_delay":500,"padding":{"unit":"px","top":"0","right":"0","bottom":"0","left":"0","isLinked":false}},"elements":[{"id":"5b7e65a8","settings":{"title":"Social Link","align":"left","title_color":"#444444","typography_typography":"custom","typography_font_family":"Poppins","typography_font_size_mobile":{"unit":"px","size":24},"_margin_mobile":{"unit":"px","top":"0","right":"0","bottom":"0","left":"0","isLinked":false},"header_size":"h4","link":{"url":"#","is_external":"","nofollow":""},"_margin":{"unit":"px","top":"0","right":"0","bottom":"35","left":"0","isLinked":false},"typography_font_weight":"500"},"elements":[],"isInner":false,"widgetType":"heading","elType":"widget"},{"id":"431e561a","settings":{"editor":"<p>A wonderful serenity has taken possession of my entire soul, like these sweet\u00a0<\/p>","align":"left","text_color":"rgba(0,0,0,0.7)","typography_typography":"custom","typography_font_family":"Open Sans"},"elements":[],"isInner":false,"widgetType":"text-editor","elType":"widget"},{"id":"5147c6d7","settings":{"social_icon_list":[{"social":"fa fa-facebook","_id":"d10c6f2","link":{"url":"#","is_external":"true","nofollow":""},"social_icon":{"value":"fab fa-wordpress","library":"fa-brands"},"item_icon_color":"default","item_icon_primary_color":"","item_icon_secondary_color":""},{"social":"fa fa-twitter","_id":"6a3a228","link":{"url":"#","is_external":"true","nofollow":""},"social_icon":{"value":"fab fa-wordpress","library":"fa-brands"},"item_icon_color":"default","item_icon_primary_color":"","item_icon_secondary_color":""},{"social":"fa fa-google-plus","_id":"81c45c7","link":{"url":"#","is_external":"true","nofollow":""},"social_icon":{"value":"fab fa-wordpress","library":"fa-brands"},"item_icon_color":"default","item_icon_primary_color":"","item_icon_secondary_color":""},{"social":"fa fa-linkedin","_id":"70fc4c0","link":{"url":"#","is_external":"true","nofollow":""},"social_icon":{"value":"fab fa-wordpress","library":"fa-brands"},"item_icon_color":"default","item_icon_primary_color":"","item_icon_secondary_color":""},{"social":"fa fa-pinterest","_id":"88295d1","link":{"url":"#","is_external":"true","nofollow":""},"social_icon":{"value":"fab fa-wordpress","library":"fa-brands"},"item_icon_color":"default","item_icon_primary_color":"","item_icon_secondary_color":""}],"shape":"square","align":"left","icon_size":{"unit":"px","size":16},"icon_padding":{"unit":"em","size":1},"icon_spacing":{"unit":"px","size":10},"hover_animation":"push"},"elements":[],"isInner":false,"widgetType":"social-icons","elType":"widget"}],"isInner":false,"elType":"column"}],"isInner":false,"elType":"section"}],"page_settings":{"background_color_stop":{"unit":"%","size":"0","sizes":[]},"background_color_b_stop":{"unit":"%","size":"100","sizes":[]},"background_gradient_angle":{"unit":"deg","size":"180","sizes":[]},"background_xpos":{"unit":"px","size":"0","sizes":[]},"background_xpos_tablet":{"unit":"px","size":"0","sizes":[]},"background_xpos_mobile":{"unit":"px","size":"0","sizes":[]},"background_ypos":{"unit":"px","size":"0","sizes":[]},"background_ypos_tablet":{"unit":"px","size":"0","sizes":[]},"background_ypos_mobile":{"unit":"px","size":"0","sizes":[]},"background_bg_width":{"unit":"%","size":"100","sizes":[]},"background_bg_width_tablet":{"unit":"px","size":"","sizes":[]},"background_bg_width_mobile":{"unit":"px","size":"","sizes":[]},"element_pack_toolbar_typography_font_size":{"unit":"px","size":"","sizes":[]},"element_pack_toolbar_typography_font_size_tablet":{"unit":"px","size":"","sizes":[]},"element_pack_toolbar_typography_font_size_mobile":{"unit":"px","size":"","sizes":[]},"element_pack_toolbar_typography_line_height":{"unit":"em","size":"","sizes":[]},"element_pack_toolbar_typography_line_height_tablet":{"unit":"em","size":"","sizes":[]},"element_pack_toolbar_typography_line_height_mobile":{"unit":"em","size":"","sizes":[]},"element_pack_toolbar_typography_letter_spacing":{"unit":"px","size":"","sizes":[]},"element_pack_toolbar_typography_letter_spacing_tablet":{"unit":"px","size":"","sizes":[]},"element_pack_toolbar_typography_letter_spacing_mobile":{"unit":"px","size":"","sizes":[]},"element_pack_global_tooltip_width":{"unit":"px","size":"","sizes":[]},"element_pack_global_tooltip_width_tablet":{"unit":"px","size":"","sizes":[]},"element_pack_global_tooltip_width_mobile":{"unit":"px","size":"","sizes":[]},"element_pack_global_tooltip_background_color_stop":{"unit":"%","size":"0","sizes":[]},"element_pack_global_tooltip_background_color_b_stop":{"unit":"%","size":"100","sizes":[]},"element_pack_global_tooltip_background_gradient_angle":{"unit":"deg","size":"180","sizes":[]},"element_pack_global_tooltip_background_xpos":{"unit":"px","size":"0","sizes":[]},"element_pack_global_tooltip_background_xpos_tablet":{"unit":"px","size":"0","sizes":[]},"element_pack_global_tooltip_background_xpos_mobile":{"unit":"px","size":"0","sizes":[]},"element_pack_global_tooltip_background_ypos":{"unit":"px","size":"0","sizes":[]},"element_pack_global_tooltip_background_ypos_tablet":{"unit":"px","size":"0","sizes":[]},"element_pack_global_tooltip_background_ypos_mobile":{"unit":"px","size":"0","sizes":[]},"element_pack_global_tooltip_background_bg_width":{"unit":"%","size":"100","sizes":[]},"element_pack_global_tooltip_background_bg_width_tablet":{"unit":"px","size":"","sizes":[]},"element_pack_global_tooltip_background_bg_width_mobile":{"unit":"px","size":"","sizes":[]},"element_pack_global_tooltip_typography_font_size":{"unit":"px","size":"","sizes":[]},"element_pack_global_tooltip_typography_font_size_tablet":{"unit":"px","size":"","sizes":[]},"element_pack_global_tooltip_typography_font_size_mobile":{"unit":"px","size":"","sizes":[]},"element_pack_global_tooltip_typography_line_height":{"unit":"em","size":"","sizes":[]},"element_pack_global_tooltip_typography_line_height_tablet":{"unit":"em","size":"","sizes":[]},"element_pack_global_tooltip_typography_line_height_mobile":{"unit":"em","size":"","sizes":[]},"element_pack_global_tooltip_typography_letter_spacing":{"unit":"px","size":"","sizes":[]},"element_pack_global_tooltip_typography_letter_spacing_tablet":{"unit":"px","size":"","sizes":[]},"element_pack_global_tooltip_typography_letter_spacing_mobile":{"unit":"px","size":"","sizes":[]}}}