{"version":"0.4","title":"Footer Demo Set 6-4","type":"section","content":[{"id":"1194d0c5","settings":{"structure":"30","padding":{"unit":"px","top":"100","right":"0","bottom":"100","left":"0","isLinked":false},"gap":"wide","background_background":"classic","background_color":"#2e2e2e","padding_tablet":{"unit":"px","top":"80","right":"30","bottom":"80","left":"50","isLinked":false},"padding_mobile":{"unit":"px","top":"80","right":"40","bottom":"50","left":"40","isLinked":false}},"elements":[{"id":"1a2f11be","settings":{"_column_size":33,"_inline_size":null,"_inline_size_tablet":50,"_inline_size_mobile":100,"margin_mobile":{"unit":"px","top":"0","right":"0","bottom":"40","left":"0","isLinked":false},"padding_mobile":{"unit":"px","top":"0","right":"0","bottom":"0","left":"0","isLinked":false},"padding_tablet":{"unit":"px","top":"0","right":"0","bottom":"0","left":"0","isLinked":false}},"elements":[{"id":"1657b2","settings":{"title":"ABOUT US","header_size":"h3","align":"left","typography_typography":"custom","typography_letter_spacing":{"unit":"px","size":2},"typography_font_size":{"unit":"px","size":20},"title_color":"#ffffff"},"elements":[],"isInner":false,"widgetType":"heading","elType":"widget"},{"id":"3ba6e2b9","settings":{"editor":"<p>This is the best WordPress site, it's a clean and responsive design. So you can use this theme build any website.<\/p><p>Please customize this page with information about your site, so you show website core fearures, features to get\/set settings for your theme.<\/p>","text_color":"rgba(255,255,255,0.61)"},"elements":[],"isInner":false,"widgetType":"text-editor","elType":"widget"}],"isInner":false,"elType":"column"},{"id":"3d398a02","settings":{"_column_size":33,"_inline_size":null,"padding":{"unit":"px","top":"20","right":"0","bottom":"0","left":"80","isLinked":false},"_inline_size_tablet":50,"_inline_size_mobile":100,"margin_mobile":{"unit":"px","top":"0","right":"0","bottom":"20","left":"0","isLinked":false},"padding_tablet":{"unit":"px","top":"0","right":"0","bottom":"0","left":"120","isLinked":false},"padding_mobile":{"unit":"px","top":"0","right":"0","bottom":"0","left":"0","isLinked":false}},"elements":[{"id":"62b71d5b","settings":{"title":"WE ARE OPEN","header_size":"h3","align":"left","typography_typography":"custom","typography_letter_spacing":{"unit":"px","size":2},"title_color":"#ffffff","typography_font_size":{"unit":"px","size":20}},"elements":[],"isInner":false,"widgetType":"heading","elType":"widget"},{"id":"5aff91dc","settings":{"editor":"<ul class=\"we-are-open uk-list\"><li class=\"uk-grid-small uk-grid uk-grid-stack\"><div class=\"uk-width-expand uk-first-column\">Tuesday and Thursday<br \/>10:00AM \u2013 08:00PM<\/div><\/li><li class=\"uk-grid-small uk-grid uk-grid-stack\"><div class=\"uk-width-expand uk-first-column\">Tuesday and Thursday<br \/>10:00AM \u2013 08:00PM<\/div><\/li><li class=\"uk-grid-small uk-grid uk-grid-stack\"><div class=\"uk-width-expand uk-first-column\">Tuesday and Thursday<br \/>10:00AM \u2013 08:00PM<\/div><\/li><\/ul>","text_color":"rgba(255,255,255,0.66)"},"elements":[],"isInner":false,"widgetType":"text-editor","elType":"widget"}],"isInner":false,"elType":"column"},{"id":"16d98666","settings":{"_column_size":33,"_inline_size":null,"_inline_size_tablet":50,"_inline_size_mobile":100,"margin_mobile":{"unit":"px","top":"0","right":"0","bottom":"40","left":"0","isLinked":false},"padding_mobile":{"unit":"px","top":"0","right":"0","bottom":"0","left":"0","isLinked":true},"padding_tablet":{"unit":"px","top":"30","right":"0","bottom":"0","left":"0","isLinked":false}},"elements":[{"id":"3e235a60","settings":{"title":"FOLLOW US","header_size":"h3","align":"left","typography_typography":"custom","typography_letter_spacing":{"unit":"px","size":2},"typography_font_size":{"unit":"px","size":20},"title_color":"#ffffff"},"elements":[],"isInner":false,"widgetType":"heading","elType":"widget"},{"id":"280f32b7","settings":{"editor":"Your service Save yourself the mad rush of securing identical usernames across every social media network.On Facebook and Twitter, our RSS feeds.","text_color":"rgba(255,255,255,0.65)"},"elements":[],"isInner":false,"widgetType":"text-editor","elType":"widget"},{"id":"2ebc464b","settings":{"share_buttons":[{"button":"facebook","_id":"dea2889","text":"Facbook"},{"button":"googleplus","_id":"8a790b2","text":""},{"button":"twitter","_id":"a5b2822","text":""}],"style":"boxed","columns":"3","column_gap":{"unit":"px","size":15},"columns_tablet":"3"},"elements":[],"isInner":false,"widgetType":"bdt-social-share","elType":"widget"}],"isInner":false,"elType":"column"}],"isInner":false,"elType":"section"}],"page_settings":{"background_color_stop":{"unit":"%","size":"0","sizes":[]},"background_color_b_stop":{"unit":"%","size":"100","sizes":[]},"background_gradient_angle":{"unit":"deg","size":"180","sizes":[]},"background_xpos":{"unit":"px","size":"0","sizes":[]},"background_xpos_tablet":{"unit":"px","size":"0","sizes":[]},"background_xpos_mobile":{"unit":"px","size":"0","sizes":[]},"background_ypos":{"unit":"px","size":"0","sizes":[]},"background_ypos_tablet":{"unit":"px","size":"0","sizes":[]},"background_ypos_mobile":{"unit":"px","size":"0","sizes":[]},"background_bg_width":{"unit":"%","size":"100","sizes":[]},"background_bg_width_tablet":{"unit":"px","size":"","sizes":[]},"background_bg_width_mobile":{"unit":"px","size":"","sizes":[]},"element_pack_toolbar_typography_font_size":{"unit":"px","size":"","sizes":[]},"element_pack_toolbar_typography_font_size_tablet":{"unit":"px","size":"","sizes":[]},"element_pack_toolbar_typography_font_size_mobile":{"unit":"px","size":"","sizes":[]},"element_pack_toolbar_typography_line_height":{"unit":"em","size":"","sizes":[]},"element_pack_toolbar_typography_line_height_tablet":{"unit":"em","size":"","sizes":[]},"element_pack_toolbar_typography_line_height_mobile":{"unit":"em","size":"","sizes":[]},"element_pack_toolbar_typography_letter_spacing":{"unit":"px","size":"","sizes":[]},"element_pack_toolbar_typography_letter_spacing_tablet":{"unit":"px","size":"","sizes":[]},"element_pack_toolbar_typography_letter_spacing_mobile":{"unit":"px","size":"","sizes":[]},"element_pack_global_tooltip_width":{"unit":"px","size":"","sizes":[]},"element_pack_global_tooltip_width_tablet":{"unit":"px","size":"","sizes":[]},"element_pack_global_tooltip_width_mobile":{"unit":"px","size":"","sizes":[]},"element_pack_global_tooltip_background_color_stop":{"unit":"%","size":"0","sizes":[]},"element_pack_global_tooltip_background_color_b_stop":{"unit":"%","size":"100","sizes":[]},"element_pack_global_tooltip_background_gradient_angle":{"unit":"deg","size":"180","sizes":[]},"element_pack_global_tooltip_background_xpos":{"unit":"px","size":"0","sizes":[]},"element_pack_global_tooltip_background_xpos_tablet":{"unit":"px","size":"0","sizes":[]},"element_pack_global_tooltip_background_xpos_mobile":{"unit":"px","size":"0","sizes":[]},"element_pack_global_tooltip_background_ypos":{"unit":"px","size":"0","sizes":[]},"element_pack_global_tooltip_background_ypos_tablet":{"unit":"px","size":"0","sizes":[]},"element_pack_global_tooltip_background_ypos_mobile":{"unit":"px","size":"0","sizes":[]},"element_pack_global_tooltip_background_bg_width":{"unit":"%","size":"100","sizes":[]},"element_pack_global_tooltip_background_bg_width_tablet":{"unit":"px","size":"","sizes":[]},"element_pack_global_tooltip_background_bg_width_mobile":{"unit":"px","size":"","sizes":[]},"element_pack_global_tooltip_typography_font_size":{"unit":"px","size":"","sizes":[]},"element_pack_global_tooltip_typography_font_size_tablet":{"unit":"px","size":"","sizes":[]},"element_pack_global_tooltip_typography_font_size_mobile":{"unit":"px","size":"","sizes":[]},"element_pack_global_tooltip_typography_line_height":{"unit":"em","size":"","sizes":[]},"element_pack_global_tooltip_typography_line_height_tablet":{"unit":"em","size":"","sizes":[]},"element_pack_global_tooltip_typography_line_height_mobile":{"unit":"em","size":"","sizes":[]},"element_pack_global_tooltip_typography_letter_spacing":{"unit":"px","size":"","sizes":[]},"element_pack_global_tooltip_typography_letter_spacing_tablet":{"unit":"px","size":"","sizes":[]},"element_pack_global_tooltip_typography_letter_spacing_mobile":{"unit":"px","size":"","sizes":[]}}}