{"version":"0.4","title":"Footer Demo Set 3-1","type":"section","content":[{"id":"3e67aed","settings":{"structure":"40","background_background":"classic","background_color":"#f867ff","padding":{"unit":"px","top":"100","right":"0","bottom":"100","left":"0","isLinked":false},"padding_tablet":{"unit":"px","top":"80","right":"30","bottom":"80","left":"30","isLinked":false},"padding_mobile":{"unit":"px","top":"50","right":"30","bottom":"50","left":"30","isLinked":false}},"elements":[{"id":"5bcc4ff5","settings":{"_column_size":25,"_inline_size":null,"_inline_size_tablet":50,"_inline_size_mobile":100,"padding":{"unit":"px","top":"0","right":"0","bottom":"0","left":"0","isLinked":true},"animation":"fadeInLeft","animation_delay":200},"elements":[{"id":"1ce148be","settings":{"title":"PRODUCT","align":"left","title_color":"#ffffff","typography_typography":"custom","typography_font_family":"Comfortaa","typography_font_size_mobile":{"unit":"px","size":18},"_margin_mobile":{"unit":"px","top":"0","right":"0","bottom":"0","left":"0","isLinked":false},"header_size":"h4","link":{"url":"#","is_external":"","nofollow":""},"_margin":{"unit":"px","top":"0","right":"0","bottom":"35","left":"0","isLinked":false},"typography_font_weight":"500","typography_font_size":{"unit":"px","size":16},"_margin_tablet":{"unit":"px","top":"0","right":"0","bottom":"0","left":"0","isLinked":false}},"elements":[],"isInner":false,"widgetType":"heading","elType":"widget"},{"id":"cfc6efa","settings":{"icon_list":[{"text":"Payment ","icon":"","_id":"078c7ca","link":{"url":"#","is_external":"","nofollow":""},"selected_icon":{"value":"fas fa-check","library":"fa-solid"}},{"text":"Pricing ","icon":"","_id":"defe5ce","link":{"url":"#","is_external":"","nofollow":""},"selected_icon":{"value":"fas fa-check","library":"fa-solid"}},{"text":"Subscriptions","icon":"","_id":"18fc704","link":{"url":"#","is_external":"","nofollow":""},"selected_icon":{"value":"fas fa-check","library":"fa-solid"}},{"text":"Customer","icon":"","_id":"2718488","link":{"url":"#","is_external":"","nofollow":""},"selected_icon":{"value":"fas fa-check","library":"fa-solid"}}],"space_between":{"unit":"px","size":6},"text_color":"rgba(255,255,255,0.9)","text_color_hover":"#ffffff","icon_typography_typography":"custom","icon_typography_font_family":"Comfortaa"},"elements":[],"isInner":false,"widgetType":"icon-list","elType":"widget"}],"isInner":false,"elType":"column"},{"id":"2bf87653","settings":{"_column_size":25,"_inline_size":null,"_inline_size_tablet":50,"_inline_size_mobile":100,"padding":{"unit":"px","top":"0","right":"0","bottom":"0","left":"0","isLinked":true},"padding_mobile":{"unit":"px","top":"30","right":"0","bottom":"0","left":"0","isLinked":false},"animation":"fadeInUp","animation_delay":300},"elements":[{"id":"181eb5d2","settings":{"title":"COMPANY","align":"left","title_color":"#ffffff","typography_typography":"custom","typography_font_family":"Comfortaa","typography_font_size_mobile":{"unit":"px","size":18},"_margin_mobile":{"unit":"px","top":"0","right":"0","bottom":"0","left":"0","isLinked":false},"header_size":"h4","link":{"url":"#","is_external":"","nofollow":""},"_margin":{"unit":"px","top":"0","right":"0","bottom":"35","left":"0","isLinked":false},"typography_font_weight":"500","typography_font_size":{"unit":"px","size":16},"_margin_tablet":{"unit":"px","top":"0","right":"0","bottom":"0","left":"0","isLinked":false}},"elements":[],"isInner":false,"widgetType":"heading","elType":"widget"},{"id":"1f228b8c","settings":{"icon_list":[{"text":"Home","icon":"","_id":"078c7ca","link":{"url":"#","is_external":"","nofollow":""},"selected_icon":{"value":"fas fa-check","library":"fa-solid"}},{"text":"About Us","icon":"","_id":"defe5ce","link":{"url":"#","is_external":"","nofollow":""},"selected_icon":{"value":"fas fa-check","library":"fa-solid"}},{"text":"Blogs","icon":"","_id":"18fc704","link":{"url":"#","is_external":"","nofollow":""},"selected_icon":{"value":"fas fa-check","library":"fa-solid"}},{"text":"Contact Us","icon":"","_id":"2718488","link":{"url":"#","is_external":"","nofollow":""},"selected_icon":{"value":"fas fa-check","library":"fa-solid"}}],"space_between":{"unit":"px","size":6},"text_color":"rgba(255,255,255,0.9)","text_color_hover":"#ffffff","icon_typography_typography":"custom","icon_typography_font_family":"Comfortaa"},"elements":[],"isInner":false,"widgetType":"icon-list","elType":"widget"}],"isInner":false,"elType":"column"},{"id":"21a6e8bf","settings":{"_column_size":25,"_inline_size":null,"_inline_size_tablet":50,"_inline_size_mobile":100,"margin_mobile":{"unit":"px","top":"30","right":"0","bottom":"0","left":"0","isLinked":false},"margin_tablet":{"unit":"px","top":"30","right":"0","bottom":"0","left":"0","isLinked":false},"padding":{"unit":"px","top":"0","right":"0","bottom":"0","left":"0","isLinked":true},"animation":"fadeInUp","animation_delay":400},"elements":[{"id":"2459cc5","settings":{"title":"RESOURCES","align":"left","title_color":"#ffffff","typography_typography":"custom","typography_font_family":"Comfortaa","typography_font_size_mobile":{"unit":"px","size":18},"_margin_mobile":{"unit":"px","top":"0","right":"0","bottom":"0","left":"0","isLinked":false},"header_size":"h4","link":{"url":"#","is_external":"","nofollow":""},"_margin":{"unit":"px","top":"0","right":"0","bottom":"35","left":"0","isLinked":false},"typography_font_weight":"500","typography_font_size":{"unit":"px","size":16},"_margin_tablet":{"unit":"px","top":"0","right":"0","bottom":"0","left":"0","isLinked":false}},"elements":[],"isInner":false,"widgetType":"heading","elType":"widget"},{"id":"3797e63f","settings":{"icon_list":[{"text":"Privacy Policy","icon":"","_id":"078c7ca","link":{"url":"#","is_external":"","nofollow":""},"selected_icon":{"value":"fas fa-check","library":"fa-solid"}},{"text":"Terms & Condition","icon":"","_id":"defe5ce","link":{"url":"#","is_external":"","nofollow":""},"selected_icon":{"value":"fas fa-check","library":"fa-solid"}},{"text":"Get Support","icon":"","_id":"18fc704","link":{"url":"#","is_external":"","nofollow":""},"selected_icon":{"value":"fas fa-check","library":"fa-solid"}},{"text":"Make A Suggetions","icon":"","_id":"2718488","link":{"url":"#","is_external":"","nofollow":""},"selected_icon":{"value":"fas fa-check","library":"fa-solid"}}],"space_between":{"unit":"px","size":6},"text_color":"rgba(255,255,255,0.9)","text_color_hover":"#ffffff","icon_typography_typography":"custom","icon_typography_font_family":"Comfortaa"},"elements":[],"isInner":false,"widgetType":"icon-list","elType":"widget"}],"isInner":false,"elType":"column"},{"id":"2fb58036","settings":{"_column_size":25,"_inline_size":null,"_inline_size_tablet":50,"_inline_size_mobile":100,"margin_mobile":{"unit":"px","top":"30","right":"0","bottom":"0","left":"0","isLinked":false},"margin_tablet":{"unit":"px","top":"30","right":"0","bottom":"0","left":"0","isLinked":false},"padding_mobile":{"unit":"px","top":"0","right":"0","bottom":"0","left":"0","isLinked":true},"animation":"fadeInRight","animation_delay":500,"padding":{"unit":"px","top":"0","right":"0","bottom":"0","left":"0","isLinked":false}},"elements":[{"id":"4257016c","settings":{"avd_gallery_images":[{"id":48329,"url":"https:\/\/bdthemes.net\/demo\/ready-pages\/ready-blocks\/wp-content\/uploads\/2019\/04\/gallery-6-1.jpg"},{"id":48330,"url":"https:\/\/bdthemes.net\/demo\/ready-pages\/ready-blocks\/wp-content\/uploads\/2019\/04\/gallery-2-1.jpg"},{"id":48331,"url":"https:\/\/bdthemes.net\/demo\/ready-pages\/ready-blocks\/wp-content\/uploads\/2019\/04\/gallery-1-1.jpg"},{"id":48332,"url":"https:\/\/bdthemes.net\/demo\/ready-pages\/ready-blocks\/wp-content\/uploads\/2019\/04\/gallery-8-1.jpg"},{"id":48333,"url":"https:\/\/bdthemes.net\/demo\/ready-pages\/ready-blocks\/wp-content\/uploads\/2019\/04\/gallery-7-1.jpg"},{"id":48334,"url":"https:\/\/bdthemes.net\/demo\/ready-pages\/ready-blocks\/wp-content\/uploads\/2019\/04\/gallery-9-1.jpg"}],"thumbnail_size":"full","item_ratio":{"unit":"px","size":90},"columns":"3","gallery_link_text":"Open Gallery","item_gap":{"unit":"px","size":10},"row_gap":{"unit":"px","size":10},"item_border_radius":{"unit":"px","top":"10","right":"10","bottom":"10","left":"10","isLinked":true},"overlay_background":"#ae66f8","button_text_color":"#ffffff","item_ratio_mobile":{"unit":"px","size":120},"columns_mobile":"2","link_image":{"id":"47163","url":"http:\/\/192.168.1.100\/business-ready-pages\/wp-content\/uploads\/2019\/03\/member.svg"}},"elements":[],"isInner":false,"widgetType":"bdt-advanced-image-gallery","elType":"widget"}],"isInner":false,"elType":"column"}],"isInner":false,"elType":"section"}],"page_settings":{"background_color_stop":{"unit":"%","size":"0","sizes":[]},"background_color_b_stop":{"unit":"%","size":"100","sizes":[]},"background_gradient_angle":{"unit":"deg","size":"180","sizes":[]},"background_xpos":{"unit":"px","size":"0","sizes":[]},"background_xpos_tablet":{"unit":"px","size":"0","sizes":[]},"background_xpos_mobile":{"unit":"px","size":"0","sizes":[]},"background_ypos":{"unit":"px","size":"0","sizes":[]},"background_ypos_tablet":{"unit":"px","size":"0","sizes":[]},"background_ypos_mobile":{"unit":"px","size":"0","sizes":[]},"background_bg_width":{"unit":"%","size":"100","sizes":[]},"background_bg_width_tablet":{"unit":"px","size":"","sizes":[]},"background_bg_width_mobile":{"unit":"px","size":"","sizes":[]},"element_pack_toolbar_typography_font_size":{"unit":"px","size":"","sizes":[]},"element_pack_toolbar_typography_font_size_tablet":{"unit":"px","size":"","sizes":[]},"element_pack_toolbar_typography_font_size_mobile":{"unit":"px","size":"","sizes":[]},"element_pack_toolbar_typography_line_height":{"unit":"em","size":"","sizes":[]},"element_pack_toolbar_typography_line_height_tablet":{"unit":"em","size":"","sizes":[]},"element_pack_toolbar_typography_line_height_mobile":{"unit":"em","size":"","sizes":[]},"element_pack_toolbar_typography_letter_spacing":{"unit":"px","size":"","sizes":[]},"element_pack_toolbar_typography_letter_spacing_tablet":{"unit":"px","size":"","sizes":[]},"element_pack_toolbar_typography_letter_spacing_mobile":{"unit":"px","size":"","sizes":[]},"element_pack_global_tooltip_width":{"unit":"px","size":"","sizes":[]},"element_pack_global_tooltip_width_tablet":{"unit":"px","size":"","sizes":[]},"element_pack_global_tooltip_width_mobile":{"unit":"px","size":"","sizes":[]},"element_pack_global_tooltip_background_color_stop":{"unit":"%","size":"0","sizes":[]},"element_pack_global_tooltip_background_color_b_stop":{"unit":"%","size":"100","sizes":[]},"element_pack_global_tooltip_background_gradient_angle":{"unit":"deg","size":"180","sizes":[]},"element_pack_global_tooltip_background_xpos":{"unit":"px","size":"0","sizes":[]},"element_pack_global_tooltip_background_xpos_tablet":{"unit":"px","size":"0","sizes":[]},"element_pack_global_tooltip_background_xpos_mobile":{"unit":"px","size":"0","sizes":[]},"element_pack_global_tooltip_background_ypos":{"unit":"px","size":"0","sizes":[]},"element_pack_global_tooltip_background_ypos_tablet":{"unit":"px","size":"0","sizes":[]},"element_pack_global_tooltip_background_ypos_mobile":{"unit":"px","size":"0","sizes":[]},"element_pack_global_tooltip_background_bg_width":{"unit":"%","size":"100","sizes":[]},"element_pack_global_tooltip_background_bg_width_tablet":{"unit":"px","size":"","sizes":[]},"element_pack_global_tooltip_background_bg_width_mobile":{"unit":"px","size":"","sizes":[]},"element_pack_global_tooltip_typography_font_size":{"unit":"px","size":"","sizes":[]},"element_pack_global_tooltip_typography_font_size_tablet":{"unit":"px","size":"","sizes":[]},"element_pack_global_tooltip_typography_font_size_mobile":{"unit":"px","size":"","sizes":[]},"element_pack_global_tooltip_typography_line_height":{"unit":"em","size":"","sizes":[]},"element_pack_global_tooltip_typography_line_height_tablet":{"unit":"em","size":"","sizes":[]},"element_pack_global_tooltip_typography_line_height_mobile":{"unit":"em","size":"","sizes":[]},"element_pack_global_tooltip_typography_letter_spacing":{"unit":"px","size":"","sizes":[]},"element_pack_global_tooltip_typography_letter_spacing_tablet":{"unit":"px","size":"","sizes":[]},"element_pack_global_tooltip_typography_letter_spacing_mobile":{"unit":"px","size":"","sizes":[]}}}