{"version":"0.4","title":"Footer Demo Set 3-4","type":"section","content":[{"id":"54fe129b","settings":{"structure":"40","background_background":"classic","background_color":"#212121","padding":{"unit":"px","top":"80","right":"0","bottom":"80","left":"0","isLinked":false},"gap":"wide","padding_tablet":{"unit":"px","top":"80","right":"30","bottom":"80","left":"30","isLinked":false},"content_width":{"unit":"px","size":1180,"sizes":[]},"padding_mobile":{"unit":"px","top":"50","right":"30","bottom":"50","left":"30","isLinked":false}},"elements":[{"id":"2b3a1c16","settings":{"_column_size":25,"_inline_size":25,"_inline_size_tablet":50,"_inline_size_mobile":100},"elements":[{"id":"780d349a","settings":{"title":"<strong>Business<\/strong> Career.","link":{"url":"#","is_external":"","nofollow":""},"header_size":"h3","align":"left","title_color":"#ffffff","typography_typography":"custom","typography_font_weight":"400","align_tablet":"left","align_mobile":"center","typography_font_size":{"unit":"px","size":20}},"elements":[],"isInner":false,"widgetType":"heading","elType":"widget"},{"id":"486484b","settings":{"editor":"<p>One morning, when Gregor Samsa woke from troubled dreams, he found himself transformed in his bed into a horrible vermin.\u00a0<\/p>","align_mobile":"center","text_color":"rgba(255,255,255,0.74)"},"elements":[],"isInner":false,"widgetType":"text-editor","elType":"widget"}],"isInner":false,"elType":"column"},{"id":"1bef60f1","settings":{"_column_size":25,"_inline_size":25,"_inline_size_tablet":50,"_inline_size_mobile":100},"elements":[{"id":"436acdf","settings":{"title":"<strong>Our<\/strong> Addresses","link":{"url":"#","is_external":"","nofollow":""},"header_size":"h3","align":"left","title_color":"#ffffff","typography_typography":"custom","typography_font_weight":"300","align_tablet":"left","align_mobile":"center","typography_font_size":{"unit":"px","size":20}},"elements":[],"isInner":false,"widgetType":"heading","elType":"widget"},{"id":"4e801e94","settings":{"editor":"<p>Boston, MA 02205-5071, US,\u00a0177 Huntington Ave Ste 1703 \u00a0\u00a0<\/p>","align_mobile":"center","text_color":"rgba(255,255,255,0.74)"},"elements":[],"isInner":false,"widgetType":"text-editor","elType":"widget"}],"isInner":false,"elType":"column"},{"id":"4497bc6d","settings":{"_column_size":25,"_inline_size":15,"_inline_size_tablet":50,"_inline_size_mobile":100},"elements":[{"id":"4780430f","settings":{"title":"<strong>About<\/strong> Us","link":{"url":"#","is_external":"","nofollow":""},"header_size":"h3","align":"left","title_color":"#ffffff","typography_typography":"custom","typography_font_weight":"300","align_tablet":"left","align_mobile":"center","typography_font_size":{"unit":"px","size":20}},"elements":[],"isInner":false,"widgetType":"heading","elType":"widget"},{"id":"5ee718ce","settings":{"icon_list":[{"text":"Our Company","icon":"","_id":"6f47818","link":{"url":"","is_external":"","nofollow":""},"selected_icon":{"value":"fas fa-check","library":"fa-solid"}},{"text":"Contact Us","icon":"","_id":"c1d4028","link":{"url":"","is_external":"","nofollow":""},"selected_icon":{"value":"fas fa-check","library":"fa-solid"}},{"text":"Our Services","icon":"","_id":"2826228","link":{"url":"","is_external":"","nofollow":""},"selected_icon":{"value":"fas fa-check","library":"fa-solid"}},{"text":"Company Career ","icon":"","_id":"a90b229","link":{"url":"","is_external":"","nofollow":""},"selected_icon":{"value":"fas fa-check","library":"fa-solid"}},{"text":"Our Team","icon":"","_id":"1d86858","link":{"url":"","is_external":"","nofollow":""},"selected_icon":{"value":"fas fa-check","library":"fa-solid"}}],"text_color":"rgba(255,255,255,0.76)","text_color_hover":"#ffffff","icon_align_mobile":"center"},"elements":[],"isInner":false,"widgetType":"icon-list","elType":"widget"}],"isInner":false,"elType":"column"},{"id":"1a4c18b","settings":{"_column_size":25,"_inline_size":35,"_inline_size_tablet":50,"_inline_size_mobile":100},"elements":[{"id":"5043fd8b","settings":{"avd_gallery_images":[{"id":47809,"url":"https:\/\/bdthemes.net\/demo\/ready-pages\/ready-blocks\/wp-content\/uploads\/2019\/04\/dpt-carousel-1.jpg"},{"id":47817,"url":"https:\/\/bdthemes.net\/demo\/ready-pages\/ready-blocks\/wp-content\/uploads\/2019\/04\/dpt-carousel-3.jpg"},{"id":47612,"url":"https:\/\/bdthemes.net\/demo\/ready-pages\/ready-blocks\/wp-content\/uploads\/2019\/04\/cs42.jpg"},{"id":47613,"url":"https:\/\/bdthemes.net\/demo\/ready-pages\/ready-blocks\/wp-content\/uploads\/2019\/04\/cs41.jpg"},{"id":47610,"url":"https:\/\/bdthemes.net\/demo\/ready-pages\/ready-blocks\/wp-content\/uploads\/2019\/04\/cs44.jpg"},{"id":47609,"url":"https:\/\/bdthemes.net\/demo\/ready-pages\/ready-blocks\/wp-content\/uploads\/2019\/04\/cs45.jpg"},{"id":47611,"url":"https:\/\/bdthemes.net\/demo\/ready-pages\/ready-blocks\/wp-content\/uploads\/2019\/04\/cs43.jpg"},{"id":47608,"url":"https:\/\/bdthemes.net\/demo\/ready-pages\/ready-blocks\/wp-content\/uploads\/2019\/04\/cs46.jpg"}],"item_ratio":{"unit":"px","size":80},"item_gap":{"unit":"px","size":10},"row_gap":{"unit":"px","size":10},"gallery_link_text":"Open Gallery","thumbnail_size":"full","item_ratio_mobile":{"unit":"px","size":100},"columns_tablet":"4","columns_mobile":"2","overlay_background":"rgba(0,0,0,0.4)","button_text_color":"#ffffff","link_image":{"id":"47314","url":"http:\/\/192.168.1.100\/business-ready-pages\/wp-content\/uploads\/2019\/04\/placeholder-1.png"}},"elements":[],"isInner":false,"widgetType":"bdt-advanced-image-gallery","elType":"widget"}],"isInner":false,"elType":"column"}],"isInner":false,"elType":"section"}],"page_settings":{"background_color_stop":{"unit":"%","size":"0","sizes":[]},"background_color_b_stop":{"unit":"%","size":"100","sizes":[]},"background_gradient_angle":{"unit":"deg","size":"180","sizes":[]},"background_xpos":{"unit":"px","size":"0","sizes":[]},"background_xpos_tablet":{"unit":"px","size":"0","sizes":[]},"background_xpos_mobile":{"unit":"px","size":"0","sizes":[]},"background_ypos":{"unit":"px","size":"0","sizes":[]},"background_ypos_tablet":{"unit":"px","size":"0","sizes":[]},"background_ypos_mobile":{"unit":"px","size":"0","sizes":[]},"background_bg_width":{"unit":"%","size":"100","sizes":[]},"background_bg_width_tablet":{"unit":"px","size":"","sizes":[]},"background_bg_width_mobile":{"unit":"px","size":"","sizes":[]},"element_pack_toolbar_typography_font_size":{"unit":"px","size":"","sizes":[]},"element_pack_toolbar_typography_font_size_tablet":{"unit":"px","size":"","sizes":[]},"element_pack_toolbar_typography_font_size_mobile":{"unit":"px","size":"","sizes":[]},"element_pack_toolbar_typography_line_height":{"unit":"em","size":"","sizes":[]},"element_pack_toolbar_typography_line_height_tablet":{"unit":"em","size":"","sizes":[]},"element_pack_toolbar_typography_line_height_mobile":{"unit":"em","size":"","sizes":[]},"element_pack_toolbar_typography_letter_spacing":{"unit":"px","size":"","sizes":[]},"element_pack_toolbar_typography_letter_spacing_tablet":{"unit":"px","size":"","sizes":[]},"element_pack_toolbar_typography_letter_spacing_mobile":{"unit":"px","size":"","sizes":[]},"element_pack_global_tooltip_width":{"unit":"px","size":"","sizes":[]},"element_pack_global_tooltip_width_tablet":{"unit":"px","size":"","sizes":[]},"element_pack_global_tooltip_width_mobile":{"unit":"px","size":"","sizes":[]},"element_pack_global_tooltip_background_color_stop":{"unit":"%","size":"0","sizes":[]},"element_pack_global_tooltip_background_color_b_stop":{"unit":"%","size":"100","sizes":[]},"element_pack_global_tooltip_background_gradient_angle":{"unit":"deg","size":"180","sizes":[]},"element_pack_global_tooltip_background_xpos":{"unit":"px","size":"0","sizes":[]},"element_pack_global_tooltip_background_xpos_tablet":{"unit":"px","size":"0","sizes":[]},"element_pack_global_tooltip_background_xpos_mobile":{"unit":"px","size":"0","sizes":[]},"element_pack_global_tooltip_background_ypos":{"unit":"px","size":"0","sizes":[]},"element_pack_global_tooltip_background_ypos_tablet":{"unit":"px","size":"0","sizes":[]},"element_pack_global_tooltip_background_ypos_mobile":{"unit":"px","size":"0","sizes":[]},"element_pack_global_tooltip_background_bg_width":{"unit":"%","size":"100","sizes":[]},"element_pack_global_tooltip_background_bg_width_tablet":{"unit":"px","size":"","sizes":[]},"element_pack_global_tooltip_background_bg_width_mobile":{"unit":"px","size":"","sizes":[]},"element_pack_global_tooltip_typography_font_size":{"unit":"px","size":"","sizes":[]},"element_pack_global_tooltip_typography_font_size_tablet":{"unit":"px","size":"","sizes":[]},"element_pack_global_tooltip_typography_font_size_mobile":{"unit":"px","size":"","sizes":[]},"element_pack_global_tooltip_typography_line_height":{"unit":"em","size":"","sizes":[]},"element_pack_global_tooltip_typography_line_height_tablet":{"unit":"em","size":"","sizes":[]},"element_pack_global_tooltip_typography_line_height_mobile":{"unit":"em","size":"","sizes":[]},"element_pack_global_tooltip_typography_letter_spacing":{"unit":"px","size":"","sizes":[]},"element_pack_global_tooltip_typography_letter_spacing_tablet":{"unit":"px","size":"","sizes":[]},"element_pack_global_tooltip_typography_letter_spacing_mobile":{"unit":"px","size":"","sizes":[]}}}