{"version":"0.4","title":"Footer Demo Set 3-3","type":"section","content":[{"id":"4f6a5a40","settings":{"structure":"20","background_background":"classic","background_image":{"id":47532,"url":"http:\/\/192.168.1.100\/business-ready-pages\/wp-content\/uploads\/2019\/04\/bg1-1.png"},"background_repeat":"no-repeat","margin":{"unit":"px","top":"","right":0,"bottom":"","left":0,"isLinked":true},"padding":{"unit":"px","top":"80","right":"0","bottom":"80","left":"0","isLinked":false},"background_size":"cover","padding_tablet":{"unit":"px","top":"80","right":"30","bottom":"80","left":"30","isLinked":false},"padding_mobile":{"unit":"px","top":"50","right":"30","bottom":"50","left":"30","isLinked":false}},"elements":[{"id":"6034b2ac","settings":{"_column_size":50,"_inline_size":null,"content_position":"center","_inline_size_tablet":100,"_inline_size_mobile":100},"elements":[{"id":"35607a0e","settings":{"button_text":"","offcanvas_button_background_color":"rgba(0,0,0,0)","hide_desktop":"hidden-desktop","hide_tablet":"hidden-tablet","sidebars":"offcanvas","button_align_mobile":"center","offcanvas_content_color":"#ffffff","offcanvas_content_link_hover_color":"#f12184","offcanvas_custom_id":"#bdt-custom-offcanvas"},"elements":[],"isInner":false,"widgetType":"bdt-offcanvas","elType":"widget"},{"id":"21b13e36","settings":{"navs":[{"nav_title":"Home","nav_link":{"url":"#home","is_external":"","nofollow":""},"_id":"620ce66","nav_icon":""},{"nav_title":"Services","nav_link":{"url":"#services","is_external":"","nofollow":""},"_id":"a803d46","nav_icon":""},{"nav_title":"Projects","nav_link":{"url":"#project","is_external":"","nofollow":""},"_id":"c87c43b","nav_icon":""},{"nav_title":"Latest News ","nav_link":{"url":"#latest-news","is_external":"","nofollow":""},"_id":"aa049cd","nav_icon":""},{"nav_title":"Contact Us","nav_link":{"url":"#contact-us","is_external":"","nofollow":""},"_id":"bbc44fb","nav_icon":""}],"alignment":"center","nav_spacing":{"unit":"px","top":"0","right":"0","bottom":"0","left":"0","isLinked":true},"nav_typography_typography":"custom","nav_typography_font_weight":"700","nav_active_color":"#ffffff","nav_color":"rgba(255,255,255,0.6)","nav_typography_font_size":{"unit":"px","size":15},"nav_hover_color":"#ffffff","hide_mobile":"hidden-phone","_margin":{"unit":"px","top":"20","right":"0","bottom":"0","left":"0","isLinked":false},"nav_typography_text_transform":"uppercase"},"elements":[],"isInner":false,"widgetType":"bdt-scrollnav","elType":"widget"},{"id":"7d7ae5f2","settings":{"color":"rgba(255,255,255,0.5)","width":{"unit":"%","size":83},"align":"center","gap":{"unit":"px","size":2}},"elements":[],"isInner":false,"widgetType":"divider","elType":"widget"},{"id":"1aa3ef3a","settings":{"structure":"20"},"elements":[{"id":"415dbab8","settings":{"_column_size":50,"_inline_size":null,"content_position":"center"},"elements":[{"id":"1d0c80d8","settings":{"title":"<strong>Builder<\/strong> Group.","link":{"url":"#","is_external":"","nofollow":""},"header_size":"h3","align":"right","title_color":"#ffffff","typography_typography":"custom","typography_font_weight":"normal","align_tablet":"center","_margin_mobile":{"unit":"px","top":"0","right":"0","bottom":"20","left":"0","isLinked":false}},"elements":[],"isInner":false,"widgetType":"heading","elType":"widget"}],"isInner":true,"elType":"column"},{"id":"4bd5c0e2","settings":{"_column_size":50,"_inline_size":null},"elements":[{"id":"7df81ac1","settings":{"social_icon_list":[{"social":"fa fa-facebook","_id":"8999da3","link":{"url":"","is_external":"true","nofollow":""},"social_icon":{"value":"fab fa-wordpress","library":"fa-brands"},"item_icon_color":"default","item_icon_primary_color":"","item_icon_secondary_color":""},{"social":"fa fa-twitter","_id":"47b2be1","link":{"url":"","is_external":"true","nofollow":""},"social_icon":{"value":"fab fa-wordpress","library":"fa-brands"},"item_icon_color":"default","item_icon_primary_color":"","item_icon_secondary_color":""},{"social":"fa fa-google-plus","_id":"508945d","link":{"url":"","is_external":"true","nofollow":""},"social_icon":{"value":"fab fa-wordpress","library":"fa-brands"},"item_icon_color":"default","item_icon_primary_color":"","item_icon_secondary_color":""}],"shape":"circle","icon_color":"custom","icon_primary_color":"rgba(0,0,0,0)","icon_size":{"unit":"px","size":15},"icon_padding":{"unit":"em","size":0.8000000000000000444089209850062616169452667236328125},"icon_spacing":{"unit":"px","size":10},"image_border_border":"solid","image_border_width":{"unit":"px","top":"0","right":"0","bottom":"0","left":"0","isLinked":true},"image_border_color":"#ffffff","hover_primary_color":"#ffffff","hover_secondary_color":"#000000","hover_border_color":"#ffffff","align":"left","align_mobile":"center"},"elements":[],"isInner":false,"widgetType":"social-icons","elType":"widget"}],"isInner":true,"elType":"column"}],"isInner":true,"elType":"section"}],"isInner":false,"elType":"column"},{"id":"128a05b9","settings":{"_column_size":50,"_inline_size":null,"background_background":"classic","background_color":"#ffffff","padding":{"unit":"px","top":"50","right":"50","bottom":"50","left":"50","isLinked":true},"box_shadow_box_shadow_type":"yes","box_shadow_box_shadow":{"horizontal":0,"vertical":5,"blur":50,"spread":0,"color":"rgba(0,0,0,0.3)"},"_inline_size_tablet":100,"_inline_size_mobile":100,"padding_mobile":{"unit":"px","top":"50","right":"0","bottom":"0","left":"0","isLinked":false}},"elements":[{"id":"49385b8e","settings":{"color":"#000000","width":{"unit":"%","size":15},"align":"center","gap":{"unit":"px","size":0}},"elements":[],"isInner":false,"widgetType":"divider","elType":"widget"},{"id":"65535117","settings":{"title":"Get In Touch","title_color":"#000000","align":"center","_margin":{"unit":"px","top":"0","right":"0","bottom":"60","left":"0","isLinked":false},"_margin_mobile":{"unit":"px","top":"0","right":"0","bottom":"0","left":"0","isLinked":false}},"elements":[],"isInner":false,"widgetType":"heading","elType":"widget"},{"id":"812001c","settings":{"structure":"20"},"elements":[{"id":"2243f0c","settings":{"_column_size":50,"_inline_size":null,"content_position":"center"},"elements":[{"id":"643b550b","settings":{"icon_list":[{"text":"Level 2 \/ 437 St Road  VIC ","icon":"fa fa-map-marker","_id":"9d590e3","link":{"url":"","is_external":"","nofollow":""},"selected_icon":{"value":"fas fa-check","library":"fa-solid"}},{"text":"Mobile: 0419 338 885","icon":"fa fa-phone","_id":"faa3716","link":{"url":"","is_external":"","nofollow":""},"selected_icon":{"value":"fas fa-check","library":"fa-solid"}},{"text":"norm@roads.org.au","icon":"fa fa-envelope-o","_id":"37ea4e3","link":{"url":"","is_external":"","nofollow":""},"selected_icon":{"value":"fas fa-check","library":"fa-solid"}},{"text":"From 11:00 Am- 09:00 Pm","icon":"fa fa-clock-o","_id":"a5da72a","link":{"url":"","is_external":"","nofollow":""},"selected_icon":{"value":"fas fa-check","library":"fa-solid"}}],"space_between":{"unit":"px","size":15},"icon_size":{"unit":"px","size":18},"icon_align_mobile":"center"},"elements":[],"isInner":false,"widgetType":"icon-list","elType":"widget"}],"isInner":true,"elType":"column"},{"id":"7d8126fe","settings":{"_column_size":50,"_inline_size":null,"_inline_size_mobile":100,"padding_mobile":{"unit":"px","top":"15","right":"15","bottom":"15","left":"15","isLinked":true}},"elements":[{"id":"68feed7a","settings":{"input_placeholder_color":"rgba(0,0,0,0.4)","input_border_show":"yes","input_border_border":"solid","input_border_width":{"unit":"px","top":"1","right":"1","bottom":"1","left":"1","isLinked":true},"input_border_color":"rgba(110,193,228,0.2)","input_padding":{"unit":"px","top":"10","right":"10","bottom":"10","left":"10","isLinked":true},"fullwidth_input":"yes","border_border":"solid","border_width":{"unit":"px","top":"1","right":"1","bottom":"1","left":"1","isLinked":true},"border_color":"rgba(110,193,228,0.2)","text_padding":{"unit":"px","top":"3","right":"30","bottom":"3","left":"30","isLinked":false},"hover_color":"#ffffff","button_background_hover_color":"#8564f9","button_hover_border_color":"#8564f9","email_field_placeholder":"Email *","button_text":"SIGNUP","background_color":"#6ec1e4"},"elements":[],"isInner":false,"widgetType":"bdt-mailchimp","elType":"widget"}],"isInner":true,"elType":"column"}],"isInner":true,"elType":"section"}],"isInner":false,"elType":"column"}],"isInner":false,"elType":"section"}],"page_settings":{"background_color_stop":{"unit":"%","size":"0","sizes":[]},"background_color_b_stop":{"unit":"%","size":"100","sizes":[]},"background_gradient_angle":{"unit":"deg","size":"180","sizes":[]},"background_xpos":{"unit":"px","size":"0","sizes":[]},"background_xpos_tablet":{"unit":"px","size":"0","sizes":[]},"background_xpos_mobile":{"unit":"px","size":"0","sizes":[]},"background_ypos":{"unit":"px","size":"0","sizes":[]},"background_ypos_tablet":{"unit":"px","size":"0","sizes":[]},"background_ypos_mobile":{"unit":"px","size":"0","sizes":[]},"background_bg_width":{"unit":"%","size":"100","sizes":[]},"background_bg_width_tablet":{"unit":"px","size":"","sizes":[]},"background_bg_width_mobile":{"unit":"px","size":"","sizes":[]},"element_pack_toolbar_typography_font_size":{"unit":"px","size":"","sizes":[]},"element_pack_toolbar_typography_font_size_tablet":{"unit":"px","size":"","sizes":[]},"element_pack_toolbar_typography_font_size_mobile":{"unit":"px","size":"","sizes":[]},"element_pack_toolbar_typography_line_height":{"unit":"em","size":"","sizes":[]},"element_pack_toolbar_typography_line_height_tablet":{"unit":"em","size":"","sizes":[]},"element_pack_toolbar_typography_line_height_mobile":{"unit":"em","size":"","sizes":[]},"element_pack_toolbar_typography_letter_spacing":{"unit":"px","size":"","sizes":[]},"element_pack_toolbar_typography_letter_spacing_tablet":{"unit":"px","size":"","sizes":[]},"element_pack_toolbar_typography_letter_spacing_mobile":{"unit":"px","size":"","sizes":[]},"element_pack_global_tooltip_width":{"unit":"px","size":"","sizes":[]},"element_pack_global_tooltip_width_tablet":{"unit":"px","size":"","sizes":[]},"element_pack_global_tooltip_width_mobile":{"unit":"px","size":"","sizes":[]},"element_pack_global_tooltip_background_color_stop":{"unit":"%","size":"0","sizes":[]},"element_pack_global_tooltip_background_color_b_stop":{"unit":"%","size":"100","sizes":[]},"element_pack_global_tooltip_background_gradient_angle":{"unit":"deg","size":"180","sizes":[]},"element_pack_global_tooltip_background_xpos":{"unit":"px","size":"0","sizes":[]},"element_pack_global_tooltip_background_xpos_tablet":{"unit":"px","size":"0","sizes":[]},"element_pack_global_tooltip_background_xpos_mobile":{"unit":"px","size":"0","sizes":[]},"element_pack_global_tooltip_background_ypos":{"unit":"px","size":"0","sizes":[]},"element_pack_global_tooltip_background_ypos_tablet":{"unit":"px","size":"0","sizes":[]},"element_pack_global_tooltip_background_ypos_mobile":{"unit":"px","size":"0","sizes":[]},"element_pack_global_tooltip_background_bg_width":{"unit":"%","size":"100","sizes":[]},"element_pack_global_tooltip_background_bg_width_tablet":{"unit":"px","size":"","sizes":[]},"element_pack_global_tooltip_background_bg_width_mobile":{"unit":"px","size":"","sizes":[]},"element_pack_global_tooltip_typography_font_size":{"unit":"px","size":"","sizes":[]},"element_pack_global_tooltip_typography_font_size_tablet":{"unit":"px","size":"","sizes":[]},"element_pack_global_tooltip_typography_font_size_mobile":{"unit":"px","size":"","sizes":[]},"element_pack_global_tooltip_typography_line_height":{"unit":"em","size":"","sizes":[]},"element_pack_global_tooltip_typography_line_height_tablet":{"unit":"em","size":"","sizes":[]},"element_pack_global_tooltip_typography_line_height_mobile":{"unit":"em","size":"","sizes":[]},"element_pack_global_tooltip_typography_letter_spacing":{"unit":"px","size":"","sizes":[]},"element_pack_global_tooltip_typography_letter_spacing_tablet":{"unit":"px","size":"","sizes":[]},"element_pack_global_tooltip_typography_letter_spacing_mobile":{"unit":"px","size":"","sizes":[]}}}