{"version":"0.4","title":"Footer Demo Set 10-2","type":"section","content":[{"id":"6686dfa3","settings":{"gap":"wide","structure":"30","background_background":"classic","background_color":"#333333","padding":{"unit":"px","top":"80","right":"0","bottom":"0","left":"0","isLinked":false},"padding_mobile":{"unit":"px","top":"50","right":"15","bottom":"50","left":"15","isLinked":false},"padding_tablet":{"unit":"px","top":"50","right":"30","bottom":"50","left":"80","isLinked":false}},"elements":[{"id":"48475d98","settings":{"_column_size":33,"_inline_size":null,"_inline_size_mobile":100},"elements":[{"id":"4eff2625","settings":{"title":"Our Award","align":"left","title_color":"#ffffff","typography_typography":"custom","typography_font_family":"Ubuntu","typography_font_size":{"unit":"em","size":1.3000000000000000444089209850062616169452667236328125}},"elements":[],"isInner":false,"widgetType":"heading","elType":"widget"},{"id":"5df70b8a","settings":{"editor":"<p>Samsa was a travelling salesman - and above it there hung a picture that he had recently cut out of an illustrated magazine and housed.<\/p>","typography_typography":"custom","typography_font_family":"Lora","typography_font_size":{"unit":"em","size":""},"typography_font_weight":"300","typography_line_height":{"unit":"em","size":1.5},"text_color":"rgba(255,255,255,0.7)"},"elements":[],"isInner":false,"widgetType":"text-editor","elType":"widget"},{"id":"23e0c440","settings":{"structure":"20","margin":{"unit":"px","top":"-50","right":0,"bottom":"0","left":0,"isLinked":false},"padding":{"unit":"px","top":"0","right":"0","bottom":"0","left":"0","isLinked":false}},"elements":[{"id":"762231f8","settings":{"_column_size":50,"_inline_size":null,"padding":{"unit":"px","top":"0","right":"0","bottom":"0","left":"0","isLinked":false},"_inline_size_mobile":100},"elements":[{"id":"67fac9de","settings":{"image":{"id":48685,"url":"https:\/\/bdthemes.net\/demo\/ready-pages\/ready-blocks\/wp-content\/uploads\/2019\/04\/cs-logo3-white-150x150.png"},"align":"left","_margin":{"unit":"px","top":"0","right":"0","bottom":"0","left":"-20","isLinked":false},"_padding":{"unit":"px","top":"20","right":"20","bottom":"20","left":"20","isLinked":false},"image_size":"thumbnail","_margin_mobile":{"unit":"px","top":"0","right":"0","bottom":"0","left":"0","isLinked":false}},"elements":[],"isInner":false,"widgetType":"image","elType":"widget"}],"isInner":true,"elType":"column"},{"id":"34112f40","settings":{"_column_size":50,"_inline_size":null,"padding":{"unit":"px","top":"0","right":"0","bottom":"0","left":"0","isLinked":false}},"elements":[{"id":"31e01440","settings":{"image":{"id":48686,"url":"https:\/\/bdthemes.net\/demo\/ready-pages\/ready-blocks\/wp-content\/uploads\/2019\/04\/cs-logo8-white-150x150.png"},"align":"left","_margin":{"unit":"px","top":"0","right":"0","bottom":"0","left":"-20","isLinked":false},"_padding":{"unit":"px","top":"20","right":"20","bottom":"20","left":"20","isLinked":true},"image_size":"thumbnail","_margin_mobile":{"unit":"px","top":"-100","right":"0","bottom":"0","left":"0","isLinked":false}},"elements":[],"isInner":false,"widgetType":"image","elType":"widget"}],"isInner":true,"elType":"column"}],"isInner":true,"elType":"section"}],"isInner":false,"elType":"column"},{"id":"224a5cae","settings":{"_column_size":33,"_inline_size":null,"_inline_size_mobile":100,"margin_mobile":{"unit":"px","top":"-50","right":"0","bottom":"0","left":"0","isLinked":false}},"elements":[{"id":"2f9252e","settings":{"title":"Contact Info","align":"left","title_color":"#ffffff","typography_typography":"custom","typography_font_family":"Ubuntu","typography_font_size":{"unit":"em","size":1.3000000000000000444089209850062616169452667236328125}},"elements":[],"isInner":false,"widgetType":"heading","elType":"widget"},{"id":"3ed2f6d3","settings":{"icon_list":[{"text":"+96012-9540-95648","icon":"fa fa-headphones","_id":"c459d5c","link":{"url":"","is_external":"","nofollow":""},"selected_icon":{"value":"fas fa-check","library":"fa-solid"}},{"text":" Office Spaces or List a Space & Reach 125+ Sites, United States of America.","icon":"fa fa-location-arrow","_id":"699e284","link":{"url":"","is_external":"","nofollow":""},"selected_icon":{"value":"fas fa-check","library":"fa-solid"}},{"text":"Saturday- Tuesday, 08 am-10.30 pm","icon":"fa fa-clock-o","_id":"0d45df4","link":{"url":"","is_external":"","nofollow":""},"selected_icon":{"value":"fas fa-check","library":"fa-solid"}}],"space_between":{"unit":"px","size":10},"icon_color":"rgba(255,255,255,0.7)","icon_size":{"unit":"px","size":18},"text_color":"rgba(255,255,255,0.7)","text_indent":{"unit":"px","size":15}},"elements":[],"isInner":false,"widgetType":"icon-list","elType":"widget"}],"isInner":false,"elType":"column"},{"id":"358b98a1","settings":{"_column_size":33,"_inline_size":null,"_inline_size_mobile":100,"margin_mobile":{"unit":"px","top":"20","right":"0","bottom":"0","left":"0","isLinked":false}},"elements":[{"id":"60690a91","settings":{"title":"Recent Trip","align":"left","title_color":"#ffffff","typography_typography":"custom","typography_font_family":"Ubuntu","typography_font_size":{"unit":"em","size":1.3000000000000000444089209850062616169452667236328125}},"elements":[],"isInner":false,"widgetType":"heading","elType":"widget"},{"id":"14af78ff","settings":{"comment_count":"","like_count":"","overlay_background":"rgba(0,0,0,0.51)","overlay_color":"#ffffff","columns_mobile":"3","item_border_radius":{"unit":"px","top":"10","right":"10","bottom":"10","left":"10","isLinked":true},"items":{"unit":"px","size":8,"sizes":[]},"follow_me_text":"follow me","profile_spacing":{"unit":"px","size":"","sizes":[]},"profile_spacing_tablet":{"unit":"px","size":"","sizes":[]},"profile_spacing_mobile":{"unit":"px","size":"","sizes":[]},"profile_typography_font_size":{"unit":"px","size":"","sizes":[]},"profile_typography_font_size_tablet":{"unit":"px","size":"","sizes":[]},"profile_typography_font_size_mobile":{"unit":"px","size":"","sizes":[]},"profile_typography_line_height":{"unit":"em","size":"","sizes":[]},"profile_typography_line_height_tablet":{"unit":"em","size":"","sizes":[]},"profile_typography_line_height_mobile":{"unit":"em","size":"","sizes":[]},"profile_typography_letter_spacing":{"unit":"px","size":"","sizes":[]},"profile_typography_letter_spacing_tablet":{"unit":"px","size":"","sizes":[]},"profile_typography_letter_spacing_mobile":{"unit":"px","size":"","sizes":[]},"arrows_size":{"unit":"px","size":40,"sizes":[]}},"elements":[],"isInner":false,"widgetType":"bdt-instagram","elType":"widget"}],"isInner":false,"elType":"column"}],"isInner":false,"elType":"section"}],"page_settings":{"background_color_stop":{"unit":"%","size":"0","sizes":[]},"background_color_b_stop":{"unit":"%","size":"100","sizes":[]},"background_gradient_angle":{"unit":"deg","size":"180","sizes":[]},"background_xpos":{"unit":"px","size":"0","sizes":[]},"background_xpos_tablet":{"unit":"px","size":"0","sizes":[]},"background_xpos_mobile":{"unit":"px","size":"0","sizes":[]},"background_ypos":{"unit":"px","size":"0","sizes":[]},"background_ypos_tablet":{"unit":"px","size":"0","sizes":[]},"background_ypos_mobile":{"unit":"px","size":"0","sizes":[]},"background_bg_width":{"unit":"%","size":"100","sizes":[]},"background_bg_width_tablet":{"unit":"px","size":"","sizes":[]},"background_bg_width_mobile":{"unit":"px","size":"","sizes":[]},"element_pack_toolbar_typography_font_size":{"unit":"px","size":"","sizes":[]},"element_pack_toolbar_typography_font_size_tablet":{"unit":"px","size":"","sizes":[]},"element_pack_toolbar_typography_font_size_mobile":{"unit":"px","size":"","sizes":[]},"element_pack_toolbar_typography_line_height":{"unit":"em","size":"","sizes":[]},"element_pack_toolbar_typography_line_height_tablet":{"unit":"em","size":"","sizes":[]},"element_pack_toolbar_typography_line_height_mobile":{"unit":"em","size":"","sizes":[]},"element_pack_toolbar_typography_letter_spacing":{"unit":"px","size":"","sizes":[]},"element_pack_toolbar_typography_letter_spacing_tablet":{"unit":"px","size":"","sizes":[]},"element_pack_toolbar_typography_letter_spacing_mobile":{"unit":"px","size":"","sizes":[]},"element_pack_global_tooltip_width":{"unit":"px","size":"","sizes":[]},"element_pack_global_tooltip_width_tablet":{"unit":"px","size":"","sizes":[]},"element_pack_global_tooltip_width_mobile":{"unit":"px","size":"","sizes":[]},"element_pack_global_tooltip_background_color_stop":{"unit":"%","size":"0","sizes":[]},"element_pack_global_tooltip_background_color_b_stop":{"unit":"%","size":"100","sizes":[]},"element_pack_global_tooltip_background_gradient_angle":{"unit":"deg","size":"180","sizes":[]},"element_pack_global_tooltip_background_xpos":{"unit":"px","size":"0","sizes":[]},"element_pack_global_tooltip_background_xpos_tablet":{"unit":"px","size":"0","sizes":[]},"element_pack_global_tooltip_background_xpos_mobile":{"unit":"px","size":"0","sizes":[]},"element_pack_global_tooltip_background_ypos":{"unit":"px","size":"0","sizes":[]},"element_pack_global_tooltip_background_ypos_tablet":{"unit":"px","size":"0","sizes":[]},"element_pack_global_tooltip_background_ypos_mobile":{"unit":"px","size":"0","sizes":[]},"element_pack_global_tooltip_background_bg_width":{"unit":"%","size":"100","sizes":[]},"element_pack_global_tooltip_background_bg_width_tablet":{"unit":"px","size":"","sizes":[]},"element_pack_global_tooltip_background_bg_width_mobile":{"unit":"px","size":"","sizes":[]},"element_pack_global_tooltip_typography_font_size":{"unit":"px","size":"","sizes":[]},"element_pack_global_tooltip_typography_font_size_tablet":{"unit":"px","size":"","sizes":[]},"element_pack_global_tooltip_typography_font_size_mobile":{"unit":"px","size":"","sizes":[]},"element_pack_global_tooltip_typography_line_height":{"unit":"em","size":"","sizes":[]},"element_pack_global_tooltip_typography_line_height_tablet":{"unit":"em","size":"","sizes":[]},"element_pack_global_tooltip_typography_line_height_mobile":{"unit":"em","size":"","sizes":[]},"element_pack_global_tooltip_typography_letter_spacing":{"unit":"px","size":"","sizes":[]},"element_pack_global_tooltip_typography_letter_spacing_tablet":{"unit":"px","size":"","sizes":[]},"element_pack_global_tooltip_typography_letter_spacing_mobile":{"unit":"px","size":"","sizes":[]}}}