{"version":"0.4","title":"Footer Demo Set 10-5","type":"section","content":[{"id":"29db7740","settings":{"background_background":"classic","background_color":"#141727","padding":{"unit":"px","top":"80","right":"0","bottom":"0","left":"0","isLinked":false},"padding_tablet":{"unit":"px","top":"50","right":"0","bottom":"50","left":"0","isLinked":false},"padding_mobile":{"unit":"px","top":"50","right":"0","bottom":"0","left":"0","isLinked":false},"layout":"full_width"},"elements":[{"id":"10f72029","settings":{"_column_size":100,"_inline_size_tablet":100,"_inline_size_mobile":100,"padding":{"unit":"px","top":"0","right":"0","bottom":"0","left":"0","isLinked":false}},"elements":[{"id":"6715d1f8","settings":{"gap":"wider","structure":"40","content_width":{"unit":"px","size":1600,"sizes":[]},"padding":{"unit":"px","top":"0","right":"0","bottom":"40","left":"0","isLinked":false}},"elements":[{"id":"4f247f76","settings":{"_column_size":25,"_inline_size":null,"_inline_size_tablet":50,"_inline_size_mobile":100},"elements":[{"id":"4e78534f","settings":{"image":{"url":"https:\/\/bdthemes.net\/demo\/ready-pages\/ready-blocks\/wp-content\/uploads\/2019\/04\/logo-1-1-1.png","id":48448},"image_size":"full","align":"left","width":{"unit":"%","size":40,"sizes":[]}},"elements":[],"isInner":false,"widgetType":"image","elType":"widget"},{"id":"3b20212","settings":{"editor":"<p>Lorem ipsum dolor sit amet, consectetur adipiscing elit. Ut elit tellus, luctus nec.<\/p><p>One morning, when Gregor Samsa woke from troubled dreams, he found himself transformed in his bed into a horrible vermin. He lay on his armour-like back, and if he lifted his head a little he could see his brown belly, slightly domed\u00a0<\/p>","text_color":"rgba(255,255,255,0.7)","typography_typography":"custom","typography_font_weight":"300"},"elements":[],"isInner":false,"widgetType":"text-editor","elType":"widget"}],"isInner":true,"elType":"column"},{"id":"5335b0e4","settings":{"_column_size":25,"_inline_size":null,"_inline_size_tablet":50,"_inline_size_mobile":100},"elements":[{"id":"963113a","settings":{"title":"USEFUL LINK","title_color":"#ffffff","typography_typography":"custom","typography_font_family":"Maven Pro","typography_font_size":{"unit":"px","size":20},"_margin":{"unit":"px","top":"0","right":"0","bottom":"40","left":"0","isLinked":false}},"elements":[],"isInner":false,"widgetType":"heading","elType":"widget"},{"id":"6ea3a3fe","settings":{"icon_list":[{"text":"General Information for Users","icon":"fa fa-dot-circle-o","_id":"1ea3e9c","link":{"url":"#","is_external":"","nofollow":""},"selected_icon":{"value":"fas fa-check","library":"fa-solid"}},{"text":"Interactive Fairy Tales","icon":"fa fa-dot-circle-o","_id":"f0604b8","link":{"url":"#","is_external":"","nofollow":""},"selected_icon":{"value":"fas fa-check","library":"fa-solid"}},{"text":"Official Story Book Marker","icon":"fa fa-dot-circle-o","_id":"fa7b4be","link":{"url":"#","is_external":"","nofollow":""},"selected_icon":{"value":"fas fa-check","library":"fa-solid"}},{"text":"Basic Knowledge Website","icon":"fa fa-dot-circle-o","_id":"42753d2","link":{"url":"#","is_external":"","nofollow":""},"selected_icon":{"value":"fas fa-check","library":"fa-solid"}},{"text":"Privacy & Policy Condition","icon":"fa fa-dot-circle-o","_id":"b5110db","link":{"url":"#","is_external":"","nofollow":""},"selected_icon":{"value":"fas fa-check","library":"fa-solid"}},{"text":"Terms & Conditions Life","icon":"fa fa-dot-circle-o","_id":"bba6b0d","link":{"url":"#","is_external":"","nofollow":""},"selected_icon":{"value":"fas fa-check","library":"fa-solid"}}],"space_between":{"unit":"px","size":14},"icon_color":"#ffffff","text_color":"rgba(255,255,255,0.7)","text_indent":{"unit":"px","size":15},"icon_typography_typography":"custom","icon_typography_font_family":"Maven Pro","icon_typography_font_weight":"300","text_color_hover":"#ffffff"},"elements":[],"isInner":false,"widgetType":"icon-list","elType":"widget"}],"isInner":true,"elType":"column"},{"id":"4907a11a","settings":{"_column_size":25,"_inline_size":null,"_inline_size_tablet":50,"_inline_size_mobile":100,"margin":{"unit":"px","top":"0","right":"0","bottom":"0","left":"0","isLinked":false},"margin_mobile":{"unit":"px","top":"0","right":"0","bottom":"0","left":"0","isLinked":false},"margin_tablet":{"unit":"px","top":"0","right":"0","bottom":"0","left":"0","isLinked":false}},"elements":[{"id":"224e1674","settings":{"title":"NEWSLETTER FORM","align":"left","title_color":"#ffffff","typography_typography":"custom","typography_font_family":"Maven Pro","typography_font_size":{"unit":"px","size":20},"_margin":{"unit":"px","top":"0","right":"0","bottom":"25","left":"0","isLinked":false}},"elements":[],"isInner":false,"widgetType":"heading","elType":"widget"},{"id":"3c591931","settings":{"editor":"<p>Lorem ipsum dolor sit amet, consectetur adipiscing elit. Ut elit tellus, luctus nec. One morning, when Gregor Samsa woke from troubled dreams<\/p>","text_color":"rgba(255,255,255,0.7)","typography_typography":"custom","typography_font_weight":"300"},"elements":[],"isInner":false,"widgetType":"text-editor","elType":"widget"},{"id":"26a8a2da","settings":{"email_field_placeholder":"Email *","space":"collapse","button_text":"SIGNUP","input_placeholder_color":"rgba(255,255,255,0.45)","input_background":"#394050","input_radius":{"unit":"px","top":"100","right":"0","bottom":"0","left":"100","isLinked":false},"input_padding":{"unit":"px","top":"28","right":"28","bottom":"28","left":"28","isLinked":true},"button_text_color":"rgba(255,255,255,0.73)","background_color":"#394050","border_border":"solid","border_width":{"unit":"px","top":"0","right":"0","bottom":"0","left":"2","isLinked":false},"border_color":"rgba(81,186,90,0.2)","radius":{"unit":"px","top":"0","right":"100","bottom":"100","left":"0","isLinked":false},"text_padding":{"unit":"px","top":"8","right":"50","bottom":"8","left":"50","isLinked":false},"button_typography_typography":"custom","button_typography_font_size":{"unit":"px","size":13},"button_typography_font_weight":"600","hover_color":"#000000","button_background_hover_color":"#f9f9f9","button_hover_border_color":"#f9f9f9"},"elements":[],"isInner":false,"widgetType":"bdt-mailchimp","elType":"widget"},{"id":"f754420","settings":{"editor":"<p>Subscribe our newsletter for your help<\/p>","text_color":"rgba(255,255,255,0.35)","typography_typography":"custom","typography_font_weight":"300"},"elements":[],"isInner":false,"widgetType":"text-editor","elType":"widget"}],"isInner":true,"elType":"column"},{"id":"8ed04","settings":{"_column_size":25,"_inline_size":null,"_inline_size_tablet":50,"_inline_size_mobile":100},"elements":[{"id":"315f0702","settings":{"title":"LATEST PROJECTS","title_color":"#ffffff","typography_typography":"custom","typography_font_family":"Maven Pro","typography_font_size":{"unit":"px","size":20},"_margin":{"unit":"px","top":"0","right":"0","bottom":"25","left":"0","isLinked":false}},"elements":[],"isInner":false,"widgetType":"heading","elType":"widget"},{"id":"2d4162f7","settings":{"space_between":{"unit":"px","size":10,"sizes":[]},"posts_limit":3,"button_background_background":"gradient","button_background_color":"#51ba5a","button_background_color_b":"#a8e063","image_padding":{"unit":"px","top":"5","right":"5","bottom":"5","left":"5","isLinked":true},"image_radius":{"unit":"px","top":"100","right":"100","bottom":"100","left":"100","isLinked":true},"list_layout_title_color":"rgba(255,255,255,0.85)","list_layout_title_hover_color":"#ffffff","title_typography_typography":"custom","title_typography_font_size":{"unit":"px","size":12},"date_hover_color":"rgba(255,255,255,0.6)","category_hover_color":"rgba(255,255,255,0.6)","divider_color":"rgba(81,186,90,0.2)"},"elements":[],"isInner":false,"widgetType":"bdt-post-list","elType":"widget"}],"isInner":true,"elType":"column"}],"isInner":true,"elType":"section"},{"id":"7da44468","settings":{"gap":"wider","structure":"30","content_width":{"unit":"px","size":1600,"sizes":[]},"background_background":"classic","background_color":"#212332","padding":{"unit":"px","top":"40","right":"0","bottom":"30","left":"0","isLinked":false},"padding_mobile":{"unit":"px","top":"50","right":"15","bottom":"50","left":"15","isLinked":false}},"elements":[{"id":"6fb44482","settings":{"_column_size":33,"_inline_size":null,"_inline_size_tablet":50,"_inline_size_mobile":100,"content_position":"center","margin_tablet":{"unit":"px","top":"0","right":"0","bottom":"0","left":"30","isLinked":false},"padding":{"unit":"px","top":"0","right":"0","bottom":"0","left":"0","isLinked":false}},"elements":[{"id":"2856143f","settings":{"editor":"<p>Copyright by <a href=\"#\">Bdthemes<\/a> Limited 2019<\/p>","_margin":{"unit":"px","top":"20","right":"0","bottom":"0","left":"30","isLinked":false}},"elements":[],"isInner":false,"widgetType":"text-editor","elType":"widget"}],"isInner":true,"elType":"column"},{"id":"385aef28","settings":{"_column_size":33,"_inline_size":null,"_inline_size_tablet":50,"_inline_size_mobile":100,"content_position":"center","margin_mobile":{"unit":"px","top":"20","right":"0","bottom":"30","left":"0","isLinked":false},"padding":{"unit":"px","top":"0","right":"0","bottom":"0","left":"0","isLinked":false}},"elements":[{"id":"2b93f3c8","settings":{"icon_list":[{"text":"Home","icon":"","_id":"096e482","link":{"url":"#","is_external":"","nofollow":""},"selected_icon":{"value":"fas fa-check","library":"fa-solid"}},{"text":"About Us","icon":"","_id":"cd53c86","link":{"url":"#","is_external":"","nofollow":""},"selected_icon":{"value":"fas fa-check","library":"fa-solid"}},{"text":"Services","icon":"","_id":"5247f72","link":{"url":"#","is_external":"","nofollow":""},"selected_icon":{"value":"fas fa-check","library":"fa-solid"}},{"text":"Blog","icon":"","_id":"97e5589","link":{"url":"#","is_external":"","nofollow":""},"selected_icon":{"value":"fas fa-check","library":"fa-solid"}},{"text":"Contact Us","icon":"","_id":"6eb5174","link":{"url":"#","is_external":"","nofollow":""},"selected_icon":{"value":"fas fa-check","library":"fa-solid"}}],"text_color":"rgba(255,255,255,0.6)","icon_typography_typography":"custom","icon_typography_font_weight":"400","view":"inline","text_color_hover":"#ffffff","icon_typography_font_size":{"unit":"px","size":14,"sizes":[]},"icon_typography_font_size_tablet":{"unit":"px","size":13,"sizes":[]},"icon_typography_font_size_mobile":{"unit":"px","size":12,"sizes":[]},"icon_typography_text_transform":"uppercase","icon_align_mobile":"center","icon_align":"center"},"elements":[],"isInner":false,"widgetType":"icon-list","elType":"widget"}],"isInner":true,"elType":"column"},{"id":"54c2cd6f","settings":{"_column_size":33,"_inline_size":null,"_inline_size_tablet":100,"_inline_size_mobile":100,"content_position":"center","padding":{"unit":"px","top":"0","right":"0","bottom":"0","left":"0","isLinked":false}},"elements":[{"id":"122ca339","settings":{"share_buttons":[{"button":"facebook","_id":"6764b1f","text":""},{"button":"googleplus","_id":"4bc610c","text":""},{"button":"twitter","_id":"7174ead","text":""},{"button":"linkedin","_id":"517d14a","text":""},{"button":"pinterest","_id":"812ec8f","text":""},{"button":"odnoklassniki","_id":"ab5dc81","text":""},{"button":"vkontakte","_id":"8ebaeda","text":""}],"view":"icon","shape":"circle","alignment":"right","column_gap_mobile":{"unit":"px","size":6,"sizes":[]}},"elements":[],"isInner":false,"widgetType":"bdt-social-share","elType":"widget"}],"isInner":true,"elType":"column"}],"isInner":true,"elType":"section"}],"isInner":false,"elType":"column"}],"isInner":false,"elType":"section"}],"page_settings":{"background_color_stop":{"unit":"%","size":"0","sizes":[]},"background_color_b_stop":{"unit":"%","size":"100","sizes":[]},"background_gradient_angle":{"unit":"deg","size":"180","sizes":[]},"background_xpos":{"unit":"px","size":"0","sizes":[]},"background_xpos_tablet":{"unit":"px","size":"0","sizes":[]},"background_xpos_mobile":{"unit":"px","size":"0","sizes":[]},"background_ypos":{"unit":"px","size":"0","sizes":[]},"background_ypos_tablet":{"unit":"px","size":"0","sizes":[]},"background_ypos_mobile":{"unit":"px","size":"0","sizes":[]},"background_bg_width":{"unit":"%","size":"100","sizes":[]},"background_bg_width_tablet":{"unit":"px","size":"","sizes":[]},"background_bg_width_mobile":{"unit":"px","size":"","sizes":[]},"element_pack_toolbar_typography_font_size":{"unit":"px","size":"","sizes":[]},"element_pack_toolbar_typography_font_size_tablet":{"unit":"px","size":"","sizes":[]},"element_pack_toolbar_typography_font_size_mobile":{"unit":"px","size":"","sizes":[]},"element_pack_toolbar_typography_line_height":{"unit":"em","size":"","sizes":[]},"element_pack_toolbar_typography_line_height_tablet":{"unit":"em","size":"","sizes":[]},"element_pack_toolbar_typography_line_height_mobile":{"unit":"em","size":"","sizes":[]},"element_pack_toolbar_typography_letter_spacing":{"unit":"px","size":"","sizes":[]},"element_pack_toolbar_typography_letter_spacing_tablet":{"unit":"px","size":"","sizes":[]},"element_pack_toolbar_typography_letter_spacing_mobile":{"unit":"px","size":"","sizes":[]},"element_pack_global_tooltip_width":{"unit":"px","size":"","sizes":[]},"element_pack_global_tooltip_width_tablet":{"unit":"px","size":"","sizes":[]},"element_pack_global_tooltip_width_mobile":{"unit":"px","size":"","sizes":[]},"element_pack_global_tooltip_background_color_stop":{"unit":"%","size":"0","sizes":[]},"element_pack_global_tooltip_background_color_b_stop":{"unit":"%","size":"100","sizes":[]},"element_pack_global_tooltip_background_gradient_angle":{"unit":"deg","size":"180","sizes":[]},"element_pack_global_tooltip_background_xpos":{"unit":"px","size":"0","sizes":[]},"element_pack_global_tooltip_background_xpos_tablet":{"unit":"px","size":"0","sizes":[]},"element_pack_global_tooltip_background_xpos_mobile":{"unit":"px","size":"0","sizes":[]},"element_pack_global_tooltip_background_ypos":{"unit":"px","size":"0","sizes":[]},"element_pack_global_tooltip_background_ypos_tablet":{"unit":"px","size":"0","sizes":[]},"element_pack_global_tooltip_background_ypos_mobile":{"unit":"px","size":"0","sizes":[]},"element_pack_global_tooltip_background_bg_width":{"unit":"%","size":"100","sizes":[]},"element_pack_global_tooltip_background_bg_width_tablet":{"unit":"px","size":"","sizes":[]},"element_pack_global_tooltip_background_bg_width_mobile":{"unit":"px","size":"","sizes":[]},"element_pack_global_tooltip_typography_font_size":{"unit":"px","size":"","sizes":[]},"element_pack_global_tooltip_typography_font_size_tablet":{"unit":"px","size":"","sizes":[]},"element_pack_global_tooltip_typography_font_size_mobile":{"unit":"px","size":"","sizes":[]},"element_pack_global_tooltip_typography_line_height":{"unit":"em","size":"","sizes":[]},"element_pack_global_tooltip_typography_line_height_tablet":{"unit":"em","size":"","sizes":[]},"element_pack_global_tooltip_typography_line_height_mobile":{"unit":"em","size":"","sizes":[]},"element_pack_global_tooltip_typography_letter_spacing":{"unit":"px","size":"","sizes":[]},"element_pack_global_tooltip_typography_letter_spacing_tablet":{"unit":"px","size":"","sizes":[]},"element_pack_global_tooltip_typography_letter_spacing_mobile":{"unit":"px","size":"","sizes":[]}}}