{"version":"0.4","title":"Header Demo Set 5-7","type":"section","content":[{"id":"4c5cd548","settings":{"structure":"34","padding_tablet":{"unit":"px","top":"20","right":"0","bottom":"20","left":"0","isLinked":false},"z_index":100,"content_width":{"unit":"px","size":1500},"padding":{"unit":"px","top":"15","right":"0","bottom":"15","left":"0","isLinked":false},"margin_tablet":{"unit":"px","top":"0","right":0,"bottom":"0","left":0,"isLinked":true},"margin_mobile":{"unit":"px","top":"","right":0,"bottom":"","left":0,"isLinked":true},"section_scheduled_content_start_date":"2018-02-01 00:00","section_scheduled_content_end_date":"2018-02-28 00:00","section_sticky_active_bg":"#000000","item_border_radius":{"unit":"px","top":"0","right":"0","bottom":"0","left":"0","isLinked":false},"background_background":"classic","background_image":{"url":"https:\/\/bdthemes.net\/demo\/ready-pages\/ready-blocks\/wp-content\/uploads\/2019\/04\/charity-header-bg.jpg","id":48642},"background_size":"cover","background_overlay_background":"classic","background_overlay_color":"#000000"},"elements":[{"id":"55a27684","settings":{"_column_size":16,"_inline_size":null,"_inline_size_tablet":100,"content_position":"center","_inline_size_mobile":100},"elements":[{"id":"7c4b453e","settings":{"title":"<strong>The<\/strong> Charity Event","link":{"url":"#","is_external":"","nofollow":""},"header_size":"h3","align":"left","title_color":"#ffffff","typography_typography":"custom","typography_font_weight":"normal","align_tablet":"center","_margin_mobile":{"unit":"px","top":"0","right":"0","bottom":"20","left":"0","isLinked":false},"_margin":{"unit":"px","top":"0","right":"0","bottom":"0","left":"0","isLinked":false},"_padding":{"unit":"px","top":"0","right":"0","bottom":"0","left":"15","isLinked":false},"_padding_tablet":{"unit":"px","top":"10","right":"0","bottom":"0","left":"0","isLinked":false}},"elements":[],"isInner":false,"widgetType":"heading","elType":"widget"}],"isInner":true,"elType":"column"},{"id":"17a33420","settings":{"_column_size":66,"_inline_size":null,"_inline_size_tablet":100,"content_position":"top","_inline_size_mobile":50,"padding_mobile":{"unit":"px","top":"0","right":"0","bottom":"0","left":"0","isLinked":false}},"elements":[{"id":"2f4b3369","settings":{"button_text":"Menu","offcanvas_button_background_color":"rgba(0,0,0,0)","hide_desktop":"hidden-desktop","hide_tablet":"hidden-tablet","sidebars":"offcanvas","button_align_mobile":"center","offcanvas_content_color":"#ffffff","offcanvas_content_link_hover_color":"#f12184","offcanvas_custom_id":"#bdt-custom-offcanvas"},"elements":[],"isInner":false,"widgetType":"bdt-offcanvas","elType":"widget"},{"id":"4d39d52e","settings":{"navs":[{"nav_title":"Home","nav_link":{"url":"#home","is_external":"","nofollow":""},"_id":"620ce66","nav_icon":""},{"nav_title":"Donate","nav_link":{"url":"#donate","is_external":"","nofollow":""},"_id":"a803d46","nav_icon":""},{"nav_title":"Causes","nav_link":{"url":"#causes","is_external":"","nofollow":""},"_id":"6f4f63f","nav_icon":""},{"nav_title":"Volunteer","nav_link":{"url":"#volunteer","is_external":"","nofollow":""},"_id":"c87c43b","nav_icon":""},{"nav_title":"Event","nav_link":{"url":"#event","is_external":"","nofollow":""},"_id":"0e46878","nav_icon":""},{"nav_title":"Partner","nav_link":{"url":"#partner","is_external":"","nofollow":""},"_id":"aa049cd","nav_icon":""},{"nav_title":"Contact Us","nav_link":{"url":"#contact-us","is_external":"","nofollow":""},"_id":"bbc44fb","nav_icon":""}],"nav_spacing":{"unit":"px","top":"0","right":"0","bottom":"0","left":"0","isLinked":true},"nav_typography_typography":"custom","nav_typography_font_weight":"700","nav_color":"rgba(255,255,255,0.6)","nav_hover_color":"#ffffff","hide_mobile":"hidden-phone","_margin":{"unit":"px","top":"0","right":"0","bottom":"0","left":"0","isLinked":false},"alignment":"center","nav_typography_font_size":{"unit":"px","size":16},"nav_active_color":"#ffffff"},"elements":[],"isInner":false,"widgetType":"bdt-scrollnav","elType":"widget"}],"isInner":true,"elType":"column"},{"id":"2c2a1545","settings":{"_column_size":16,"_inline_size":null,"_inline_size_tablet":100,"padding_tablet":{"unit":"px","top":"20","right":"250","bottom":"0","left":"250","isLinked":false},"_inline_size_mobile":50,"padding_mobile":{"unit":"px","top":"0","right":"50","bottom":"0","left":"0","isLinked":false},"content_position":"center"},"elements":[{"id":"45bdf924","settings":{"placeholder":"Search...","input_text_color":"#ffffff","input_background_color":"rgba(255,255,255,0.1)","input_placeholder_color":"rgba(255,255,255,0.6)","_margin_tablet":{"unit":"px","top":"0","right":"0","bottom":"20","left":"0","isLinked":false}},"elements":[],"isInner":false,"widgetType":"bdt-search","elType":"widget"}],"isInner":true,"elType":"column"}],"isInner":true,"elType":"section"}],"page_settings":{"background_color_stop":{"unit":"%","size":"0","sizes":[]},"background_color_b_stop":{"unit":"%","size":"100","sizes":[]},"background_gradient_angle":{"unit":"deg","size":"180","sizes":[]},"background_xpos":{"unit":"px","size":"0","sizes":[]},"background_xpos_tablet":{"unit":"px","size":"0","sizes":[]},"background_xpos_mobile":{"unit":"px","size":"0","sizes":[]},"background_ypos":{"unit":"px","size":"0","sizes":[]},"background_ypos_tablet":{"unit":"px","size":"0","sizes":[]},"background_ypos_mobile":{"unit":"px","size":"0","sizes":[]},"background_bg_width":{"unit":"%","size":"100","sizes":[]},"background_bg_width_tablet":{"unit":"px","size":"","sizes":[]},"background_bg_width_mobile":{"unit":"px","size":"","sizes":[]},"element_pack_toolbar_typography_font_size":{"unit":"px","size":"","sizes":[]},"element_pack_toolbar_typography_font_size_tablet":{"unit":"px","size":"","sizes":[]},"element_pack_toolbar_typography_font_size_mobile":{"unit":"px","size":"","sizes":[]},"element_pack_toolbar_typography_line_height":{"unit":"em","size":"","sizes":[]},"element_pack_toolbar_typography_line_height_tablet":{"unit":"em","size":"","sizes":[]},"element_pack_toolbar_typography_line_height_mobile":{"unit":"em","size":"","sizes":[]},"element_pack_toolbar_typography_letter_spacing":{"unit":"px","size":"","sizes":[]},"element_pack_toolbar_typography_letter_spacing_tablet":{"unit":"px","size":"","sizes":[]},"element_pack_toolbar_typography_letter_spacing_mobile":{"unit":"px","size":"","sizes":[]},"element_pack_global_tooltip_width":{"unit":"px","size":"","sizes":[]},"element_pack_global_tooltip_width_tablet":{"unit":"px","size":"","sizes":[]},"element_pack_global_tooltip_width_mobile":{"unit":"px","size":"","sizes":[]},"element_pack_global_tooltip_background_color_stop":{"unit":"%","size":"0","sizes":[]},"element_pack_global_tooltip_background_color_b_stop":{"unit":"%","size":"100","sizes":[]},"element_pack_global_tooltip_background_gradient_angle":{"unit":"deg","size":"180","sizes":[]},"element_pack_global_tooltip_background_xpos":{"unit":"px","size":"0","sizes":[]},"element_pack_global_tooltip_background_xpos_tablet":{"unit":"px","size":"0","sizes":[]},"element_pack_global_tooltip_background_xpos_mobile":{"unit":"px","size":"0","sizes":[]},"element_pack_global_tooltip_background_ypos":{"unit":"px","size":"0","sizes":[]},"element_pack_global_tooltip_background_ypos_tablet":{"unit":"px","size":"0","sizes":[]},"element_pack_global_tooltip_background_ypos_mobile":{"unit":"px","size":"0","sizes":[]},"element_pack_global_tooltip_background_bg_width":{"unit":"%","size":"100","sizes":[]},"element_pack_global_tooltip_background_bg_width_tablet":{"unit":"px","size":"","sizes":[]},"element_pack_global_tooltip_background_bg_width_mobile":{"unit":"px","size":"","sizes":[]},"element_pack_global_tooltip_typography_font_size":{"unit":"px","size":"","sizes":[]},"element_pack_global_tooltip_typography_font_size_tablet":{"unit":"px","size":"","sizes":[]},"element_pack_global_tooltip_typography_font_size_mobile":{"unit":"px","size":"","sizes":[]},"element_pack_global_tooltip_typography_line_height":{"unit":"em","size":"","sizes":[]},"element_pack_global_tooltip_typography_line_height_tablet":{"unit":"em","size":"","sizes":[]},"element_pack_global_tooltip_typography_line_height_mobile":{"unit":"em","size":"","sizes":[]},"element_pack_global_tooltip_typography_letter_spacing":{"unit":"px","size":"","sizes":[]},"element_pack_global_tooltip_typography_letter_spacing_tablet":{"unit":"px","size":"","sizes":[]},"element_pack_global_tooltip_typography_letter_spacing_mobile":{"unit":"px","size":"","sizes":[]}}}