{"version":"0.4","title":"Header Demo Set 5-1","type":"section","content":[{"id":"653ebade","settings":{"structure":"30","gap":"extended","section_sticky_offset":{"unit":"px","size":""},"section_sticky_active_bg":"#5cd04a","background_background":"classic","background_image":{"url":"https:\/\/bdthemes.net\/demo\/ready-pages\/ready-blocks\/wp-content\/uploads\/2019\/04\/good-food-item-header-bg.jpg","id":48485},"background_size":"cover","content_position":"middle","padding_tablet":{"unit":"px","top":"0","right":"30","bottom":"0","left":"30","isLinked":false}},"elements":[{"id":"92a6d83","settings":{"_column_size":33,"_inline_size":25,"_inline_size_tablet":20,"_inline_size_mobile":70},"elements":[{"id":"56bff5b1","settings":{"image":{"id":48491,"url":"https:\/\/bdthemes.net\/demo\/ready-pages\/ready-blocks\/wp-content\/uploads\/2019\/04\/resturent.png"},"width":{"unit":"%","size":50},"link_to":"custom","link":{"url":"#","is_external":"","nofollow":""},"width_tablet":{"unit":"%","size":83,"sizes":[]},"width_mobile":{"unit":"%","size":45,"sizes":[]},"align_mobile":"left"},"elements":[],"isInner":false,"widgetType":"image","elType":"widget"}],"isInner":true,"elType":"column"},{"id":"739d956a","settings":{"_column_size":33,"_inline_size":55.1749999999999971578290569595992565155029296875,"_inline_size_tablet":20,"_inline_size_mobile":30},"elements":[{"id":"6e7f2667","settings":{"navs":[{"nav_title":"HOME","nav_link":{"url":"#slider","is_external":"","nofollow":""},"_id":"51da51f","nav_icon":""},{"nav_title":"ABOUT","nav_link":{"url":"#about","is_external":"","nofollow":""},"_id":"55d3cc7","nav_icon":""},{"nav_title":"FOOD MENU","nav_link":{"url":"#food-menu","is_external":"","nofollow":""},"_id":"bc008d7","nav_icon":""},{"nav_title":"GALLERY","nav_link":{"url":"#gallery","is_external":"","nofollow":""},"_id":"b5662a5","nav_icon":""},{"nav_title":"BOOKED","nav_link":{"url":"#booked","is_external":"","nofollow":""},"_id":"cc15dc6","nav_icon":""},{"nav_title":"BLOG","nav_link":{"url":"#blog","is_external":"","nofollow":""},"_id":"7f2f21e","nav_icon":""},{"nav_title":"CONTACT","nav_link":{"url":"#contact","is_external":"","nofollow":""},"_id":"50d19a7","nav_icon":""}],"alignment":"center","nav_color":"rgba(255,255,255,0.86)","nav_typography_typography":"custom","nav_typography_font_size":{"unit":"px","size":14},"nav_hover_color":"rgba(255,255,255,0.73)","nav_active_color":"#ffffff","hide_tablet":"hidden-tablet","hide_mobile":"hidden-phone","_margin":{"unit":"px","top":"35","right":"0","bottom":"0","left":"0","isLinked":false},"_padding":{"unit":"px","top":"0","right":"0","bottom":"0","left":"0","isLinked":false}},"elements":[],"isInner":false,"widgetType":"bdt-scrollnav","elType":"widget"},{"id":"24f4a8f3","settings":{"offcanvas_custom_id":"#bdt-custom-offcanvas","button_text":"","button_align":"center","offcanvas_button_background_color":"rgba(0,0,0,0)","_margin_tablet":{"unit":"px","top":"20","right":"0","bottom":"0","left":"0","isLinked":false},"_margin_mobile":{"unit":"px","top":"10","right":"0","bottom":"0","left":"0","isLinked":false},"hide_desktop":"hidden-desktop","sidebars":"offcanvas","button_align_mobile":"right"},"elements":[],"isInner":false,"widgetType":"bdt-offcanvas","elType":"widget"}],"isInner":true,"elType":"column"},{"id":"34b9a950","settings":{"_column_size":33,"_inline_size":19.821000000000001506350599811412394046783447265625,"_inline_size_tablet":60,"_inline_size_mobile":50,"hide_mobile":"hidden-phone"},"elements":[{"id":"1b75abe4","settings":{"icon":"fa fa-phone","title_text":"+123 5684 23654","description_text":"07:00 am - 12:00 am","position":"right","primary_color":"#ffffff","icon_size":{"unit":"px","size":30},"rotate":{"unit":"deg","size":80},"title_bottom_space":{"unit":"px","size":2},"title_color":"#ffffff","title_typography_typography":"custom","title_typography_font_size":{"unit":"px","size":18},"title_typography_font_weight":"500","description_color":"rgba(255,255,255,0.71)","description_typography_typography":"custom","description_typography_font_size":{"unit":"px","size":12},"_margin":{"unit":"px","top":"15","right":"0","bottom":"0","left":"0","isLinked":false},"link":{"url":"#","is_external":"","nofollow":""},"selected_icon":{"value":"fas fa-phone","library":"fa-solid"}},"elements":[],"isInner":false,"widgetType":"icon-box","elType":"widget"}],"isInner":true,"elType":"column"}],"isInner":true,"elType":"section"}],"page_settings":{"background_color_stop":{"unit":"%","size":"0","sizes":[]},"background_color_b_stop":{"unit":"%","size":"100","sizes":[]},"background_gradient_angle":{"unit":"deg","size":"180","sizes":[]},"background_xpos":{"unit":"px","size":"0","sizes":[]},"background_xpos_tablet":{"unit":"px","size":"0","sizes":[]},"background_xpos_mobile":{"unit":"px","size":"0","sizes":[]},"background_ypos":{"unit":"px","size":"0","sizes":[]},"background_ypos_tablet":{"unit":"px","size":"0","sizes":[]},"background_ypos_mobile":{"unit":"px","size":"0","sizes":[]},"background_bg_width":{"unit":"%","size":"100","sizes":[]},"background_bg_width_tablet":{"unit":"px","size":"","sizes":[]},"background_bg_width_mobile":{"unit":"px","size":"","sizes":[]},"element_pack_toolbar_typography_font_size":{"unit":"px","size":"","sizes":[]},"element_pack_toolbar_typography_font_size_tablet":{"unit":"px","size":"","sizes":[]},"element_pack_toolbar_typography_font_size_mobile":{"unit":"px","size":"","sizes":[]},"element_pack_toolbar_typography_line_height":{"unit":"em","size":"","sizes":[]},"element_pack_toolbar_typography_line_height_tablet":{"unit":"em","size":"","sizes":[]},"element_pack_toolbar_typography_line_height_mobile":{"unit":"em","size":"","sizes":[]},"element_pack_toolbar_typography_letter_spacing":{"unit":"px","size":"","sizes":[]},"element_pack_toolbar_typography_letter_spacing_tablet":{"unit":"px","size":"","sizes":[]},"element_pack_toolbar_typography_letter_spacing_mobile":{"unit":"px","size":"","sizes":[]},"element_pack_global_tooltip_width":{"unit":"px","size":"","sizes":[]},"element_pack_global_tooltip_width_tablet":{"unit":"px","size":"","sizes":[]},"element_pack_global_tooltip_width_mobile":{"unit":"px","size":"","sizes":[]},"element_pack_global_tooltip_background_color_stop":{"unit":"%","size":"0","sizes":[]},"element_pack_global_tooltip_background_color_b_stop":{"unit":"%","size":"100","sizes":[]},"element_pack_global_tooltip_background_gradient_angle":{"unit":"deg","size":"180","sizes":[]},"element_pack_global_tooltip_background_xpos":{"unit":"px","size":"0","sizes":[]},"element_pack_global_tooltip_background_xpos_tablet":{"unit":"px","size":"0","sizes":[]},"element_pack_global_tooltip_background_xpos_mobile":{"unit":"px","size":"0","sizes":[]},"element_pack_global_tooltip_background_ypos":{"unit":"px","size":"0","sizes":[]},"element_pack_global_tooltip_background_ypos_tablet":{"unit":"px","size":"0","sizes":[]},"element_pack_global_tooltip_background_ypos_mobile":{"unit":"px","size":"0","sizes":[]},"element_pack_global_tooltip_background_bg_width":{"unit":"%","size":"100","sizes":[]},"element_pack_global_tooltip_background_bg_width_tablet":{"unit":"px","size":"","sizes":[]},"element_pack_global_tooltip_background_bg_width_mobile":{"unit":"px","size":"","sizes":[]},"element_pack_global_tooltip_typography_font_size":{"unit":"px","size":"","sizes":[]},"element_pack_global_tooltip_typography_font_size_tablet":{"unit":"px","size":"","sizes":[]},"element_pack_global_tooltip_typography_font_size_mobile":{"unit":"px","size":"","sizes":[]},"element_pack_global_tooltip_typography_line_height":{"unit":"em","size":"","sizes":[]},"element_pack_global_tooltip_typography_line_height_tablet":{"unit":"em","size":"","sizes":[]},"element_pack_global_tooltip_typography_line_height_mobile":{"unit":"em","size":"","sizes":[]},"element_pack_global_tooltip_typography_letter_spacing":{"unit":"px","size":"","sizes":[]},"element_pack_global_tooltip_typography_letter_spacing_tablet":{"unit":"px","size":"","sizes":[]},"element_pack_global_tooltip_typography_letter_spacing_mobile":{"unit":"px","size":"","sizes":[]}}}