{"version":"0.4","title":"Header Demo Set 5-6","type":"section","content":[{"id":"1a725f55","settings":{"structure":"33","padding":{"unit":"px","top":"29","right":"0","bottom":"0","left":"0","isLinked":false},"background_background":"classic","background_image":{"url":"https:\/\/bdthemes.net\/demo\/ready-pages\/ready-blocks\/wp-content\/uploads\/2019\/04\/garden-header-bg.jpg","id":48573},"background_size":"cover","background_overlay_background":"gradient","background_overlay_color":"#f28856","background_overlay_color_b":"#f89f4d","background_overlay_opacity":{"unit":"px","size":0.84999999999999997779553950749686919152736663818359375,"sizes":[]},"margin_tablet":{"unit":"px","top":"0","right":0,"bottom":"0","left":0,"isLinked":false},"padding_tablet":{"unit":"px","top":"0","right":"0","bottom":"0","left":"0","isLinked":false}},"elements":[{"id":"7ef79ed5","settings":{"_column_size":25,"_inline_size":20.08800000000000096633812063373625278472900390625,"_inline_size_tablet":40,"padding_tablet":{"unit":"px","top":"0","right":"0","bottom":"0","left":"40","isLinked":false},"padding":{"unit":"px","top":"0","right":"0","bottom":"0","left":"0","isLinked":true},"margin":{"unit":"px","top":"40","right":"0","bottom":"0","left":"0","isLinked":false},"_inline_size_mobile":40},"elements":[{"id":"68e6d755","settings":{"title":"<strong>Team<\/strong> Work","link":{"url":"#","is_external":"","nofollow":""},"header_size":"h3","align":"left","title_color":"#ffffff","typography_typography":"custom","typography_font_weight":"400","align_tablet":"center","align_mobile":"center","_margin_tablet":{"unit":"px","top":"0","right":"0","bottom":"20","left":"-30","isLinked":false}},"elements":[],"isInner":false,"widgetType":"heading","elType":"widget"}],"isInner":true,"elType":"column"},{"id":"52c1f0c3","settings":{"_column_size":50,"_inline_size":57.89500000000000312638803734444081783294677734375,"_inline_size_tablet":15,"_inline_size_mobile":15},"elements":[{"id":"74210734","settings":{"navs":[{"nav_title":"Home","nav_link":{"url":"#","is_external":"","nofollow":""},"_id":"620ce66","nav_icon":""},{"nav_title":"Features","nav_link":{"url":"#","is_external":"","nofollow":""},"_id":"4eb0c9f","nav_icon":""},{"nav_title":"Services","nav_link":{"url":"#","is_external":"","nofollow":""},"_id":"d0b23a3","nav_icon":""},{"nav_title":"Blog","nav_link":{"url":"#","is_external":"","nofollow":""},"_id":"84f741f","nav_icon":""},{"nav_title":"Contact Us","nav_link":{"url":"#","is_external":"","nofollow":""},"_id":"b6b1560","nav_icon":""}],"nav_color":"#ededed","nav_spacing":{"unit":"px","top":"0","right":"15","bottom":"0","left":"15","isLinked":false},"nav_typography_typography":"custom","nav_typography_font_weight":"500","nav_spacing_mobile":{"unit":"px","top":"0","right":"0","bottom":"0","left":"0","isLinked":true},"alignment":"center","section_schedule_start_date":"2017-11-30 00:00","section_schedule_end_date":"2017-11-30 00:00","nav_active_color":"#ffffff","_margin_tablet":{"unit":"px","top":"0","right":"0","bottom":"-15","left":"0","isLinked":false},"nav_typography_font_size":{"unit":"px","size":14},"nav_typography_text_transform":"uppercase","nav_hover_color":"#ffffff","hide_tablet":"hidden-tablet","hide_mobile":"hidden-phone"},"elements":[],"isInner":false,"widgetType":"bdt-scrollnav","elType":"widget"},{"id":"782f0d39","settings":{"offcanvas_custom_id":"#bdt-custom-offcanvas","button_text":"","button_align":"center","offcanvas_button_background_color":"rgba(0,0,0,0)","_margin_tablet":{"unit":"px","top":"20","right":"0","bottom":"0","left":"0","isLinked":false},"_margin_mobile":{"unit":"px","top":"20","right":"0","bottom":"0","left":"0","isLinked":false},"hide_desktop":"hidden-desktop","sidebars":"offcanvas"},"elements":[],"isInner":false,"widgetType":"bdt-offcanvas","elType":"widget"},{"id":"35cffc4","settings":{"editor":""},"elements":[],"isInner":false,"widgetType":"text-editor","elType":"widget"}],"isInner":true,"elType":"column"},{"id":"2ac98a7c","settings":{"_column_size":25,"_inline_size":22.016999999999999459987520822323858737945556640625,"_inline_size_tablet":45,"content_position":"top","padding":{"unit":"px","top":"25","right":"0","bottom":"0","left":"0","isLinked":false},"padding_tablet":{"unit":"px","top":"15","right":"0","bottom":"0","left":"0","isLinked":false},"_inline_size_mobile":45},"elements":[{"id":"387ae7a8","settings":{"_skin":"bdt-dropdown","button_text":"Login ","bdt_dropdown_dropdown_button_text":"Login ","bdt_dropdown_dropdown_button_size":"md","bdt_modal_modal_button_text":"Log In","show_lost_password":"","show_register":"","custom_labels":"yes","user_label":"Type Username","user_placeholder":"john@email.com","password_label":"Type Password","password_placeholder":"password","bdt_dropdown_dropdown_button_background_color":"#ffffff","bdt_dropdown_dropdown_background_color":"#1f253e","bdt_dropdown_dropdown_button_align":"right","bdt_dropdown_dropdown_button_typography_typography":"custom","bdt_dropdown_dropdown_button_typography_font_weight":"700","bdt_dropdown_dropdown_button_text_color":"#000000","bdt_dropdown_dropdown_button_border_radius":{"unit":"px","top":"5","right":"5","bottom":"5","left":"5","isLinked":true},"button_background_color":"#403e87","button_background_hover_color":"#6a82fb","button_hover_animation":"grow","label_color":"#ffffff","field_placeholder_color":"#6270a5","field_background_color":"#3a4571","button_typography_typography":"custom","button_typography_font_weight":"700","bdt_dropdown_dropdown_button_align_tablet":"center","bdt_dropdown_dropdown_button_align_mobile":"center","bdt_dropdown_dropdown_button_padding":{"unit":"px","top":"12","right":"30","bottom":"12","left":"30","isLinked":false},"align":"stretch","bdt_dropdown_dropdown_button_typography_font_size":{"unit":"px","size":14},"bdt_dropdown_dropdown_button_typography_text_transform":"uppercase","bdt_dropdown_dropdown_button_hover_background_color":"#ea5b28","label_typography_typography":"custom","label_typography_font_size":{"unit":"px","size":12},"label_typography_text_transform":"uppercase","button_typography_font_size":{"unit":"px","size":14},"button_typography_text_transform":"uppercase","bdt_dropdown_dropdown_button_hover_color":"#ffffff","custom_navs":[{"custom_nav_title":"Billing","icon":"fa fa-usd","custom_nav_link":{"url":"#","is_external":"","nofollow":""},"_id":"5c5a5e3"},{"custom_nav_title":"Settings","icon":"fa fa-cog","custom_nav_link":{"url":"#","is_external":"","nofollow":""},"_id":"9fd82ee"},{"custom_nav_title":"Support","icon":"fa fa-life-ring","custom_nav_link":{"url":"#","is_external":"","nofollow":""},"_id":"ddb10c3"}],"_margin_tablet":{"unit":"px","top":"20","right":"0","bottom":"0","left":"0","isLinked":false},"_padding_tablet":{"unit":"px","top":"0","right":"0","bottom":"0","left":"0","isLinked":false},"logged_in_custom_message":"Hey,"},"elements":[],"isInner":false,"widgetType":"bdt-user-login","elType":"widget"}],"isInner":true,"elType":"column"}],"isInner":true,"elType":"section"}],"page_settings":{"background_color_stop":{"unit":"%","size":"0","sizes":[]},"background_color_b_stop":{"unit":"%","size":"100","sizes":[]},"background_gradient_angle":{"unit":"deg","size":"180","sizes":[]},"background_xpos":{"unit":"px","size":"0","sizes":[]},"background_xpos_tablet":{"unit":"px","size":"0","sizes":[]},"background_xpos_mobile":{"unit":"px","size":"0","sizes":[]},"background_ypos":{"unit":"px","size":"0","sizes":[]},"background_ypos_tablet":{"unit":"px","size":"0","sizes":[]},"background_ypos_mobile":{"unit":"px","size":"0","sizes":[]},"background_bg_width":{"unit":"%","size":"100","sizes":[]},"background_bg_width_tablet":{"unit":"px","size":"","sizes":[]},"background_bg_width_mobile":{"unit":"px","size":"","sizes":[]},"element_pack_toolbar_typography_font_size":{"unit":"px","size":"","sizes":[]},"element_pack_toolbar_typography_font_size_tablet":{"unit":"px","size":"","sizes":[]},"element_pack_toolbar_typography_font_size_mobile":{"unit":"px","size":"","sizes":[]},"element_pack_toolbar_typography_line_height":{"unit":"em","size":"","sizes":[]},"element_pack_toolbar_typography_line_height_tablet":{"unit":"em","size":"","sizes":[]},"element_pack_toolbar_typography_line_height_mobile":{"unit":"em","size":"","sizes":[]},"element_pack_toolbar_typography_letter_spacing":{"unit":"px","size":"","sizes":[]},"element_pack_toolbar_typography_letter_spacing_tablet":{"unit":"px","size":"","sizes":[]},"element_pack_toolbar_typography_letter_spacing_mobile":{"unit":"px","size":"","sizes":[]},"element_pack_global_tooltip_width":{"unit":"px","size":"","sizes":[]},"element_pack_global_tooltip_width_tablet":{"unit":"px","size":"","sizes":[]},"element_pack_global_tooltip_width_mobile":{"unit":"px","size":"","sizes":[]},"element_pack_global_tooltip_background_color_stop":{"unit":"%","size":"0","sizes":[]},"element_pack_global_tooltip_background_color_b_stop":{"unit":"%","size":"100","sizes":[]},"element_pack_global_tooltip_background_gradient_angle":{"unit":"deg","size":"180","sizes":[]},"element_pack_global_tooltip_background_xpos":{"unit":"px","size":"0","sizes":[]},"element_pack_global_tooltip_background_xpos_tablet":{"unit":"px","size":"0","sizes":[]},"element_pack_global_tooltip_background_xpos_mobile":{"unit":"px","size":"0","sizes":[]},"element_pack_global_tooltip_background_ypos":{"unit":"px","size":"0","sizes":[]},"element_pack_global_tooltip_background_ypos_tablet":{"unit":"px","size":"0","sizes":[]},"element_pack_global_tooltip_background_ypos_mobile":{"unit":"px","size":"0","sizes":[]},"element_pack_global_tooltip_background_bg_width":{"unit":"%","size":"100","sizes":[]},"element_pack_global_tooltip_background_bg_width_tablet":{"unit":"px","size":"","sizes":[]},"element_pack_global_tooltip_background_bg_width_mobile":{"unit":"px","size":"","sizes":[]},"element_pack_global_tooltip_typography_font_size":{"unit":"px","size":"","sizes":[]},"element_pack_global_tooltip_typography_font_size_tablet":{"unit":"px","size":"","sizes":[]},"element_pack_global_tooltip_typography_font_size_mobile":{"unit":"px","size":"","sizes":[]},"element_pack_global_tooltip_typography_line_height":{"unit":"em","size":"","sizes":[]},"element_pack_global_tooltip_typography_line_height_tablet":{"unit":"em","size":"","sizes":[]},"element_pack_global_tooltip_typography_line_height_mobile":{"unit":"em","size":"","sizes":[]},"element_pack_global_tooltip_typography_letter_spacing":{"unit":"px","size":"","sizes":[]},"element_pack_global_tooltip_typography_letter_spacing_tablet":{"unit":"px","size":"","sizes":[]},"element_pack_global_tooltip_typography_letter_spacing_mobile":{"unit":"px","size":"","sizes":[]}}}