{"version":"0.4","title":"Simple Contact Form 3","type":"section","content":[{"id":"7f2f3582","settings":{"structure":"30","background_background":"classic","padding":{"unit":"px","top":"150","right":"0","bottom":"150","left":"0","isLinked":false},"padding_tablet":{"unit":"px","top":"80","right":"30","bottom":"80","left":"30","isLinked":false},"padding_mobile":{"unit":"px","top":"50","right":"15","bottom":"50","left":"15","isLinked":false},"background_color":"#6E6AF2","shape_divider_top_height":{"unit":"px","size":180},"shape_divider_top_flip":"yes"},"elements":[{"id":"4b842df3","settings":{"_column_size":33,"_inline_size":25,"_inline_size_tablet":100,"_inline_size_mobile":100},"elements":[],"isInner":false,"elType":"column"},{"id":"45f5be7","settings":{"_column_size":33,"_inline_size":50,"_inline_size_tablet":100,"_inline_size_mobile":100,"background_background":"classic","padding":{"unit":"px","top":"0","right":"0","bottom":"0","left":"0","isLinked":true},"padding_mobile":{"unit":"px","top":"50","right":"30","bottom":"30","left":"30","isLinked":false}},"elements":[{"id":"4690258d","settings":{"background_background":"classic","background_color":"#827FFD","shape_divider_top":"clouds","shape_divider_top_color":"#6E6AF2","shape_divider_top_height":{"unit":"px","size":125},"shape_divider_bottom":"clouds","shape_divider_bottom_color":"#6E6AF2","shape_divider_bottom_height":{"unit":"px","size":125},"shape_divider_bottom_flip":"yes","padding":{"unit":"px","top":"80","right":"30","bottom":"80","left":"30","isLinked":false}},"elements":[{"id":"38d34213","settings":{"_column_size":100,"_inline_size":null},"elements":[{"id":"5b4fed40","settings":{"name_email_field_inline":"yes","button_text":"Send Message","user_name_label":"Name","user_name_placeholder":"John Doe","subject_label":"Subject","subject_placeholder":"Your message subject","email_address_label":"Email","email_placeholder":"example@email.com","message_label":"Your Message","additional_message":"Note: You have to fill-up above all respective field, then click below button for send your message","label_color":"rgba(255,255,255,0.98)","field_text_color":"#ffffff","field_placeholder_color":"rgba(255,255,255,0.5)","field_background_color":"rgba(255,255,255,0.1)","field_border_radius":{"unit":"px","top":"15","right":"15","bottom":"15","left":"15","isLinked":true},"field_padding":{"unit":"px","top":"14","right":"14","bottom":"14","left":"14","isLinked":true},"button_typography_typography":"custom","button_typography_font_size":{"unit":"px","size":13},"button_typography_font_weight":"600","button_background_color":"rgba(255,255,255,0.23)","button_border_radius":{"unit":"px","top":"100","right":"100","bottom":"100","left":"100","isLinked":true},"button_text_padding":{"unit":"px","top":"20","right":"40","bottom":"20","left":"40","isLinked":false},"button_background_hover_color":"#6E6AF2","button_hover_animation":"wobble-skew","contact_label":"Contact Number","contact_placeholder":"Your contact number","button_background_color_background":"classic","button_background_color_color":"#6e6af2"},"elements":[],"isInner":false,"widgetType":"bdt-contact-form","elType":"widget"}],"isInner":true,"elType":"column"}],"isInner":true,"elType":"section"}],"isInner":false,"elType":"column"},{"id":"35535ec2","settings":{"_column_size":33,"_inline_size":24.33800000000000096633812063373625278472900390625,"_inline_size_tablet":100},"elements":[],"isInner":false,"elType":"column"}],"isInner":false,"elType":"section"}],"page_settings":{"background_color_stop":{"unit":"%","size":"0","sizes":[]},"background_color_b_stop":{"unit":"%","size":"100","sizes":[]},"background_gradient_angle":{"unit":"deg","size":"180","sizes":[]},"background_xpos":{"unit":"px","size":"0","sizes":[]},"background_xpos_tablet":{"unit":"px","size":"0","sizes":[]},"background_xpos_mobile":{"unit":"px","size":"0","sizes":[]},"background_ypos":{"unit":"px","size":"0","sizes":[]},"background_ypos_tablet":{"unit":"px","size":"0","sizes":[]},"background_ypos_mobile":{"unit":"px","size":"0","sizes":[]},"background_bg_width":{"unit":"%","size":"100","sizes":[]},"background_bg_width_tablet":{"unit":"px","size":"","sizes":[]},"background_bg_width_mobile":{"unit":"px","size":"","sizes":[]},"element_pack_toolbar_typography_font_size":{"unit":"px","size":"","sizes":[]},"element_pack_toolbar_typography_font_size_tablet":{"unit":"px","size":"","sizes":[]},"element_pack_toolbar_typography_font_size_mobile":{"unit":"px","size":"","sizes":[]},"element_pack_toolbar_typography_line_height":{"unit":"em","size":"","sizes":[]},"element_pack_toolbar_typography_line_height_tablet":{"unit":"em","size":"","sizes":[]},"element_pack_toolbar_typography_line_height_mobile":{"unit":"em","size":"","sizes":[]},"element_pack_toolbar_typography_letter_spacing":{"unit":"px","size":"","sizes":[]},"element_pack_toolbar_typography_letter_spacing_tablet":{"unit":"px","size":"","sizes":[]},"element_pack_toolbar_typography_letter_spacing_mobile":{"unit":"px","size":"","sizes":[]},"element_pack_global_tooltip_width":{"unit":"px","size":"","sizes":[]},"element_pack_global_tooltip_width_tablet":{"unit":"px","size":"","sizes":[]},"element_pack_global_tooltip_width_mobile":{"unit":"px","size":"","sizes":[]},"element_pack_global_tooltip_background_color_stop":{"unit":"%","size":"0","sizes":[]},"element_pack_global_tooltip_background_color_b_stop":{"unit":"%","size":"100","sizes":[]},"element_pack_global_tooltip_background_gradient_angle":{"unit":"deg","size":"180","sizes":[]},"element_pack_global_tooltip_background_xpos":{"unit":"px","size":"0","sizes":[]},"element_pack_global_tooltip_background_xpos_tablet":{"unit":"px","size":"0","sizes":[]},"element_pack_global_tooltip_background_xpos_mobile":{"unit":"px","size":"0","sizes":[]},"element_pack_global_tooltip_background_ypos":{"unit":"px","size":"0","sizes":[]},"element_pack_global_tooltip_background_ypos_tablet":{"unit":"px","size":"0","sizes":[]},"element_pack_global_tooltip_background_ypos_mobile":{"unit":"px","size":"0","sizes":[]},"element_pack_global_tooltip_background_bg_width":{"unit":"%","size":"100","sizes":[]},"element_pack_global_tooltip_background_bg_width_tablet":{"unit":"px","size":"","sizes":[]},"element_pack_global_tooltip_background_bg_width_mobile":{"unit":"px","size":"","sizes":[]},"element_pack_global_tooltip_typography_font_size":{"unit":"px","size":"","sizes":[]},"element_pack_global_tooltip_typography_font_size_tablet":{"unit":"px","size":"","sizes":[]},"element_pack_global_tooltip_typography_font_size_mobile":{"unit":"px","size":"","sizes":[]},"element_pack_global_tooltip_typography_line_height":{"unit":"em","size":"","sizes":[]},"element_pack_global_tooltip_typography_line_height_tablet":{"unit":"em","size":"","sizes":[]},"element_pack_global_tooltip_typography_line_height_mobile":{"unit":"em","size":"","sizes":[]},"element_pack_global_tooltip_typography_letter_spacing":{"unit":"px","size":"","sizes":[]},"element_pack_global_tooltip_typography_letter_spacing_tablet":{"unit":"px","size":"","sizes":[]},"element_pack_global_tooltip_typography_letter_spacing_mobile":{"unit":"px","size":"","sizes":[]}}}