{"version":"0.4","title":"Simple Contact Form 5","type":"section","content":[{"id":"25a56518","settings":{"background_background":"classic","background_repeat":"no-repeat","background_size":"cover","padding":{"unit":"px","top":"150","right":"0","bottom":"150","left":"0","isLinked":false},"padding_tablet":{"unit":"px","top":"80","right":"30","bottom":"80","left":"30","isLinked":false},"padding_mobile":{"unit":"px","top":"50","right":"15","bottom":"50","left":"15","isLinked":false},"background_color":"#f2f2f2"},"elements":[{"id":"3629133c","settings":{"_column_size":100,"_inline_size":null,"_inline_size_tablet":100,"_inline_size_mobile":100,"background_background":"classic","background_color":"rgba(255,255,255,0.03)","border_radius":{"unit":"px","top":"5","right":"5","bottom":"5","left":"5","isLinked":true},"margin_mobile":{"unit":"px","top":"50","right":"0","bottom":"0","left":"0","isLinked":false},"padding_mobile":{"unit":"px","top":"50","right":"30","bottom":"30","left":"30","isLinked":false}},"elements":[{"id":"7bba0883","settings":{"content_width":{"unit":"px","size":900},"structure":"20","background_background":"classic","background_image":{"id":47535,"url":"https:\/\/bdthemes.net\/demo\/ready-pages\/ready-blocks\/wp-content\/uploads\/2019\/04\/contact-form-2.png"},"background_position":"bottom center","background_size":"cover","box_shadow_box_shadow":{"horizontal":0,"vertical":5,"blur":50,"spread":0,"color":"rgba(0,0,0,0.2)"},"padding":{"unit":"px","top":"25","right":"0","bottom":"0","left":"0","isLinked":false},"padding_tablet":{"unit":"px","top":"0","right":"30","bottom":"0","left":"30","isLinked":false}},"elements":[{"id":"3e5ba02e","settings":{"_column_size":50,"_inline_size":60,"padding":{"unit":"px","top":"30","right":"50","bottom":"0","left":"0","isLinked":false}},"elements":[{"id":"87eadad","settings":{"title":"Quick Contact With Us","align":"left","typography_typography":"custom","typography_font_size":{"unit":"px","size":24},"typography_font_size_tablet":{"unit":"px","size":30},"typography_font_size_mobile":{"unit":"px","size":24},"typography_line_height":{"unit":"em","size":1.3000000000000000444089209850062616169452667236328125},"align_mobile":"left","title_color":"#202020","align_tablet":"left"},"elements":[],"isInner":false,"widgetType":"heading","elType":"widget"},{"id":"3c12c263","settings":{"editor":"<p>A wonderful serenity has taken possession of my entire soul, like these sweet mornings of spring which I enjoy.<\/p>","align":"left","_margin":{"unit":"px","top":"0","right":"0","bottom":"30","left":"0","isLinked":false},"align_mobile":"left","align_tablet":"left"},"elements":[],"isInner":false,"widgetType":"text-editor","elType":"widget"},{"id":"3eaae956","settings":{"share_buttons":[{"button":"facebook","_id":"ef4e976","text":""},{"button":"googleplus","_id":"3836c3b","text":""},{"button":"twitter","_id":"73e5fdc","text":""}],"shape":"rounded","columns_mobile":"1","columns":"3"},"elements":[],"isInner":false,"widgetType":"bdt-social-share","elType":"widget"}],"isInner":true,"elType":"column"},{"id":"6ff5fc97","settings":{"_column_size":50,"_inline_size":40,"padding":{"unit":"px","top":"30","right":"0","bottom":"320","left":"0","isLinked":false}},"elements":[{"id":"d86725a","settings":{"name_email_field_inline":"yes","button_text":"Send Message","align":"stretch","user_name_label":"","user_name_placeholder":"John Doe","subject_label":"","subject_placeholder":"Your message subject","email_address_label":"","email_placeholder":"example@email.com","message_label":"","additional_message":"Note: You have to fill-up above all respective field, then click below button for send your message","row_gap":{"unit":"px","size":10},"field_text_color":"#000000","field_placeholder_color":"rgba(0,0,0,0.49)","field_background_color":"#EBEEF1","field_padding":{"unit":"px","top":"14","right":"14","bottom":"14","left":"14","isLinked":true},"button_typography_typography":"custom","button_typography_font_size":{"unit":"px","size":14},"button_typography_font_weight":"600","button_background_color":"#827FFE","button_text_padding":{"unit":"px","top":"18","right":"40","bottom":"18","left":"40","isLinked":false},"button_background_hover_color":"#9593ff","button_hover_animation":"wobble-top","additional_text_color":"#969696","contact_label":"Contact Number","contact_placeholder":"Your contact number","button_background_color_background":"classic","button_background_color_color":"#444444","button_background_hover_color_background":"classic","button_background_hover_color_color":"rgba(0,169,255,0.5)"},"elements":[],"isInner":false,"widgetType":"bdt-contact-form","elType":"widget"}],"isInner":true,"elType":"column"}],"isInner":true,"elType":"section"}],"isInner":false,"elType":"column"}],"isInner":false,"elType":"section"}],"page_settings":{"background_color_stop":{"unit":"%","size":"0","sizes":[]},"background_color_b_stop":{"unit":"%","size":"100","sizes":[]},"background_gradient_angle":{"unit":"deg","size":"180","sizes":[]},"background_xpos":{"unit":"px","size":"0","sizes":[]},"background_xpos_tablet":{"unit":"px","size":"0","sizes":[]},"background_xpos_mobile":{"unit":"px","size":"0","sizes":[]},"background_ypos":{"unit":"px","size":"0","sizes":[]},"background_ypos_tablet":{"unit":"px","size":"0","sizes":[]},"background_ypos_mobile":{"unit":"px","size":"0","sizes":[]},"background_bg_width":{"unit":"%","size":"100","sizes":[]},"background_bg_width_tablet":{"unit":"px","size":"","sizes":[]},"background_bg_width_mobile":{"unit":"px","size":"","sizes":[]},"element_pack_toolbar_typography_font_size":{"unit":"px","size":"","sizes":[]},"element_pack_toolbar_typography_font_size_tablet":{"unit":"px","size":"","sizes":[]},"element_pack_toolbar_typography_font_size_mobile":{"unit":"px","size":"","sizes":[]},"element_pack_toolbar_typography_line_height":{"unit":"em","size":"","sizes":[]},"element_pack_toolbar_typography_line_height_tablet":{"unit":"em","size":"","sizes":[]},"element_pack_toolbar_typography_line_height_mobile":{"unit":"em","size":"","sizes":[]},"element_pack_toolbar_typography_letter_spacing":{"unit":"px","size":"","sizes":[]},"element_pack_toolbar_typography_letter_spacing_tablet":{"unit":"px","size":"","sizes":[]},"element_pack_toolbar_typography_letter_spacing_mobile":{"unit":"px","size":"","sizes":[]},"element_pack_global_tooltip_width":{"unit":"px","size":"","sizes":[]},"element_pack_global_tooltip_width_tablet":{"unit":"px","size":"","sizes":[]},"element_pack_global_tooltip_width_mobile":{"unit":"px","size":"","sizes":[]},"element_pack_global_tooltip_background_color_stop":{"unit":"%","size":"0","sizes":[]},"element_pack_global_tooltip_background_color_b_stop":{"unit":"%","size":"100","sizes":[]},"element_pack_global_tooltip_background_gradient_angle":{"unit":"deg","size":"180","sizes":[]},"element_pack_global_tooltip_background_xpos":{"unit":"px","size":"0","sizes":[]},"element_pack_global_tooltip_background_xpos_tablet":{"unit":"px","size":"0","sizes":[]},"element_pack_global_tooltip_background_xpos_mobile":{"unit":"px","size":"0","sizes":[]},"element_pack_global_tooltip_background_ypos":{"unit":"px","size":"0","sizes":[]},"element_pack_global_tooltip_background_ypos_tablet":{"unit":"px","size":"0","sizes":[]},"element_pack_global_tooltip_background_ypos_mobile":{"unit":"px","size":"0","sizes":[]},"element_pack_global_tooltip_background_bg_width":{"unit":"%","size":"100","sizes":[]},"element_pack_global_tooltip_background_bg_width_tablet":{"unit":"px","size":"","sizes":[]},"element_pack_global_tooltip_background_bg_width_mobile":{"unit":"px","size":"","sizes":[]},"element_pack_global_tooltip_typography_font_size":{"unit":"px","size":"","sizes":[]},"element_pack_global_tooltip_typography_font_size_tablet":{"unit":"px","size":"","sizes":[]},"element_pack_global_tooltip_typography_font_size_mobile":{"unit":"px","size":"","sizes":[]},"element_pack_global_tooltip_typography_line_height":{"unit":"em","size":"","sizes":[]},"element_pack_global_tooltip_typography_line_height_tablet":{"unit":"em","size":"","sizes":[]},"element_pack_global_tooltip_typography_line_height_mobile":{"unit":"em","size":"","sizes":[]},"element_pack_global_tooltip_typography_letter_spacing":{"unit":"px","size":"","sizes":[]},"element_pack_global_tooltip_typography_letter_spacing_tablet":{"unit":"px","size":"","sizes":[]},"element_pack_global_tooltip_typography_letter_spacing_mobile":{"unit":"px","size":"","sizes":[]}}}