{"version":"0.4","title":"Simple Contact Form 9","type":"section","content":[{"id":"26b861cd","settings":{"background_background":"classic","padding":{"unit":"px","top":"150","right":"0","bottom":"150","left":"0","isLinked":false},"padding_tablet":{"unit":"px","top":"80","right":"30","bottom":"80","left":"30","isLinked":false},"padding_mobile":{"unit":"px","top":"50","right":"15","bottom":"50","left":"15","isLinked":false},"content_width":{"unit":"px","size":1200},"gap":"wider","background_color":"#313439"},"elements":[{"id":"7e44b6a5","settings":{"_column_size":100,"_inline_size":null,"_inline_size_tablet":100,"_inline_size_mobile":100,"padding_tablet":{"unit":"px","top":"0","right":"0","bottom":"0","left":"0","isLinked":false},"background_background":"classic"},"elements":[{"id":"1752bd15","settings":{"content_width":{"unit":"px","size":1000}},"elements":[{"id":"4ac377b8","settings":{"_column_size":100,"_inline_size":null},"elements":[{"id":"73f980e5","settings":{"title":"CONTACT WITH US. CAREERS. JUST SAY HI.","align":"center","typography_typography":"custom","typography_font_size":{"unit":"px","size":18},"typography_font_size_tablet":{"unit":"px","size":30},"typography_font_size_mobile":{"unit":"px","size":24},"typography_line_height":{"unit":"em","size":1.3000000000000000444089209850062616169452667236328125},"align_mobile":"center","title_color":"#ffffff","_margin":{"unit":"px","top":"0","right":"0","bottom":"50","left":"0","isLinked":false},"typography_font_family":"Play"},"elements":[],"isInner":false,"widgetType":"heading","elType":"widget"},{"id":"93e7c87","settings":{"name_email_field_inline":"yes","button_text":"Send Message","align":"stretch","user_name_label":"NAME","user_name_placeholder":"John Doe","subject_label":"SUBJECT","subject_placeholder":"Your message subject","email_address_label":"EMAIL","email_placeholder":"example@email.com","message_label":"MESSAGE","additional_message":"Note: You have to fill-up above all respective field, then click below button for send your message","row_gap":{"unit":"px","size":10},"field_text_color":"#ffffff","field_placeholder_color":"rgba(255,255,255,0.39)","field_background_color":"rgba(255,255,255,0.03)","field_padding":{"unit":"px","top":"14","right":"14","bottom":"14","left":"14","isLinked":true},"button_typography_typography":"custom","button_typography_font_size":{"unit":"px","size":14},"button_typography_font_weight":"600","button_background_color":"#DA4E5B","button_text_padding":{"unit":"px","top":"18","right":"40","bottom":"18","left":"40","isLinked":false},"button_background_hover_color":"#d8616d","button_hover_animation":"wobble-skew","additional_text_color":"#969696","custom_text":"yes","field_border_border":"solid","field_border_width":{"unit":"px","top":"0","right":"0","bottom":"1","left":"0","isLinked":false},"label_color":"#ffffff","label_typography_typography":"custom","label_typography_font_family":"Play","label_typography_font_size":{"unit":"px","size":13},"field_border_color":"rgba(218,78,91,0.7)","field_typography_typography":"custom","field_typography_font_family":"Play","button_typography_font_family":"Play","contact_label":"Contact Number","contact_placeholder":"Your contact number","button_background_color_background":"classic","button_background_color_color":"#000000","button_background_hover_color_background":"classic","button_background_hover_color_color":"#00a9ff"},"elements":[],"isInner":false,"widgetType":"bdt-contact-form","elType":"widget"}],"isInner":true,"elType":"column"}],"isInner":true,"elType":"section"}],"isInner":false,"elType":"column"}],"isInner":false,"elType":"section"}],"page_settings":{"background_color_stop":{"unit":"%","size":"0","sizes":[]},"background_color_b_stop":{"unit":"%","size":"100","sizes":[]},"background_gradient_angle":{"unit":"deg","size":"180","sizes":[]},"background_xpos":{"unit":"px","size":"0","sizes":[]},"background_xpos_tablet":{"unit":"px","size":"0","sizes":[]},"background_xpos_mobile":{"unit":"px","size":"0","sizes":[]},"background_ypos":{"unit":"px","size":"0","sizes":[]},"background_ypos_tablet":{"unit":"px","size":"0","sizes":[]},"background_ypos_mobile":{"unit":"px","size":"0","sizes":[]},"background_bg_width":{"unit":"%","size":"100","sizes":[]},"background_bg_width_tablet":{"unit":"px","size":"","sizes":[]},"background_bg_width_mobile":{"unit":"px","size":"","sizes":[]},"element_pack_toolbar_typography_font_size":{"unit":"px","size":"","sizes":[]},"element_pack_toolbar_typography_font_size_tablet":{"unit":"px","size":"","sizes":[]},"element_pack_toolbar_typography_font_size_mobile":{"unit":"px","size":"","sizes":[]},"element_pack_toolbar_typography_line_height":{"unit":"em","size":"","sizes":[]},"element_pack_toolbar_typography_line_height_tablet":{"unit":"em","size":"","sizes":[]},"element_pack_toolbar_typography_line_height_mobile":{"unit":"em","size":"","sizes":[]},"element_pack_toolbar_typography_letter_spacing":{"unit":"px","size":"","sizes":[]},"element_pack_toolbar_typography_letter_spacing_tablet":{"unit":"px","size":"","sizes":[]},"element_pack_toolbar_typography_letter_spacing_mobile":{"unit":"px","size":"","sizes":[]},"element_pack_global_tooltip_width":{"unit":"px","size":"","sizes":[]},"element_pack_global_tooltip_width_tablet":{"unit":"px","size":"","sizes":[]},"element_pack_global_tooltip_width_mobile":{"unit":"px","size":"","sizes":[]},"element_pack_global_tooltip_background_color_stop":{"unit":"%","size":"0","sizes":[]},"element_pack_global_tooltip_background_color_b_stop":{"unit":"%","size":"100","sizes":[]},"element_pack_global_tooltip_background_gradient_angle":{"unit":"deg","size":"180","sizes":[]},"element_pack_global_tooltip_background_xpos":{"unit":"px","size":"0","sizes":[]},"element_pack_global_tooltip_background_xpos_tablet":{"unit":"px","size":"0","sizes":[]},"element_pack_global_tooltip_background_xpos_mobile":{"unit":"px","size":"0","sizes":[]},"element_pack_global_tooltip_background_ypos":{"unit":"px","size":"0","sizes":[]},"element_pack_global_tooltip_background_ypos_tablet":{"unit":"px","size":"0","sizes":[]},"element_pack_global_tooltip_background_ypos_mobile":{"unit":"px","size":"0","sizes":[]},"element_pack_global_tooltip_background_bg_width":{"unit":"%","size":"100","sizes":[]},"element_pack_global_tooltip_background_bg_width_tablet":{"unit":"px","size":"","sizes":[]},"element_pack_global_tooltip_background_bg_width_mobile":{"unit":"px","size":"","sizes":[]},"element_pack_global_tooltip_typography_font_size":{"unit":"px","size":"","sizes":[]},"element_pack_global_tooltip_typography_font_size_tablet":{"unit":"px","size":"","sizes":[]},"element_pack_global_tooltip_typography_font_size_mobile":{"unit":"px","size":"","sizes":[]},"element_pack_global_tooltip_typography_line_height":{"unit":"em","size":"","sizes":[]},"element_pack_global_tooltip_typography_line_height_tablet":{"unit":"em","size":"","sizes":[]},"element_pack_global_tooltip_typography_line_height_mobile":{"unit":"em","size":"","sizes":[]},"element_pack_global_tooltip_typography_letter_spacing":{"unit":"px","size":"","sizes":[]},"element_pack_global_tooltip_typography_letter_spacing_tablet":{"unit":"px","size":"","sizes":[]},"element_pack_global_tooltip_typography_letter_spacing_mobile":{"unit":"px","size":"","sizes":[]}}}