{"version":"0.4","title":"Simple Contact Form 6","type":"section","content":[{"id":"13150046","settings":{"structure":"22","background_background":"classic","padding":{"unit":"px","top":"150","right":"0","bottom":"150","left":"0","isLinked":false},"padding_tablet":{"unit":"px","top":"80","right":"30","bottom":"80","left":"30","isLinked":false},"padding_mobile":{"unit":"px","top":"50","right":"15","bottom":"50","left":"15","isLinked":false},"background_color":"#f2f2f2","shape_divider_top_height":{"unit":"px","size":180},"shape_divider_top_flip":"yes","content_width":{"unit":"px","size":1000},"gap":"no"},"elements":[{"id":"72c8d2b5","settings":{"_column_size":66,"_inline_size":null,"_inline_size_tablet":100,"_inline_size_mobile":100,"background_background":"classic","padding":{"unit":"px","top":"0","right":"0","bottom":"0","left":"0","isLinked":true},"padding_mobile":{"unit":"px","top":"50","right":"30","bottom":"30","left":"30","isLinked":false}},"elements":[{"id":"31c8c67c","settings":{"background_background":"classic","background_color":"#e8e8e8","shape_divider_top":"wave-brush","shape_divider_top_color":"#f2f2f2","shape_divider_top_height":{"unit":"px","size":100},"shape_divider_bottom_color":"#f2f2f2","shape_divider_bottom_height":{"unit":"px","size":125},"shape_divider_bottom_flip":"yes","padding":{"unit":"px","top":"120","right":"30","bottom":"20","left":"30","isLinked":false}},"elements":[{"id":"71bce526","settings":{"_column_size":100,"_inline_size":null,"_inline_size_tablet":100,"_inline_size_mobile":100},"elements":[{"id":"2a60efd3","settings":{"name_email_field_inline":"yes","button_text":"Send Message","align":"stretch","user_name_label":"Name","user_name_placeholder":"John Doe","subject_label":"Subject","subject_placeholder":"Your message subject","email_address_label":"Email","email_placeholder":"example@email.com","message_label":"Message","additional_message":"Note: You have to fill-up above all respective field, then click below button for send your message","row_gap":{"unit":"px","size":10},"field_text_color":"#000000","field_placeholder_color":"rgba(0,0,0,0.53)","field_padding":{"unit":"px","top":"14","right":"14","bottom":"14","left":"14","isLinked":true},"button_typography_typography":"custom","button_typography_font_size":{"unit":"px","size":14},"button_typography_font_weight":"600","button_background_color":"rgba(0,0,0,0.14)","button_text_padding":{"unit":"px","top":"18","right":"40","bottom":"18","left":"40","isLinked":false},"button_background_hover_color":"#ffffff","button_hover_animation":"wobble-bottom","additional_text_color":"#969696","custom_text":"yes","field_background_color":"rgba(255,255,255,0.2)","field_border_border":"solid","field_border_width":{"unit":"px","top":"0","right":"0","bottom":"2","left":"0","isLinked":false},"field_border_color":"#f9f9f9","field_border_radius":{"unit":"px","top":"0","right":"0","bottom":"0","left":"0","isLinked":true},"button_text_color":"#ffffff","button_border_border":"solid","button_border_width":{"unit":"px","top":"0","right":"0","bottom":"2","left":"0","isLinked":false},"button_border_color":"#f4f4f4","button_hover_color":"#000000","button_hover_border_color":"#ffffff","contact_label":"Contact Number","contact_placeholder":"Your contact number","button_background_color_background":"classic","button_background_color_color":"#666666","button_background_hover_color_background":"classic","button_background_hover_color_color":"rgba(0,169,255,0.73)"},"elements":[],"isInner":false,"widgetType":"bdt-contact-form","elType":"widget"}],"isInner":true,"elType":"column"}],"isInner":true,"elType":"section"}],"isInner":false,"elType":"column"},{"id":"7449be24","settings":{"_column_size":33,"_inline_size":null,"_inline_size_tablet":100,"_inline_size_mobile":100,"background_background":"classic","margin":{"unit":"px","top":"23","right":"0","bottom":"0","left":"0","isLinked":false}},"elements":[{"id":"5177d8d0","settings":{"background_background":"classic","background_color":"#ededed","shape_divider_top":"tilt","shape_divider_top_color":"#f2f2f2","shape_divider_top_height":{"unit":"px","size":150},"shape_divider_bottom":"tilt","shape_divider_bottom_color":"#f2f2f2","shape_divider_bottom_height":{"unit":"px","size":150},"shape_divider_bottom_flip":"yes","padding":{"unit":"px","top":"220","right":"30","bottom":"182","left":"30","isLinked":false}},"elements":[{"id":"1df11924","settings":{"_column_size":100,"_inline_size":null,"_inline_size_tablet":100},"elements":[{"id":"46cea682","settings":{"title":"hello@knifesnok.com","align":"left","typography_typography":"custom","typography_font_size":{"unit":"px","size":24},"typography_font_size_tablet":{"unit":"px","size":30},"typography_font_size_mobile":{"unit":"px","size":24},"typography_line_height":{"unit":"em","size":1.3000000000000000444089209850062616169452667236328125},"align_mobile":"center","title_color":"#202020"},"elements":[],"isInner":false,"widgetType":"heading","elType":"widget"},{"id":"5df75bf7","settings":{"editor":"<p>Far far away, behind the word mountains, far from the countries.<\/p>","align":"left","_margin":{"unit":"px","top":"0","right":"0","bottom":"50","left":"0","isLinked":false},"align_mobile":"center"},"elements":[],"isInner":false,"widgetType":"text-editor","elType":"widget"},{"id":"556a22b9","settings":{"share_buttons":[{"button":"facebook","_id":"ef4e976","text":""},{"button":"googleplus","_id":"3836c3b","text":""},{"button":"twitter","_id":"73e5fdc","text":""}],"shape":"rounded","columns_mobile":"1","style":"framed","columns":"3"},"elements":[],"isInner":false,"widgetType":"bdt-social-share","elType":"widget"}],"isInner":true,"elType":"column"}],"isInner":true,"elType":"section"}],"isInner":false,"elType":"column"}],"isInner":false,"elType":"section"}],"page_settings":{"background_color_stop":{"unit":"%","size":"0","sizes":[]},"background_color_b_stop":{"unit":"%","size":"100","sizes":[]},"background_gradient_angle":{"unit":"deg","size":"180","sizes":[]},"background_xpos":{"unit":"px","size":"0","sizes":[]},"background_xpos_tablet":{"unit":"px","size":"0","sizes":[]},"background_xpos_mobile":{"unit":"px","size":"0","sizes":[]},"background_ypos":{"unit":"px","size":"0","sizes":[]},"background_ypos_tablet":{"unit":"px","size":"0","sizes":[]},"background_ypos_mobile":{"unit":"px","size":"0","sizes":[]},"background_bg_width":{"unit":"%","size":"100","sizes":[]},"background_bg_width_tablet":{"unit":"px","size":"","sizes":[]},"background_bg_width_mobile":{"unit":"px","size":"","sizes":[]},"element_pack_toolbar_typography_font_size":{"unit":"px","size":"","sizes":[]},"element_pack_toolbar_typography_font_size_tablet":{"unit":"px","size":"","sizes":[]},"element_pack_toolbar_typography_font_size_mobile":{"unit":"px","size":"","sizes":[]},"element_pack_toolbar_typography_line_height":{"unit":"em","size":"","sizes":[]},"element_pack_toolbar_typography_line_height_tablet":{"unit":"em","size":"","sizes":[]},"element_pack_toolbar_typography_line_height_mobile":{"unit":"em","size":"","sizes":[]},"element_pack_toolbar_typography_letter_spacing":{"unit":"px","size":"","sizes":[]},"element_pack_toolbar_typography_letter_spacing_tablet":{"unit":"px","size":"","sizes":[]},"element_pack_toolbar_typography_letter_spacing_mobile":{"unit":"px","size":"","sizes":[]},"element_pack_global_tooltip_width":{"unit":"px","size":"","sizes":[]},"element_pack_global_tooltip_width_tablet":{"unit":"px","size":"","sizes":[]},"element_pack_global_tooltip_width_mobile":{"unit":"px","size":"","sizes":[]},"element_pack_global_tooltip_background_color_stop":{"unit":"%","size":"0","sizes":[]},"element_pack_global_tooltip_background_color_b_stop":{"unit":"%","size":"100","sizes":[]},"element_pack_global_tooltip_background_gradient_angle":{"unit":"deg","size":"180","sizes":[]},"element_pack_global_tooltip_background_xpos":{"unit":"px","size":"0","sizes":[]},"element_pack_global_tooltip_background_xpos_tablet":{"unit":"px","size":"0","sizes":[]},"element_pack_global_tooltip_background_xpos_mobile":{"unit":"px","size":"0","sizes":[]},"element_pack_global_tooltip_background_ypos":{"unit":"px","size":"0","sizes":[]},"element_pack_global_tooltip_background_ypos_tablet":{"unit":"px","size":"0","sizes":[]},"element_pack_global_tooltip_background_ypos_mobile":{"unit":"px","size":"0","sizes":[]},"element_pack_global_tooltip_background_bg_width":{"unit":"%","size":"100","sizes":[]},"element_pack_global_tooltip_background_bg_width_tablet":{"unit":"px","size":"","sizes":[]},"element_pack_global_tooltip_background_bg_width_mobile":{"unit":"px","size":"","sizes":[]},"element_pack_global_tooltip_typography_font_size":{"unit":"px","size":"","sizes":[]},"element_pack_global_tooltip_typography_font_size_tablet":{"unit":"px","size":"","sizes":[]},"element_pack_global_tooltip_typography_font_size_mobile":{"unit":"px","size":"","sizes":[]},"element_pack_global_tooltip_typography_line_height":{"unit":"em","size":"","sizes":[]},"element_pack_global_tooltip_typography_line_height_tablet":{"unit":"em","size":"","sizes":[]},"element_pack_global_tooltip_typography_line_height_mobile":{"unit":"em","size":"","sizes":[]},"element_pack_global_tooltip_typography_letter_spacing":{"unit":"px","size":"","sizes":[]},"element_pack_global_tooltip_typography_letter_spacing_tablet":{"unit":"px","size":"","sizes":[]},"element_pack_global_tooltip_typography_letter_spacing_mobile":{"unit":"px","size":"","sizes":[]}}}