{"version":"0.4","title":"Simple Contact Form 4","type":"section","content":[{"id":"4f019222","settings":{"structure":"30","background_background":"classic","background_image":{"id":47534,"url":"https:\/\/bdthemes.net\/demo\/ready-pages\/ready-blocks\/wp-content\/uploads\/2019\/04\/sea.jpg"},"padding":{"unit":"px","top":"150","right":"0","bottom":"150","left":"0","isLinked":false},"padding_tablet":{"unit":"px","top":"80","right":"30","bottom":"80","left":"30","isLinked":false},"padding_mobile":{"unit":"px","top":"50","right":"15","bottom":"50","left":"15","isLinked":false},"background_position":"bottom right","background_size":"cover"},"elements":[{"id":"2bd12f73","settings":{"_column_size":33,"_inline_size":25,"_inline_size_tablet":100},"elements":[],"isInner":false,"elType":"column"},{"id":"43113ba9","settings":{"_column_size":33,"_inline_size":49.33800000000000096633812063373625278472900390625,"_inline_size_tablet":100,"_inline_size_mobile":100},"elements":[{"id":"4d781479","settings":{"title":"CONTACT US FOR HELP","align":"center","typography_typography":"custom","typography_font_size":{"unit":"px","size":30},"typography_font_size_tablet":{"unit":"px","size":30},"typography_font_size_mobile":{"unit":"px","size":24},"typography_line_height":{"unit":"em","size":1.3000000000000000444089209850062616169452667236328125},"align_mobile":"center","title_color":"#202020"},"elements":[],"isInner":false,"widgetType":"heading","elType":"widget"},{"id":"8024874","settings":{"editor":"<p>While many sites throw up a\u00a0<strong><em>contact us page<\/em><\/strong>\u00a0as a quick after-thought, you should be dedicating a lot more time and care to your contact page<\/p>","align":"center"},"elements":[],"isInner":false,"widgetType":"text-editor","elType":"widget"},{"id":"326951d6","settings":{"name_email_field_inline":"yes","button_text":"Send Message","align":"stretch","user_name_label":"","user_name_placeholder":"John Doe","subject_label":"","subject_placeholder":"Your message subject","email_address_label":"","email_placeholder":"example@email.com","message_label":"","additional_message":"Note: You have to fill-up above all respective field, then click below button for send your message","row_gap":{"unit":"px","size":10},"field_text_color":"#ffffff","field_placeholder_color":"rgba(255,255,255,0.81)","field_background_color":"rgba(0,169,255,0.5)","field_padding":{"unit":"px","top":"14","right":"14","bottom":"14","left":"14","isLinked":true},"button_typography_typography":"custom","button_typography_font_size":{"unit":"px","size":14},"button_typography_font_weight":"600","button_background_color":"#14ABF4","button_text_padding":{"unit":"px","top":"18","right":"40","bottom":"18","left":"40","isLinked":false},"button_background_hover_color":"#30b3f4","button_hover_animation":"wobble-bottom","additional_text_color":"#969696","contact_label":"Contact Number","contact_placeholder":"Your contact number","button_background_color_background":"classic","button_background_color_color":"rgba(0,169,255,0.5)","button_background_hover_color_background":"classic","button_background_hover_color_color":"#00a9ff"},"elements":[],"isInner":false,"widgetType":"bdt-contact-form","elType":"widget"}],"isInner":false,"elType":"column"},{"id":"21a76cab","settings":{"_column_size":33,"_inline_size":25,"_inline_size_tablet":100,"_inline_size_mobile":100},"elements":[],"isInner":false,"elType":"column"}],"isInner":false,"elType":"section"}],"page_settings":{"background_color_stop":{"unit":"%","size":"0","sizes":[]},"background_color_b_stop":{"unit":"%","size":"100","sizes":[]},"background_gradient_angle":{"unit":"deg","size":"180","sizes":[]},"background_xpos":{"unit":"px","size":"0","sizes":[]},"background_xpos_tablet":{"unit":"px","size":"0","sizes":[]},"background_xpos_mobile":{"unit":"px","size":"0","sizes":[]},"background_ypos":{"unit":"px","size":"0","sizes":[]},"background_ypos_tablet":{"unit":"px","size":"0","sizes":[]},"background_ypos_mobile":{"unit":"px","size":"0","sizes":[]},"background_bg_width":{"unit":"%","size":"100","sizes":[]},"background_bg_width_tablet":{"unit":"px","size":"","sizes":[]},"background_bg_width_mobile":{"unit":"px","size":"","sizes":[]},"element_pack_toolbar_typography_font_size":{"unit":"px","size":"","sizes":[]},"element_pack_toolbar_typography_font_size_tablet":{"unit":"px","size":"","sizes":[]},"element_pack_toolbar_typography_font_size_mobile":{"unit":"px","size":"","sizes":[]},"element_pack_toolbar_typography_line_height":{"unit":"em","size":"","sizes":[]},"element_pack_toolbar_typography_line_height_tablet":{"unit":"em","size":"","sizes":[]},"element_pack_toolbar_typography_line_height_mobile":{"unit":"em","size":"","sizes":[]},"element_pack_toolbar_typography_letter_spacing":{"unit":"px","size":"","sizes":[]},"element_pack_toolbar_typography_letter_spacing_tablet":{"unit":"px","size":"","sizes":[]},"element_pack_toolbar_typography_letter_spacing_mobile":{"unit":"px","size":"","sizes":[]},"element_pack_global_tooltip_width":{"unit":"px","size":"","sizes":[]},"element_pack_global_tooltip_width_tablet":{"unit":"px","size":"","sizes":[]},"element_pack_global_tooltip_width_mobile":{"unit":"px","size":"","sizes":[]},"element_pack_global_tooltip_background_color_stop":{"unit":"%","size":"0","sizes":[]},"element_pack_global_tooltip_background_color_b_stop":{"unit":"%","size":"100","sizes":[]},"element_pack_global_tooltip_background_gradient_angle":{"unit":"deg","size":"180","sizes":[]},"element_pack_global_tooltip_background_xpos":{"unit":"px","size":"0","sizes":[]},"element_pack_global_tooltip_background_xpos_tablet":{"unit":"px","size":"0","sizes":[]},"element_pack_global_tooltip_background_xpos_mobile":{"unit":"px","size":"0","sizes":[]},"element_pack_global_tooltip_background_ypos":{"unit":"px","size":"0","sizes":[]},"element_pack_global_tooltip_background_ypos_tablet":{"unit":"px","size":"0","sizes":[]},"element_pack_global_tooltip_background_ypos_mobile":{"unit":"px","size":"0","sizes":[]},"element_pack_global_tooltip_background_bg_width":{"unit":"%","size":"100","sizes":[]},"element_pack_global_tooltip_background_bg_width_tablet":{"unit":"px","size":"","sizes":[]},"element_pack_global_tooltip_background_bg_width_mobile":{"unit":"px","size":"","sizes":[]},"element_pack_global_tooltip_typography_font_size":{"unit":"px","size":"","sizes":[]},"element_pack_global_tooltip_typography_font_size_tablet":{"unit":"px","size":"","sizes":[]},"element_pack_global_tooltip_typography_font_size_mobile":{"unit":"px","size":"","sizes":[]},"element_pack_global_tooltip_typography_line_height":{"unit":"em","size":"","sizes":[]},"element_pack_global_tooltip_typography_line_height_tablet":{"unit":"em","size":"","sizes":[]},"element_pack_global_tooltip_typography_line_height_mobile":{"unit":"em","size":"","sizes":[]},"element_pack_global_tooltip_typography_letter_spacing":{"unit":"px","size":"","sizes":[]},"element_pack_global_tooltip_typography_letter_spacing_tablet":{"unit":"px","size":"","sizes":[]},"element_pack_global_tooltip_typography_letter_spacing_mobile":{"unit":"px","size":"","sizes":[]}}}