{"version":"0.4","title":"price-list-blocks-1","type":"section","content":[{"id":"273ca4cc","settings":{"background_background":"classic","background_image":{"id":47361,"url":"https:\/\/bdthemes.net\/demo\/ready-pages\/ready-blocks\/wp-content\/uploads\/2019\/04\/bg1.jpg"},"background_position":"center center","background_repeat":"no-repeat","background_size":"cover","padding":{"unit":"px","top":"100","right":"0","bottom":"100","left":"0","isLinked":false},"padding_mobile":{"unit":"px","top":"0","right":"0","bottom":"0","left":"0","isLinked":false}},"elements":[{"id":"6db24c6a","settings":{"_column_size":100},"elements":[{"id":"597fa1ee","settings":{"structure":"30"},"elements":[{"id":"45423190","settings":{"_column_size":33,"_inline_size":null},"elements":[],"isInner":true,"elType":"column"},{"id":"5c9a061","settings":{"_column_size":33,"_inline_size":null},"elements":[{"id":"485eaa92","settings":{"title":"Nail Care Salon","align":"center","typography_typography":"custom","typography_font_family":"Dancing Script","typography_font_size":{"unit":"px","size":48},"typography_font_weight":"900","_padding":{"unit":"px","top":"8","right":"0","bottom":"8","left":"0","isLinked":false},"_background_background":"classic","_background_color":"rgba(255,255,255,0.71)","_border_border":"solid","_border_width":{"unit":"px","top":"2","right":"2","bottom":"2","left":"2","isLinked":true},"_border_color":"rgba(255,255,255,0.63)","title_color":"#333333"},"elements":[],"isInner":false,"widgetType":"heading","elType":"widget"}],"isInner":true,"elType":"column"},{"id":"2711be68","settings":{"_column_size":33,"_inline_size":null},"elements":[],"isInner":true,"elType":"column"}],"isInner":true,"elType":"section"},{"id":"61c03708","settings":{"structure":"30","margin":{"unit":"px","top":"40","right":0,"bottom":"0","left":0,"isLinked":false},"margin_mobile":{"unit":"px","top":"-50","right":0,"bottom":"0","left":0,"isLinked":false}},"elements":[{"id":"4e9978a7","settings":{"_column_size":33,"_inline_size":20.9020000000000010231815394945442676544189453125},"elements":[],"isInner":true,"elType":"column"},{"id":"4ccc21c4","settings":{"_column_size":33,"_inline_size":58.1970000000000027284841053187847137451171875,"background_background":"classic","background_color":"rgba(255,255,255,0.91)","padding":{"unit":"px","top":"50","right":"50","bottom":"50","left":"50","isLinked":false},"border_border":"solid","border_width":{"unit":"px","top":"2","right":"2","bottom":"2","left":"2","isLinked":true},"border_color":"#ffffff","margin":{"unit":"px","top":"0","right":"0","bottom":"0","left":"0","isLinked":false}},"elements":[{"id":"5866cb3d","settings":{"title":"Nail Care Service","align":"center","typography_typography":"custom","typography_font_family":"Dancing Script","typography_font_size":{"unit":"px","size":32},"typography_font_weight":"900","_background_background":"classic","_border_width":{"unit":"px","top":"2","right":"2","bottom":"2","left":"2","isLinked":true},"_border_color":"rgba(255,255,255,0.63)","title_color":"#333333"},"elements":[],"isInner":false,"widgetType":"heading","elType":"widget"},{"id":"33227db9","settings":{"price_list":[{"title":"Manicure","price":"$20.00","link":{"url":"#","is_external":"","nofollow":""},"_id":"3f82c3d","image":{"url":"","id":""},"item_description":""},{"title":"Pedicure","price":"$25.00","link":{"url":"#","is_external":"","nofollow":""},"_id":"bd9f189","image":{"url":"","id":""},"item_description":""},{"image":{"url":"","id":""},"link":{"url":"#","is_external":"","nofollow":""},"_id":"b386361","title":"Gel Removal","price":"18.35","item_description":""},{"title":"Gel Polish Change","price":"$32.50","link":{"url":"#","is_external":"","nofollow":""},"_id":"225fd1b","image":{"url":"","id":""},"item_description":""},{"title":"Polish Change","price":"$23.99","link":{"url":"#","is_external":"","nofollow":""},"_id":"4d63998","image":{"url":"","id":""},"item_description":""}],"_margin":{"unit":"px","top":"20","right":"0","bottom":"0","left":"0","isLinked":false},"heading_color":"#000000","heading_typography_typography":"custom","heading_typography_font_weight":"500","separator_style":"dotted","separator_weight":{"unit":"px","size":2},"separator_color":"rgba(0,0,0,0.23)","separator_spacing":{"unit":"px","size":10},"price_color":"#000000","price_hover_color":"rgba(122,122,122,0.79)","price_background_color":"rgba(255,255,255,0)","price_border_radius":{"unit":"px","size":3},"price_height":{"unit":"px","size":50},"price_width":{"unit":"px","size":102},"price_box_shadow_box_shadow_type":"yes","price_box_shadow_box_shadow":{"horizontal":0,"vertical":0,"blur":10,"spread":0,"color":"rgba(0,0,0,0.37)"}},"elements":[],"isInner":false,"widgetType":"bdt-price-list","elType":"widget"},{"id":"19b90882","settings":{"title":"Other Service","align":"center","typography_typography":"custom","typography_font_family":"Dancing Script","typography_font_size":{"unit":"px","size":32},"typography_font_weight":"900","_background_background":"classic","_border_width":{"unit":"px","top":"2","right":"2","bottom":"2","left":"2","isLinked":true},"_border_color":"rgba(255,255,255,0.63)","_margin":{"unit":"px","top":"50","right":"0","bottom":"0","left":"0","isLinked":false},"title_color":"#333333"},"elements":[],"isInner":false,"widgetType":"heading","elType":"widget"},{"id":"26be234e","settings":{"price_list":[{"title":"Fill In","price":"$12.00","link":{"url":"#","is_external":"","nofollow":""},"_id":"3f82c3d","image":{"url":"","id":""},"item_description":""},{"title":"Full Set ","price":"$13.99","link":{"url":"#","is_external":"","nofollow":""},"_id":"bd9f189","image":{"url":"","id":""},"item_description":""},{"image":{"url":"","id":""},"link":{"url":"#","is_external":"","nofollow":""},"_id":"b386361","title":"Overlay","price":"11.36","item_description":""}],"_margin":{"unit":"px","top":"20","right":"0","bottom":"0","left":"0","isLinked":false},"heading_color":"#000000","heading_typography_typography":"custom","heading_typography_font_weight":"500","separator_style":"dotted","separator_weight":{"unit":"px","size":2},"separator_color":"rgba(0,0,0,0.23)","separator_spacing":{"unit":"px","size":10},"price_color":"#000000","price_hover_color":"rgba(122,122,122,0.79)","price_background_color":"rgba(20,171,244,0)","price_border_radius":{"unit":"px","size":3},"price_height":{"unit":"px","size":50},"price_width":{"unit":"px","size":102},"price_box_shadow_box_shadow_type":"yes","price_box_shadow_box_shadow":{"horizontal":0,"vertical":0,"blur":10,"spread":0,"color":"rgba(0,0,0,0.37)"}},"elements":[],"isInner":false,"widgetType":"bdt-price-list","elType":"widget"}],"isInner":true,"elType":"column"},{"id":"38e683b3","settings":{"_column_size":33,"_inline_size":20.89699999999999846522769075818359851837158203125},"elements":[],"isInner":true,"elType":"column"}],"isInner":true,"elType":"section"}],"isInner":false,"elType":"column"}],"isInner":false,"elType":"section"}],"page_settings":{"background_color_stop":{"unit":"%","size":"0","sizes":[]},"background_color_b_stop":{"unit":"%","size":"100","sizes":[]},"background_gradient_angle":{"unit":"deg","size":"180","sizes":[]},"background_xpos":{"unit":"px","size":"0","sizes":[]},"background_xpos_tablet":{"unit":"px","size":"0","sizes":[]},"background_xpos_mobile":{"unit":"px","size":"0","sizes":[]},"background_ypos":{"unit":"px","size":"0","sizes":[]},"background_ypos_tablet":{"unit":"px","size":"0","sizes":[]},"background_ypos_mobile":{"unit":"px","size":"0","sizes":[]},"background_bg_width":{"unit":"%","size":"100","sizes":[]},"background_bg_width_tablet":{"unit":"px","size":"","sizes":[]},"background_bg_width_mobile":{"unit":"px","size":"","sizes":[]},"element_pack_toolbar_typography_font_size":{"unit":"px","size":"","sizes":[]},"element_pack_toolbar_typography_font_size_tablet":{"unit":"px","size":"","sizes":[]},"element_pack_toolbar_typography_font_size_mobile":{"unit":"px","size":"","sizes":[]},"element_pack_toolbar_typography_line_height":{"unit":"em","size":"","sizes":[]},"element_pack_toolbar_typography_line_height_tablet":{"unit":"em","size":"","sizes":[]},"element_pack_toolbar_typography_line_height_mobile":{"unit":"em","size":"","sizes":[]},"element_pack_toolbar_typography_letter_spacing":{"unit":"px","size":"","sizes":[]},"element_pack_toolbar_typography_letter_spacing_tablet":{"unit":"px","size":"","sizes":[]},"element_pack_toolbar_typography_letter_spacing_mobile":{"unit":"px","size":"","sizes":[]},"element_pack_global_tooltip_width":{"unit":"px","size":"","sizes":[]},"element_pack_global_tooltip_width_tablet":{"unit":"px","size":"","sizes":[]},"element_pack_global_tooltip_width_mobile":{"unit":"px","size":"","sizes":[]},"element_pack_global_tooltip_background_color_stop":{"unit":"%","size":"0","sizes":[]},"element_pack_global_tooltip_background_color_b_stop":{"unit":"%","size":"100","sizes":[]},"element_pack_global_tooltip_background_gradient_angle":{"unit":"deg","size":"180","sizes":[]},"element_pack_global_tooltip_background_xpos":{"unit":"px","size":"0","sizes":[]},"element_pack_global_tooltip_background_xpos_tablet":{"unit":"px","size":"0","sizes":[]},"element_pack_global_tooltip_background_xpos_mobile":{"unit":"px","size":"0","sizes":[]},"element_pack_global_tooltip_background_ypos":{"unit":"px","size":"0","sizes":[]},"element_pack_global_tooltip_background_ypos_tablet":{"unit":"px","size":"0","sizes":[]},"element_pack_global_tooltip_background_ypos_mobile":{"unit":"px","size":"0","sizes":[]},"element_pack_global_tooltip_background_bg_width":{"unit":"%","size":"100","sizes":[]},"element_pack_global_tooltip_background_bg_width_tablet":{"unit":"px","size":"","sizes":[]},"element_pack_global_tooltip_background_bg_width_mobile":{"unit":"px","size":"","sizes":[]},"element_pack_global_tooltip_typography_font_size":{"unit":"px","size":"","sizes":[]},"element_pack_global_tooltip_typography_font_size_tablet":{"unit":"px","size":"","sizes":[]},"element_pack_global_tooltip_typography_font_size_mobile":{"unit":"px","size":"","sizes":[]},"element_pack_global_tooltip_typography_line_height":{"unit":"em","size":"","sizes":[]},"element_pack_global_tooltip_typography_line_height_tablet":{"unit":"em","size":"","sizes":[]},"element_pack_global_tooltip_typography_line_height_mobile":{"unit":"em","size":"","sizes":[]},"element_pack_global_tooltip_typography_letter_spacing":{"unit":"px","size":"","sizes":[]},"element_pack_global_tooltip_typography_letter_spacing_tablet":{"unit":"px","size":"","sizes":[]},"element_pack_global_tooltip_typography_letter_spacing_mobile":{"unit":"px","size":"","sizes":[]}}}