{"version":"0.4","title":"price-list-blocks-2","type":"section","content":[{"id":"16c0d458","settings":{"gap":"wider","structure":"20","padding":{"unit":"px","top":"100","right":"0","bottom":"100","left":"0","isLinked":false},"padding_mobile":{"unit":"px","top":"50","right":"0","bottom":"50","left":"0","isLinked":false}},"elements":[{"id":"3c74e7d1","settings":{"_column_size":50,"_inline_size":null},"elements":[{"id":"109bbc0d","settings":{"sub_heading":"","main_heading":"HAIRCUT<br> PRICES","split_text":"Splite Text","align":"right","advanced_heading":"Make It","advanced_heading_align":"center","advanced_heading_x_position":{"unit":"px","size":119},"advanced_heading_y_position":{"unit":"px","size":84},"main_heading_typography_typography":"custom","main_heading_typography_font_size":{"unit":"px","size":50},"advanced_heading_typography_typography":"custom","advanced_heading_typography_font_family":"Great Vibes","advanced_heading_typography_font_size":{"unit":"px","size":90}},"elements":[],"isInner":false,"widgetType":"bdt-advanced-heading","elType":"widget"}],"isInner":false,"elType":"column"},{"id":"3a42f39f","settings":{"_column_size":50,"_inline_size":null},"elements":[{"id":"415370ba","settings":{"price_list":[{"title":"HAIR CUT WITH BLOW DRY","price":"$20","link":{"url":"#","is_external":"","nofollow":""},"_id":"f22393c","item_description":"Lorem ipsum dolor sit amet, consectetur adipiscing elit.","image":{"url":"","id":""}},{"title":"BLOW DRY & CURL","price":"$26","link":{"url":"#","is_external":"","nofollow":""},"_id":"f045534","item_description":"Maecenas ultricies a ante vitae feugiat. Vestibulum tincidunt dignissim","image":{"url":"","id":""}},{"title":"SHAMPOO & SET","price":"$32","link":{"url":"#","is_external":"","nofollow":""},"_id":"759738c","item_description":"Phasellus elementum diam eget justo imperdiet accumsan.","image":{"url":"","id":""}},{"price":"$36","title":"COLOR & HIGHLIGHTS","item_description":"Cras eu finibus diam. Phasellus a facilisis tortor. Duis sed feugiat eros","image":{"url":"","id":""},"link":{"url":"#","is_external":"","nofollow":""},"_id":"fbcee8b"},{"price":"$21","title":"HOMBRE COLOR","item_description":"Nulla aliquet in erat sit amet viverra. Cras suscipit, mauris ac blandit","image":{"url":"","id":""},"link":{"url":"#","is_external":"","nofollow":""},"_id":"13eabe2"}],"separator_style":"solid","separator_spacing":{"unit":"px","size":20},"row_gap":{"unit":"px","size":20},"price_color":"rgba(122,122,122,0.85)","price_hover_color":"#000000","price_background_color":"rgba(255,255,255,0)","price_border_radius":{"unit":"px","size":3},"price_height":{"unit":"px","size":50},"price_typography_typography":"custom","price_typography_line_height":{"unit":"em","size":1.8000000000000000444089209850062616169452667236328125},"price_width":{"unit":"px","size":79}},"elements":[],"isInner":false,"widgetType":"bdt-price-list","elType":"widget"}],"isInner":false,"elType":"column"}],"isInner":false,"elType":"section"}],"page_settings":{"background_color_stop":{"unit":"%","size":"0","sizes":[]},"background_color_b_stop":{"unit":"%","size":"100","sizes":[]},"background_gradient_angle":{"unit":"deg","size":"180","sizes":[]},"background_xpos":{"unit":"px","size":"0","sizes":[]},"background_xpos_tablet":{"unit":"px","size":"0","sizes":[]},"background_xpos_mobile":{"unit":"px","size":"0","sizes":[]},"background_ypos":{"unit":"px","size":"0","sizes":[]},"background_ypos_tablet":{"unit":"px","size":"0","sizes":[]},"background_ypos_mobile":{"unit":"px","size":"0","sizes":[]},"background_bg_width":{"unit":"%","size":"100","sizes":[]},"background_bg_width_tablet":{"unit":"px","size":"","sizes":[]},"background_bg_width_mobile":{"unit":"px","size":"","sizes":[]},"element_pack_toolbar_typography_font_size":{"unit":"px","size":"","sizes":[]},"element_pack_toolbar_typography_font_size_tablet":{"unit":"px","size":"","sizes":[]},"element_pack_toolbar_typography_font_size_mobile":{"unit":"px","size":"","sizes":[]},"element_pack_toolbar_typography_line_height":{"unit":"em","size":"","sizes":[]},"element_pack_toolbar_typography_line_height_tablet":{"unit":"em","size":"","sizes":[]},"element_pack_toolbar_typography_line_height_mobile":{"unit":"em","size":"","sizes":[]},"element_pack_toolbar_typography_letter_spacing":{"unit":"px","size":"","sizes":[]},"element_pack_toolbar_typography_letter_spacing_tablet":{"unit":"px","size":"","sizes":[]},"element_pack_toolbar_typography_letter_spacing_mobile":{"unit":"px","size":"","sizes":[]},"element_pack_global_tooltip_width":{"unit":"px","size":"","sizes":[]},"element_pack_global_tooltip_width_tablet":{"unit":"px","size":"","sizes":[]},"element_pack_global_tooltip_width_mobile":{"unit":"px","size":"","sizes":[]},"element_pack_global_tooltip_background_color_stop":{"unit":"%","size":"0","sizes":[]},"element_pack_global_tooltip_background_color_b_stop":{"unit":"%","size":"100","sizes":[]},"element_pack_global_tooltip_background_gradient_angle":{"unit":"deg","size":"180","sizes":[]},"element_pack_global_tooltip_background_xpos":{"unit":"px","size":"0","sizes":[]},"element_pack_global_tooltip_background_xpos_tablet":{"unit":"px","size":"0","sizes":[]},"element_pack_global_tooltip_background_xpos_mobile":{"unit":"px","size":"0","sizes":[]},"element_pack_global_tooltip_background_ypos":{"unit":"px","size":"0","sizes":[]},"element_pack_global_tooltip_background_ypos_tablet":{"unit":"px","size":"0","sizes":[]},"element_pack_global_tooltip_background_ypos_mobile":{"unit":"px","size":"0","sizes":[]},"element_pack_global_tooltip_background_bg_width":{"unit":"%","size":"100","sizes":[]},"element_pack_global_tooltip_background_bg_width_tablet":{"unit":"px","size":"","sizes":[]},"element_pack_global_tooltip_background_bg_width_mobile":{"unit":"px","size":"","sizes":[]},"element_pack_global_tooltip_typography_font_size":{"unit":"px","size":"","sizes":[]},"element_pack_global_tooltip_typography_font_size_tablet":{"unit":"px","size":"","sizes":[]},"element_pack_global_tooltip_typography_font_size_mobile":{"unit":"px","size":"","sizes":[]},"element_pack_global_tooltip_typography_line_height":{"unit":"em","size":"","sizes":[]},"element_pack_global_tooltip_typography_line_height_tablet":{"unit":"em","size":"","sizes":[]},"element_pack_global_tooltip_typography_line_height_mobile":{"unit":"em","size":"","sizes":[]},"element_pack_global_tooltip_typography_letter_spacing":{"unit":"px","size":"","sizes":[]},"element_pack_global_tooltip_typography_letter_spacing_tablet":{"unit":"px","size":"","sizes":[]},"element_pack_global_tooltip_typography_letter_spacing_mobile":{"unit":"px","size":"","sizes":[]}}}