{"version":"0.4","title":"Footer Demo Set 15-2","type":"section","content":[{"id":"70291684","settings":{"layout":"full_width","background_background":"classic","background_color":"#304356"},"elements":[{"id":"40098e3c","settings":{"_column_size":100,"padding":{"unit":"px","top":"0","right":"0","bottom":"0","left":"0","isLinked":true}},"elements":[{"id":"7aaea8c1","settings":{"layout":"full_width","gap":"no","structure":"30"},"elements":[{"id":"61cd8d17","settings":{"_column_size":33,"_inline_size":null,"_inline_size_tablet":50,"background_background":"classic","background_color":"#304356","padding":{"unit":"px","top":"100","right":"80","bottom":"80","left":"80","isLinked":false},"padding_tablet":{"unit":"px","top":"50","right":"50","bottom":"50","left":"50","isLinked":true},"padding_mobile":{"unit":"px","top":"50","right":"50","bottom":"50","left":"50","isLinked":true}},"elements":[{"id":"2efec73","settings":{"icon":"fa fa-mobile-phone","image":{"url":"","id":""},"title_text":"Call Center","description_text":"You can easily take an appointment by phone just call us. +880-1718-542596","readmore_text":"Read More","icon_space":{"unit":"px","size":25},"title_bottom_space":{"unit":"px","size":10},"readmore_spacing":{"unit":"px","size":30},"element_pack_widget_tooltip_text":"This is Tooltip","left_icon_horizontal_offset":{"unit":"px","size":""},"left_right_icon_vertical_offset":{"unit":"px","size":7},"icon_padding":{"unit":"px","top":"20","right":"20","bottom":"20","left":"20","isLinked":true},"icon_size":{"unit":"px","size":30},"icon_size_tablet":{"unit":"px","size":25},"title_typography_typography":"custom","title_typography_font_size":{"unit":"px","size":20},"title_typography_font_size_tablet":{"unit":"px","size":20},"readmore_border_width":{"unit":"px","top":"0","right":"0","bottom":"0","left":"0","isLinked":true},"readmore_padding":{"unit":"px","top":"0","right":"0","bottom":"0","left":"0","isLinked":false},"readmore_typography_typography":"custom","readmore_typography_font_size":{"unit":"px","size":14},"readmore_typography_text_transform":"capitalize","readmore_hover_text_color":"#10002d","readmore_hover_background_background":"classic","readmore_hover_background_color":"rgba(0,0,0,0)","readmore_hover_border_width":{"unit":"px","top":"0","right":"0","bottom":"0","left":"0","isLinked":true},"readmore_hover_border_color":"#14abf4","_padding":{"unit":"px","top":"30","right":"60","bottom":"30","left":"60","isLinked":false},"_background_hover_background":"classic","_border_border":"solid","_border_width":{"unit":"px","top":"1","right":"1","bottom":"1","left":"1","isLinked":true},"_border_color":"#c9e9fc","_border_hover_border":"solid","_border_hover_width":{"unit":"px","top":"1","right":"1","bottom":"1","left":"1","isLinked":true},"_border_hover_color":"#c9e9fc","image_width":{"unit":"%","size":80},"_box_shadow_hover_box_shadow":{"horizontal":0,"vertical":10,"blur":20,"spread":0,"color":"rgba(63,184,253,0.05)"},"icon_color":"#ffffff","icon_background":"#14abf4","icon_radius":{"unit":"px","top":"0","right":"0","bottom":"0","left":"0","isLinked":true},"_background_background":"classic","icon_background_background":"classic","icon_background_color":"#304356","top_icon_vertical_offset":{"unit":"px","size":66},"rotate":{"unit":"deg","size":314},"icon_background_rotate":{"unit":"deg","size":45},"icon_hover_color":"#ffffff","icon_hover_background_background":"classic","icon_hover_background_color":"#7f9cb9","icon_hover_rotate":{"unit":"deg","size":225},"icon_hover_background_rotate":{"unit":"deg","size":135},"readmore_text_color":"#3fb8fd","readmore_typography_font_weight":"600","readmore_hover_shadow_box_shadow_type":"yes","readmore_hover_shadow_box_shadow":{"horizontal":0,"vertical":1,"blur":0,"spread":0,"color":"#10002d"},"_box_shadow_hover_box_shadow_type":"yes","badge_text":"OPPS!!","top_icon_vertical_offset_tablet":{"unit":"px","size":58},"icon_radius_advanced":"75% 25% 43% 57% \/ 46% 29% 71% 54%","element_pack_widget_tooltip":"","element_pack_widget_tooltip_placement":"top","element_pack_widget_tooltip_animation":"shift-toward","element_pack_widget_tooltip_x_offset":0,"element_pack_widget_tooltip_y_offset":0,"element_pack_widget_tooltip_arrow":"","element_pack_widget_tooltip_width":{"unit":"px","size":""},"element_pack_widget_tooltip_width_tablet":{"unit":"px","size":""},"element_pack_widget_tooltip_width_mobile":{"unit":"px","size":""},"element_pack_widget_tooltip_color":"","element_pack_widget_tooltip_background_background":"","element_pack_widget_tooltip_background_color":"","element_pack_widget_tooltip_background_color_stop":{"unit":"%","size":0},"element_pack_widget_tooltip_background_color_b":"#f2295b","element_pack_widget_tooltip_background_color_b_stop":{"unit":"%","size":100},"element_pack_widget_tooltip_background_gradient_type":"linear","element_pack_widget_tooltip_background_gradient_angle":{"unit":"deg","size":180},"element_pack_widget_tooltip_background_gradient_position":"center center","element_pack_widget_tooltip_background_image":{"url":"","id":""},"element_pack_widget_tooltip_background_image_tablet":{"url":"","id":""},"element_pack_widget_tooltip_background_image_mobile":{"url":"","id":""},"element_pack_widget_tooltip_background_position":"","element_pack_widget_tooltip_background_position_tablet":"","element_pack_widget_tooltip_background_position_mobile":"","element_pack_widget_tooltip_background_xpos":{"unit":"px","size":0},"element_pack_widget_tooltip_background_xpos_tablet":{"unit":"px","size":0},"element_pack_widget_tooltip_background_xpos_mobile":{"unit":"px","size":0},"element_pack_widget_tooltip_background_ypos":{"unit":"px","size":0},"element_pack_widget_tooltip_background_ypos_tablet":{"unit":"px","size":0},"element_pack_widget_tooltip_background_ypos_mobile":{"unit":"px","size":0},"element_pack_widget_tooltip_background_attachment":"","element_pack_widget_tooltip_background_repeat":"","element_pack_widget_tooltip_background_repeat_tablet":"","element_pack_widget_tooltip_background_repeat_mobile":"","element_pack_widget_tooltip_background_size":"","element_pack_widget_tooltip_background_size_tablet":"","element_pack_widget_tooltip_background_size_mobile":"","element_pack_widget_tooltip_background_bg_width":{"unit":"%","size":100},"element_pack_widget_tooltip_background_bg_width_tablet":{"unit":"px","size":""},"element_pack_widget_tooltip_background_bg_width_mobile":{"unit":"px","size":""},"element_pack_widget_tooltip_background_video_link":"","element_pack_widget_tooltip_background_video_start":"","element_pack_widget_tooltip_background_video_end":"","element_pack_widget_tooltip_background_video_fallback":{"url":"","id":""},"element_pack_widget_tooltip_arrow_color":"","element_pack_widget_tooltip_padding":{"unit":"px","top":"","right":"","bottom":"","left":"","isLinked":true},"element_pack_widget_tooltip_padding_tablet":{"unit":"px","top":"","right":"","bottom":"","left":"","isLinked":true},"element_pack_widget_tooltip_padding_mobile":{"unit":"px","top":"","right":"","bottom":"","left":"","isLinked":true},"element_pack_widget_tooltip_border_border":"","element_pack_widget_tooltip_border_width":{"unit":"px","top":"","right":"","bottom":"","left":"","isLinked":true},"element_pack_widget_tooltip_border_width_tablet":{"unit":"px","top":"","right":"","bottom":"","left":"","isLinked":true},"element_pack_widget_tooltip_border_width_mobile":{"unit":"px","top":"","right":"","bottom":"","left":"","isLinked":true},"element_pack_widget_tooltip_border_color":"","element_pack_widget_tooltip_border_radius":{"unit":"px","top":"","right":"","bottom":"","left":"","isLinked":true},"element_pack_widget_tooltip_border_radius_tablet":{"unit":"px","top":"","right":"","bottom":"","left":"","isLinked":true},"element_pack_widget_tooltip_border_radius_mobile":{"unit":"px","top":"","right":"","bottom":"","left":"","isLinked":true},"element_pack_widget_tooltip_text_align":"center","element_pack_widget_tooltip_box_shadow_box_shadow_type":"","element_pack_widget_tooltip_box_shadow_box_shadow":{"horizontal":0,"vertical":0,"blur":10,"spread":0,"color":"rgba(0,0,0,0.5)"},"element_pack_widget_tooltip_box_shadow_box_shadow_position":" ","element_pack_widget_tooltip_typography_typography":"","element_pack_widget_tooltip_typography_font_family":"","element_pack_widget_tooltip_typography_font_size":{"unit":"px","size":""},"element_pack_widget_tooltip_typography_font_size_tablet":{"unit":"px","size":""},"element_pack_widget_tooltip_typography_font_size_mobile":{"unit":"px","size":""},"element_pack_widget_tooltip_typography_font_weight":"","element_pack_widget_tooltip_typography_text_transform":"","element_pack_widget_tooltip_typography_font_style":"","element_pack_widget_tooltip_typography_text_decoration":"","element_pack_widget_tooltip_typography_line_height":{"unit":"em","size":""},"element_pack_widget_tooltip_typography_line_height_tablet":{"unit":"em","size":""},"element_pack_widget_tooltip_typography_line_height_mobile":{"unit":"em","size":""},"element_pack_widget_tooltip_typography_letter_spacing":{"unit":"px","size":""},"element_pack_widget_tooltip_typography_letter_spacing_tablet":{"unit":"px","size":""},"element_pack_widget_tooltip_typography_letter_spacing_mobile":{"unit":"px","size":""},"icon_padding_tablet":{"unit":"px","top":"15","right":"15","bottom":"15","left":"15","isLinked":true},"description_typography_font_size":{"unit":"px","size":15,"sizes":[]},"_background_color":"#ffffff","_border_radius":{"unit":"px","top":"10","right":"10","bottom":"10","left":"10","isLinked":true},"title_typography_font_family":"Poppins","description_typography_typography":"custom","description_typography_font_family":"Open Sans","readmore_shadow_box_shadow_type":"yes","readmore_shadow_box_shadow":{"horizontal":0,"vertical":1,"blur":0,"spread":0,"color":"#3fb8fd"},"_margin_mobile":{"unit":"px","top":"0","right":"0","bottom":"0","left":"0","isLinked":false},"readmore":"","selected_icon":{"value":"fas fa-mobile-alt","library":"fa-solid"},"__fa4_migrated":{"selected_icon":true}},"elements":[],"isInner":false,"widgetType":"bdt-advanced-icon-box","elType":"widget"}],"isInner":true,"elType":"column"},{"id":"73d2282e","settings":{"_column_size":33,"_inline_size":null,"_inline_size_tablet":50,"background_background":"classic","background_color":"#34475a","padding":{"unit":"px","top":"100","right":"80","bottom":"80","left":"80","isLinked":false},"padding_tablet":{"unit":"px","top":"50","right":"50","bottom":"50","left":"50","isLinked":false},"padding_mobile":{"unit":"px","top":"50","right":"50","bottom":"50","left":"50","isLinked":true}},"elements":[{"id":"10fe5fb4","settings":{"icon":"fa fa-map-marker","image":{"url":"","id":""},"title_text":"Location Map","description_text":"1995\/2 Latifpur, Bogra \u2013 5800, Bangladesh Get Google Map Direction","readmore_text":"Read More","icon_space":{"unit":"px","size":25},"title_bottom_space":{"unit":"px","size":10},"readmore_spacing":{"unit":"px","size":30},"element_pack_widget_tooltip_text":"This is Tooltip","left_icon_horizontal_offset":{"unit":"px","size":""},"left_right_icon_vertical_offset":{"unit":"px","size":7},"icon_padding":{"unit":"px","top":"20","right":"20","bottom":"20","left":"20","isLinked":true},"icon_size":{"unit":"px","size":30},"icon_size_tablet":{"unit":"px","size":25},"title_typography_typography":"custom","title_typography_font_size":{"unit":"px","size":20},"title_typography_font_size_tablet":{"unit":"px","size":20},"readmore_border_width":{"unit":"px","top":"0","right":"0","bottom":"0","left":"0","isLinked":true},"readmore_padding":{"unit":"px","top":"0","right":"0","bottom":"0","left":"0","isLinked":false},"readmore_typography_typography":"custom","readmore_typography_font_size":{"unit":"px","size":14},"readmore_typography_text_transform":"capitalize","readmore_hover_text_color":"#10002d","readmore_hover_background_background":"classic","readmore_hover_background_color":"rgba(0,0,0,0)","readmore_hover_border_width":{"unit":"px","top":"0","right":"0","bottom":"0","left":"0","isLinked":true},"readmore_hover_border_color":"#14abf4","_padding":{"unit":"px","top":"30","right":"60","bottom":"30","left":"60","isLinked":false},"_background_hover_background":"classic","_border_border":"solid","_border_width":{"unit":"px","top":"1","right":"1","bottom":"1","left":"1","isLinked":true},"_border_color":"#c9e9fc","_border_hover_border":"solid","_border_hover_width":{"unit":"px","top":"1","right":"1","bottom":"1","left":"1","isLinked":true},"_border_hover_color":"#c9e9fc","image_width":{"unit":"%","size":80},"_box_shadow_hover_box_shadow":{"horizontal":0,"vertical":10,"blur":20,"spread":0,"color":"rgba(63,184,253,0.05)"},"icon_color":"#ffffff","icon_background":"#14abf4","icon_radius":{"unit":"px","top":"0","right":"0","bottom":"0","left":"0","isLinked":true},"_background_background":"classic","icon_background_background":"classic","icon_background_color":"#34475a","top_icon_vertical_offset":{"unit":"px","size":66},"rotate":{"unit":"deg","size":314},"icon_background_rotate":{"unit":"deg","size":45},"icon_hover_color":"#ffffff","icon_hover_background_background":"classic","icon_hover_background_color":"#7f9cb9","icon_hover_rotate":{"unit":"deg","size":225},"icon_hover_background_rotate":{"unit":"deg","size":135},"readmore_text_color":"#3fb8fd","readmore_typography_font_weight":"600","readmore_hover_shadow_box_shadow_type":"yes","readmore_hover_shadow_box_shadow":{"horizontal":0,"vertical":1,"blur":0,"spread":0,"color":"#10002d"},"_box_shadow_hover_box_shadow_type":"yes","badge_text":"OPPS!!","top_icon_vertical_offset_tablet":{"unit":"px","size":58},"icon_radius_advanced":"75% 25% 43% 57% \/ 46% 29% 71% 54%","element_pack_widget_tooltip":"","element_pack_widget_tooltip_placement":"top","element_pack_widget_tooltip_animation":"shift-toward","element_pack_widget_tooltip_x_offset":0,"element_pack_widget_tooltip_y_offset":0,"element_pack_widget_tooltip_arrow":"","element_pack_widget_tooltip_width":{"unit":"px","size":""},"element_pack_widget_tooltip_width_tablet":{"unit":"px","size":""},"element_pack_widget_tooltip_width_mobile":{"unit":"px","size":""},"element_pack_widget_tooltip_color":"","element_pack_widget_tooltip_background_background":"","element_pack_widget_tooltip_background_color":"","element_pack_widget_tooltip_background_color_stop":{"unit":"%","size":0},"element_pack_widget_tooltip_background_color_b":"#f2295b","element_pack_widget_tooltip_background_color_b_stop":{"unit":"%","size":100},"element_pack_widget_tooltip_background_gradient_type":"linear","element_pack_widget_tooltip_background_gradient_angle":{"unit":"deg","size":180},"element_pack_widget_tooltip_background_gradient_position":"center center","element_pack_widget_tooltip_background_image":{"url":"","id":""},"element_pack_widget_tooltip_background_image_tablet":{"url":"","id":""},"element_pack_widget_tooltip_background_image_mobile":{"url":"","id":""},"element_pack_widget_tooltip_background_position":"","element_pack_widget_tooltip_background_position_tablet":"","element_pack_widget_tooltip_background_position_mobile":"","element_pack_widget_tooltip_background_xpos":{"unit":"px","size":0},"element_pack_widget_tooltip_background_xpos_tablet":{"unit":"px","size":0},"element_pack_widget_tooltip_background_xpos_mobile":{"unit":"px","size":0},"element_pack_widget_tooltip_background_ypos":{"unit":"px","size":0},"element_pack_widget_tooltip_background_ypos_tablet":{"unit":"px","size":0},"element_pack_widget_tooltip_background_ypos_mobile":{"unit":"px","size":0},"element_pack_widget_tooltip_background_attachment":"","element_pack_widget_tooltip_background_repeat":"","element_pack_widget_tooltip_background_repeat_tablet":"","element_pack_widget_tooltip_background_repeat_mobile":"","element_pack_widget_tooltip_background_size":"","element_pack_widget_tooltip_background_size_tablet":"","element_pack_widget_tooltip_background_size_mobile":"","element_pack_widget_tooltip_background_bg_width":{"unit":"%","size":100},"element_pack_widget_tooltip_background_bg_width_tablet":{"unit":"px","size":""},"element_pack_widget_tooltip_background_bg_width_mobile":{"unit":"px","size":""},"element_pack_widget_tooltip_background_video_link":"","element_pack_widget_tooltip_background_video_start":"","element_pack_widget_tooltip_background_video_end":"","element_pack_widget_tooltip_background_video_fallback":{"url":"","id":""},"element_pack_widget_tooltip_arrow_color":"","element_pack_widget_tooltip_padding":{"unit":"px","top":"","right":"","bottom":"","left":"","isLinked":true},"element_pack_widget_tooltip_padding_tablet":{"unit":"px","top":"","right":"","bottom":"","left":"","isLinked":true},"element_pack_widget_tooltip_padding_mobile":{"unit":"px","top":"","right":"","bottom":"","left":"","isLinked":true},"element_pack_widget_tooltip_border_border":"","element_pack_widget_tooltip_border_width":{"unit":"px","top":"","right":"","bottom":"","left":"","isLinked":true},"element_pack_widget_tooltip_border_width_tablet":{"unit":"px","top":"","right":"","bottom":"","left":"","isLinked":true},"element_pack_widget_tooltip_border_width_mobile":{"unit":"px","top":"","right":"","bottom":"","left":"","isLinked":true},"element_pack_widget_tooltip_border_color":"","element_pack_widget_tooltip_border_radius":{"unit":"px","top":"","right":"","bottom":"","left":"","isLinked":true},"element_pack_widget_tooltip_border_radius_tablet":{"unit":"px","top":"","right":"","bottom":"","left":"","isLinked":true},"element_pack_widget_tooltip_border_radius_mobile":{"unit":"px","top":"","right":"","bottom":"","left":"","isLinked":true},"element_pack_widget_tooltip_text_align":"center","element_pack_widget_tooltip_box_shadow_box_shadow_type":"","element_pack_widget_tooltip_box_shadow_box_shadow":{"horizontal":0,"vertical":0,"blur":10,"spread":0,"color":"rgba(0,0,0,0.5)"},"element_pack_widget_tooltip_box_shadow_box_shadow_position":" ","element_pack_widget_tooltip_typography_typography":"","element_pack_widget_tooltip_typography_font_family":"","element_pack_widget_tooltip_typography_font_size":{"unit":"px","size":""},"element_pack_widget_tooltip_typography_font_size_tablet":{"unit":"px","size":""},"element_pack_widget_tooltip_typography_font_size_mobile":{"unit":"px","size":""},"element_pack_widget_tooltip_typography_font_weight":"","element_pack_widget_tooltip_typography_text_transform":"","element_pack_widget_tooltip_typography_font_style":"","element_pack_widget_tooltip_typography_text_decoration":"","element_pack_widget_tooltip_typography_line_height":{"unit":"em","size":""},"element_pack_widget_tooltip_typography_line_height_tablet":{"unit":"em","size":""},"element_pack_widget_tooltip_typography_line_height_mobile":{"unit":"em","size":""},"element_pack_widget_tooltip_typography_letter_spacing":{"unit":"px","size":""},"element_pack_widget_tooltip_typography_letter_spacing_tablet":{"unit":"px","size":""},"element_pack_widget_tooltip_typography_letter_spacing_mobile":{"unit":"px","size":""},"icon_padding_tablet":{"unit":"px","top":"15","right":"15","bottom":"15","left":"15","isLinked":true},"description_typography_font_size":{"unit":"px","size":15,"sizes":[]},"_background_color":"#ffffff","_border_radius":{"unit":"px","top":"10","right":"10","bottom":"10","left":"10","isLinked":true},"title_typography_font_family":"Poppins","description_typography_typography":"custom","description_typography_font_family":"Open Sans","readmore_shadow_box_shadow_type":"yes","readmore_shadow_box_shadow":{"horizontal":0,"vertical":1,"blur":0,"spread":0,"color":"#3fb8fd"},"readmore":"","_margin_mobile":{"unit":"px","top":"0","right":"0","bottom":"0","left":"0","isLinked":false},"selected_icon":{"value":"fas fa-map-marker-alt","library":"fa-solid"},"__fa4_migrated":{"selected_icon":true}},"elements":[],"isInner":false,"widgetType":"bdt-advanced-icon-box","elType":"widget"}],"isInner":true,"elType":"column"},{"id":"1cc52dda","settings":{"_column_size":33,"_inline_size":null,"_inline_size_tablet":50,"background_background":"classic","background_color":"#304356","padding":{"unit":"px","top":"100","right":"80","bottom":"80","left":"80","isLinked":false},"padding_tablet":{"unit":"px","top":"50","right":"50","bottom":"50","left":"50","isLinked":true},"padding_mobile":{"unit":"px","top":"50","right":"50","bottom":"50","left":"50","isLinked":true}},"elements":[{"id":"c63dafc","settings":{"icon":"fa fa-envelope-o","image":{"url":"","id":""},"title_text":"Email Adress","description_text":"Even you can email us for take an appointment. info@rooten-theme.com","readmore_text":"Read More","icon_space":{"unit":"px","size":25},"title_bottom_space":{"unit":"px","size":10},"readmore_spacing":{"unit":"px","size":30},"element_pack_widget_tooltip_text":"This is Tooltip","left_icon_horizontal_offset":{"unit":"px","size":""},"left_right_icon_vertical_offset":{"unit":"px","size":7},"icon_padding":{"unit":"px","top":"20","right":"20","bottom":"20","left":"20","isLinked":true},"icon_size":{"unit":"px","size":30},"icon_size_tablet":{"unit":"px","size":25},"title_typography_typography":"custom","title_typography_font_size":{"unit":"px","size":20},"title_typography_font_size_tablet":{"unit":"px","size":20},"readmore_border_width":{"unit":"px","top":"0","right":"0","bottom":"0","left":"0","isLinked":true},"readmore_padding":{"unit":"px","top":"0","right":"0","bottom":"0","left":"0","isLinked":false},"readmore_typography_typography":"custom","readmore_typography_font_size":{"unit":"px","size":14},"readmore_typography_text_transform":"capitalize","readmore_hover_text_color":"#10002d","readmore_hover_background_background":"classic","readmore_hover_background_color":"rgba(0,0,0,0)","readmore_hover_border_width":{"unit":"px","top":"0","right":"0","bottom":"0","left":"0","isLinked":true},"readmore_hover_border_color":"#14abf4","_padding":{"unit":"px","top":"30","right":"60","bottom":"30","left":"60","isLinked":false},"_background_hover_background":"classic","_border_border":"solid","_border_width":{"unit":"px","top":"1","right":"1","bottom":"1","left":"1","isLinked":true},"_border_color":"#c9e9fc","_border_hover_border":"solid","_border_hover_width":{"unit":"px","top":"1","right":"1","bottom":"1","left":"1","isLinked":true},"_border_hover_color":"#c9e9fc","image_width":{"unit":"%","size":80},"_box_shadow_hover_box_shadow":{"horizontal":0,"vertical":10,"blur":20,"spread":0,"color":"rgba(63,184,253,0.05)"},"icon_color":"#ffffff","icon_background":"#14abf4","icon_radius":{"unit":"px","top":"0","right":"0","bottom":"0","left":"0","isLinked":true},"_background_background":"classic","icon_background_background":"classic","icon_background_color":"#304356","top_icon_vertical_offset":{"unit":"px","size":66},"rotate":{"unit":"deg","size":314},"icon_background_rotate":{"unit":"deg","size":45},"icon_hover_color":"#ffffff","icon_hover_background_background":"classic","icon_hover_background_color":"#7f9cb9","icon_hover_rotate":{"unit":"deg","size":225},"icon_hover_background_rotate":{"unit":"deg","size":135},"readmore_text_color":"#3fb8fd","readmore_typography_font_weight":"600","readmore_hover_shadow_box_shadow_type":"yes","readmore_hover_shadow_box_shadow":{"horizontal":0,"vertical":1,"blur":0,"spread":0,"color":"#10002d"},"_box_shadow_hover_box_shadow_type":"yes","badge_text":"OPPS!!","top_icon_vertical_offset_tablet":{"unit":"px","size":58},"icon_radius_advanced":"75% 25% 43% 57% \/ 46% 29% 71% 54%","element_pack_widget_tooltip":"","element_pack_widget_tooltip_placement":"top","element_pack_widget_tooltip_animation":"shift-toward","element_pack_widget_tooltip_x_offset":0,"element_pack_widget_tooltip_y_offset":0,"element_pack_widget_tooltip_arrow":"","element_pack_widget_tooltip_width":{"unit":"px","size":""},"element_pack_widget_tooltip_width_tablet":{"unit":"px","size":""},"element_pack_widget_tooltip_width_mobile":{"unit":"px","size":""},"element_pack_widget_tooltip_color":"","element_pack_widget_tooltip_background_background":"","element_pack_widget_tooltip_background_color":"","element_pack_widget_tooltip_background_color_stop":{"unit":"%","size":0},"element_pack_widget_tooltip_background_color_b":"#f2295b","element_pack_widget_tooltip_background_color_b_stop":{"unit":"%","size":100},"element_pack_widget_tooltip_background_gradient_type":"linear","element_pack_widget_tooltip_background_gradient_angle":{"unit":"deg","size":180},"element_pack_widget_tooltip_background_gradient_position":"center center","element_pack_widget_tooltip_background_image":{"url":"","id":""},"element_pack_widget_tooltip_background_image_tablet":{"url":"","id":""},"element_pack_widget_tooltip_background_image_mobile":{"url":"","id":""},"element_pack_widget_tooltip_background_position":"","element_pack_widget_tooltip_background_position_tablet":"","element_pack_widget_tooltip_background_position_mobile":"","element_pack_widget_tooltip_background_xpos":{"unit":"px","size":0},"element_pack_widget_tooltip_background_xpos_tablet":{"unit":"px","size":0},"element_pack_widget_tooltip_background_xpos_mobile":{"unit":"px","size":0},"element_pack_widget_tooltip_background_ypos":{"unit":"px","size":0},"element_pack_widget_tooltip_background_ypos_tablet":{"unit":"px","size":0},"element_pack_widget_tooltip_background_ypos_mobile":{"unit":"px","size":0},"element_pack_widget_tooltip_background_attachment":"","element_pack_widget_tooltip_background_repeat":"","element_pack_widget_tooltip_background_repeat_tablet":"","element_pack_widget_tooltip_background_repeat_mobile":"","element_pack_widget_tooltip_background_size":"","element_pack_widget_tooltip_background_size_tablet":"","element_pack_widget_tooltip_background_size_mobile":"","element_pack_widget_tooltip_background_bg_width":{"unit":"%","size":100},"element_pack_widget_tooltip_background_bg_width_tablet":{"unit":"px","size":""},"element_pack_widget_tooltip_background_bg_width_mobile":{"unit":"px","size":""},"element_pack_widget_tooltip_background_video_link":"","element_pack_widget_tooltip_background_video_start":"","element_pack_widget_tooltip_background_video_end":"","element_pack_widget_tooltip_background_video_fallback":{"url":"","id":""},"element_pack_widget_tooltip_arrow_color":"","element_pack_widget_tooltip_padding":{"unit":"px","top":"","right":"","bottom":"","left":"","isLinked":true},"element_pack_widget_tooltip_padding_tablet":{"unit":"px","top":"","right":"","bottom":"","left":"","isLinked":true},"element_pack_widget_tooltip_padding_mobile":{"unit":"px","top":"","right":"","bottom":"","left":"","isLinked":true},"element_pack_widget_tooltip_border_border":"","element_pack_widget_tooltip_border_width":{"unit":"px","top":"","right":"","bottom":"","left":"","isLinked":true},"element_pack_widget_tooltip_border_width_tablet":{"unit":"px","top":"","right":"","bottom":"","left":"","isLinked":true},"element_pack_widget_tooltip_border_width_mobile":{"unit":"px","top":"","right":"","bottom":"","left":"","isLinked":true},"element_pack_widget_tooltip_border_color":"","element_pack_widget_tooltip_border_radius":{"unit":"px","top":"","right":"","bottom":"","left":"","isLinked":true},"element_pack_widget_tooltip_border_radius_tablet":{"unit":"px","top":"","right":"","bottom":"","left":"","isLinked":true},"element_pack_widget_tooltip_border_radius_mobile":{"unit":"px","top":"","right":"","bottom":"","left":"","isLinked":true},"element_pack_widget_tooltip_text_align":"center","element_pack_widget_tooltip_box_shadow_box_shadow_type":"","element_pack_widget_tooltip_box_shadow_box_shadow":{"horizontal":0,"vertical":0,"blur":10,"spread":0,"color":"rgba(0,0,0,0.5)"},"element_pack_widget_tooltip_box_shadow_box_shadow_position":" ","element_pack_widget_tooltip_typography_typography":"","element_pack_widget_tooltip_typography_font_family":"","element_pack_widget_tooltip_typography_font_size":{"unit":"px","size":""},"element_pack_widget_tooltip_typography_font_size_tablet":{"unit":"px","size":""},"element_pack_widget_tooltip_typography_font_size_mobile":{"unit":"px","size":""},"element_pack_widget_tooltip_typography_font_weight":"","element_pack_widget_tooltip_typography_text_transform":"","element_pack_widget_tooltip_typography_font_style":"","element_pack_widget_tooltip_typography_text_decoration":"","element_pack_widget_tooltip_typography_line_height":{"unit":"em","size":""},"element_pack_widget_tooltip_typography_line_height_tablet":{"unit":"em","size":""},"element_pack_widget_tooltip_typography_line_height_mobile":{"unit":"em","size":""},"element_pack_widget_tooltip_typography_letter_spacing":{"unit":"px","size":""},"element_pack_widget_tooltip_typography_letter_spacing_tablet":{"unit":"px","size":""},"element_pack_widget_tooltip_typography_letter_spacing_mobile":{"unit":"px","size":""},"icon_padding_tablet":{"unit":"px","top":"15","right":"15","bottom":"15","left":"15","isLinked":true},"description_typography_font_size":{"unit":"px","size":15,"sizes":[]},"_background_color":"#ffffff","_border_radius":{"unit":"px","top":"10","right":"10","bottom":"10","left":"10","isLinked":true},"title_typography_font_family":"Poppins","description_typography_typography":"custom","description_typography_font_family":"Open Sans","readmore_shadow_box_shadow_type":"yes","readmore_shadow_box_shadow":{"horizontal":0,"vertical":1,"blur":0,"spread":0,"color":"#3fb8fd"},"_margin_mobile":{"unit":"px","top":"0","right":"0","bottom":"0","left":"0","isLinked":false},"readmore":"","selected_icon":{"value":"far fa-envelope","library":"fa-regular"},"__fa4_migrated":{"selected_icon":true}},"elements":[],"isInner":false,"widgetType":"bdt-advanced-icon-box","elType":"widget"}],"isInner":true,"elType":"column"}],"isInner":true,"elType":"section"},{"id":"2b7b62e4","settings":{"content_width":{"unit":"px","size":570,"sizes":[]},"gap":"no","background_background":"classic","background_color":"#304356","padding":{"unit":"px","top":"80","right":"0","bottom":"80","left":"0","isLinked":false},"padding_mobile":{"unit":"px","top":"0","right":"50","bottom":"50","left":"50","isLinked":false}},"elements":[{"id":"7f562eb3","settings":{"_column_size":100},"elements":[{"id":"55740e75","settings":{"editor":"<p>\u00a9 Copyright 2019 All Rights Reserved by <a href=\"https:\/\/bdthemes.com\/\" target=\"_blank\" rel=\"noopener\">bdthemes.com<\/a><\/p>","align":"center","text_color":"rgba(255,255,255,0.8)","align_tablet":"left","align_mobile":"center","_padding_mobile":{"unit":"px","top":"0","right":"0","bottom":"0","left":"0","isLinked":false}},"elements":[],"isInner":false,"widgetType":"text-editor","elType":"widget"},{"id":"173375c6","settings":{"social_icon_list":[{"social":"fa fa-facebook","_id":"e844ad0","link":{"url":"#","is_external":"true","nofollow":""},"social_icon":{"value":"fab fa-wordpress","library":"fa-brands"},"item_icon_color":"default","item_icon_primary_color":"","item_icon_secondary_color":""},{"social":"fa fa-twitter","_id":"5b0a563","link":{"url":"#","is_external":"true","nofollow":""},"social_icon":{"value":"fab fa-wordpress","library":"fa-brands"},"item_icon_color":"default","item_icon_primary_color":"","item_icon_secondary_color":""},{"social":"fa fa-google-plus","_id":"bf55821","link":{"url":"#","is_external":"true","nofollow":""},"social_icon":{"value":"fab fa-wordpress","library":"fa-brands"},"item_icon_color":"default","item_icon_primary_color":"","item_icon_secondary_color":""},{"social":"fa fa-linkedin","_id":"98537db","link":{"url":"#","is_external":"true","nofollow":""},"social_icon":{"value":"fab fa-wordpress","library":"fa-brands"},"item_icon_color":"default","item_icon_primary_color":"","item_icon_secondary_color":""}],"align_mobile":"center","icon_color":"custom","icon_primary_color":"#46627d","icon_size":{"unit":"px","size":15,"sizes":[]},"icon_size_mobile":{"unit":"px","size":13,"sizes":[]},"icon_padding":{"unit":"em","size":0.90000000000000002220446049250313080847263336181640625,"sizes":[]},"icon_spacing":{"unit":"px","size":7,"sizes":[]},"icon_spacing_mobile":{"unit":"px","size":8,"sizes":[]},"hover_animation":"push","align_tablet":"left"},"elements":[],"isInner":false,"widgetType":"social-icons","elType":"widget"}],"isInner":true,"elType":"column"}],"isInner":true,"elType":"section"}],"isInner":false,"elType":"column"}],"isInner":false,"elType":"section"}]}