{"version":"0.4","title":"Footer Demo Set 15-1","type":"section","content":[{"id":"e569015","settings":{"layout":"full_width","background_background":"classic","background_color":"#304356","padding":{"unit":"px","top":"100","right":"0","bottom":"100","left":"0","isLinked":false},"padding_tablet":{"unit":"px","top":"80","right":"30","bottom":"80","left":"30","isLinked":false},"padding_mobile":{"unit":"px","top":"50","right":"15","bottom":"50","left":"15","isLinked":false}},"elements":[{"id":"607cc515","settings":{"_column_size":100,"_inline_size_tablet":100},"elements":[{"id":"31f7ecb1","settings":{"content_width":{"unit":"px","size":1600,"sizes":[]},"gap":"wider","structure":"50"},"elements":[{"id":"18507b3c","settings":{"_column_size":20,"_inline_size":29.047000000000000596855898038484156131744384765625,"_inline_size_tablet":50},"elements":[{"id":"2e50c241","settings":{"title":"MEDILIFE","header_size":"h3","title_color":"#ffffff","typography_typography":"custom","typography_font_size":{"unit":"px","size":18,"sizes":[]},"_margin":{"unit":"px","top":"0","right":"0","bottom":"15","left":"0","isLinked":false}},"elements":[],"isInner":false,"widgetType":"heading","elType":"widget"},{"id":"47e2ea4a","settings":{"editor":"<p>A wonderful serenity has taken possession of my entire soul. I should be of drawing. A wonderful serenity has taken possession of my entire soul, like these sweet.<\/p><p>Cinnamon, mug con panna a, barista so, rich and spoon sit seasonal, viennese barista cinnamon<\/p>","align":"left","text_color":"rgba(255,255,255,0.8)","align_tablet":"left","align_mobile":"left","_padding_mobile":{"unit":"px","top":"0","right":"0","bottom":"0","left":"0","isLinked":false}},"elements":[],"isInner":false,"widgetType":"text-editor","elType":"widget"}],"isInner":true,"elType":"column"},{"id":"ee3a5b9","settings":{"_column_size":20,"_inline_size":10.95100000000000051159076974727213382720947265625,"_inline_size_tablet":25},"elements":[{"id":"1f7c96d8","settings":{"title":"PAGES","title_color":"#ffffff","typography_typography":"custom","typography_font_size":{"unit":"px","size":18,"sizes":[]},"header_size":"h3","_margin":{"unit":"px","top":"0","right":"0","bottom":"15","left":"0","isLinked":false}},"elements":[],"isInner":false,"widgetType":"heading","elType":"widget"},{"id":"557cb653","settings":{"navs":[{"nav_title":"HOME","nav_link":{"url":"#section-1"},"_id":"f1c5b54","nav_icon":""},{"nav_title":"ABOUT US","nav_link":{"url":"#section-1"},"_id":"f6ef8ea","nav_icon":""},{"nav_title":"SERVICES","nav_link":{"url":"#section-1"},"_id":"921c2fe","nav_icon":""},{"nav_title":"APPOINTMENT","nav_link":{"url":"#section-1"},"_id":"6895efc","nav_icon":""},{"nav_title":"CONTACT US","nav_link":{"url":"#section-1"},"_id":"6b99b65","nav_icon":""}],"vertical_nav":"yes","icon_indent":{"unit":"px","size":50,"sizes":[]},"nav_color":"rgba(255,255,255,0.8)","nav_typography_typography":"custom","nav_typography_font_family":"Poppins","nav_typography_font_size":{"unit":"px","size":14,"sizes":[]},"nav_typography_font_weight":"400","nav_hover_color":"#66cc66"},"elements":[],"isInner":false,"widgetType":"bdt-scrollnav","elType":"widget"}],"isInner":true,"elType":"column"},{"id":"13487392","settings":{"_column_size":20,"_inline_size":11.8759999999999994457766661071218550205230712890625,"padding":{"unit":"px","top":"83","right":"0","bottom":"0","left":"0","isLinked":false},"_inline_size_tablet":25,"padding_tablet":{"unit":"px","top":"80","right":"0","bottom":"0","left":"30","isLinked":false},"padding_mobile":{"unit":"px","top":"0","right":"0","bottom":"0","left":"30","isLinked":false}},"elements":[{"id":"230b8659","settings":{"navs":[{"nav_title":" PRIVACY POLICY","nav_link":{"url":"#section-1"},"_id":"f1c5b54","nav_icon":""},{"nav_title":" TERMS & CONDITION","nav_link":{"url":"#section-1"},"_id":"f6ef8ea","nav_icon":""},{"nav_title":"FEATURES","nav_link":{"url":"#section-1"},"_id":"921c2fe","nav_icon":""},{"nav_title":"SUPPORT","nav_link":{"url":"#section-1"},"_id":"6895efc","nav_icon":""},{"nav_title":"CHANGE LOG","nav_link":{"url":"#section-1"},"_id":"6b99b65","nav_icon":""}],"vertical_nav":"yes","icon_indent":{"unit":"px","size":50,"sizes":[]},"nav_color":"rgba(255,255,255,0.8)","nav_typography_typography":"custom","nav_typography_font_family":"Poppins","nav_typography_font_size":{"unit":"px","size":14,"sizes":[]},"nav_typography_font_weight":"400","nav_hover_color":"#66cc66"},"elements":[],"isInner":false,"widgetType":"bdt-scrollnav","elType":"widget"}],"isInner":true,"elType":"column"},{"id":"13e49865","settings":{"_column_size":20,"_inline_size":23.071000000000001506350599811412394046783447265625,"_inline_size_tablet":100},"elements":[{"id":"68e20bd3","settings":{"title":"RECENT NEWS","title_color":"#ffffff","typography_typography":"custom","typography_font_size":{"unit":"px","size":18,"sizes":[]},"header_size":"h3","_margin":{"unit":"px","top":"0","right":"0","bottom":"15","left":"0","isLinked":false}},"elements":[],"isInner":false,"widgetType":"heading","elType":"widget"},{"id":"4b6a0fb6","settings":{"posts_limit":2,"list_layout_title_color":"rgba(255,255,255,0.8)","divider_color":"rgba(35,164,85,0.3)","list_layout_image_size":{"unit":"px","size":110,"sizes":[]},"image_border_width":{"unit":"px","top":"0","right":"0","bottom":"0","left":"0","isLinked":true},"image_border_color":"#66cc66","date_color":"rgba(255,255,255,0.8)","category_color":"rgba(255,255,255,0.8)","image_radius":{"unit":"px","top":"5","right":"5","bottom":"5","left":"5","isLinked":true}},"elements":[],"isInner":false,"widgetType":"bdt-post-list","elType":"widget"}],"isInner":true,"elType":"column"},{"id":"25a83847","settings":{"_column_size":20,"_inline_size":25.050000000000000710542735760100185871124267578125,"_inline_size_tablet":100},"elements":[{"id":"290ad857","settings":{"title":"NEWSLETTER","title_color":"#ffffff","typography_typography":"custom","typography_font_size":{"unit":"px","size":18,"sizes":[]},"header_size":"h3","_margin":{"unit":"px","top":"0","right":"0","bottom":"15","left":"0","isLinked":false}},"elements":[],"isInner":false,"widgetType":"heading","elType":"widget"},{"id":"45a44b12","settings":{"editor":"<p>Recieve our latest news straight to your inbox<\/p>","align":"left","text_color":"rgba(255,255,255,0.8)","align_tablet":"left","align_mobile":"left","_padding_mobile":{"unit":"px","top":"0","right":"0","bottom":"0","left":"0","isLinked":false}},"elements":[],"isInner":false,"widgetType":"text-editor","elType":"widget"},{"id":"5be31933","settings":{"email_field_placeholder":"Email *","button_text":"SIGNUP","space":"collapse","input_radius":{"unit":"px","top":"5","right":"0","bottom":"0","left":"5","isLinked":false},"input_padding":{"unit":"px","top":"28","right":"28","bottom":"28","left":"28","isLinked":true},"button_text_color":"#ffffff","background_color":"#66cc66","border_border":"solid","border_width":{"unit":"px","top":"0","right":"0","bottom":"0","left":"2","isLinked":false},"border_color":"#66cc66","radius":{"unit":"px","top":"0","right":"5","bottom":"5","left":"0","isLinked":false},"text_padding":{"unit":"px","top":"8","right":"50","bottom":"8","left":"50","isLinked":false},"button_background_hover_color":"#00cc00","input_background":"rgba(255,255,255,0.97)","input_placeholder_color":"#000000","button_typography_typography":"custom","button_typography_font_size":{"unit":"px","size":13},"button_typography_font_weight":"600","hover_color":"#ffffff","button_hover_border_color":"#00cc00"},"elements":[],"isInner":false,"widgetType":"bdt-mailchimp","elType":"widget"}],"isInner":true,"elType":"column"}],"isInner":true,"elType":"section"},{"id":"181988c2","settings":{"content_width":{"unit":"px","size":1600,"sizes":[]}},"elements":[{"id":"77c451a2","settings":{"_column_size":100,"_inline_size":null,"border_border":"solid","border_width":{"unit":"px","top":"1","right":"0","bottom":"0","left":"0","isLinked":false},"border_color":"rgba(35,164,85,0.3)","padding_mobile":{"unit":"px","top":"0","right":"0","bottom":"0","left":"30","isLinked":false}},"elements":[{"id":"2659fd1f","settings":{"editor":"<p>\u00a9 Copyright 2019 All Rights Reserved by <a href=\"http:\/\/bdthemes.com\" target=\"_blank\" rel=\"noopener\">bdthemes.com<\/a><\/p>","align":"center","text_color":"rgba(255,255,255,0.8)","align_tablet":"left","align_mobile":"left","_padding_mobile":{"unit":"px","top":"0","right":"0","bottom":"0","left":"0","isLinked":false},"_margin":{"unit":"px","top":"30","right":"0","bottom":"0","left":"0","isLinked":false}},"elements":[],"isInner":false,"widgetType":"text-editor","elType":"widget"},{"id":"544ead3d","settings":{"social_icon_list":[{"social":"fa fa-facebook","_id":"e844ad0","link":{"url":"#","is_external":"true","nofollow":""},"social_icon":{"value":"fab fa-wordpress","library":"fa-brands"},"item_icon_color":"default","item_icon_primary_color":"","item_icon_secondary_color":""},{"social":"fa fa-twitter","_id":"5b0a563","link":{"url":"#","is_external":"true","nofollow":""},"social_icon":{"value":"fab fa-wordpress","library":"fa-brands"},"item_icon_color":"default","item_icon_primary_color":"","item_icon_secondary_color":""},{"social":"fa fa-google-plus","_id":"bf55821","link":{"url":"#","is_external":"true","nofollow":""},"social_icon":{"value":"fab fa-wordpress","library":"fa-brands"},"item_icon_color":"default","item_icon_primary_color":"","item_icon_secondary_color":""},{"social":"fa fa-linkedin","_id":"98537db","link":{"url":"#","is_external":"true","nofollow":""},"social_icon":{"value":"fab fa-wordpress","library":"fa-brands"},"item_icon_color":"default","item_icon_primary_color":"","item_icon_secondary_color":""}],"align_mobile":"left","icon_color":"custom","icon_primary_color":"#46627d","icon_size":{"unit":"px","size":15,"sizes":[]},"icon_size_mobile":{"unit":"px","size":13,"sizes":[]},"icon_padding":{"unit":"em","size":0.90000000000000002220446049250313080847263336181640625,"sizes":[]},"icon_spacing":{"unit":"px","size":7,"sizes":[]},"icon_spacing_mobile":{"unit":"px","size":8,"sizes":[]},"hover_animation":"push","align_tablet":"left"},"elements":[],"isInner":false,"widgetType":"social-icons","elType":"widget"}],"isInner":true,"elType":"column"}],"isInner":true,"elType":"section"}],"isInner":false,"elType":"column"}],"isInner":false,"elType":"section"}],"page_settings":{"background_color_stop":{"unit":"%","size":"0","sizes":[]},"background_color_b_stop":{"unit":"%","size":"100","sizes":[]},"background_gradient_angle":{"unit":"deg","size":"180","sizes":[]},"background_xpos":{"unit":"px","size":"0","sizes":[]},"background_xpos_tablet":{"unit":"px","size":"0","sizes":[]},"background_xpos_mobile":{"unit":"px","size":"0","sizes":[]},"background_ypos":{"unit":"px","size":"0","sizes":[]},"background_ypos_tablet":{"unit":"px","size":"0","sizes":[]},"background_ypos_mobile":{"unit":"px","size":"0","sizes":[]},"background_bg_width":{"unit":"%","size":"100","sizes":[]},"background_bg_width_tablet":{"unit":"px","size":"","sizes":[]},"background_bg_width_mobile":{"unit":"px","size":"","sizes":[]},"element_pack_toolbar_typography_font_size":{"unit":"px","size":"","sizes":[]},"element_pack_toolbar_typography_font_size_tablet":{"unit":"px","size":"","sizes":[]},"element_pack_toolbar_typography_font_size_mobile":{"unit":"px","size":"","sizes":[]},"element_pack_toolbar_typography_line_height":{"unit":"em","size":"","sizes":[]},"element_pack_toolbar_typography_line_height_tablet":{"unit":"em","size":"","sizes":[]},"element_pack_toolbar_typography_line_height_mobile":{"unit":"em","size":"","sizes":[]},"element_pack_toolbar_typography_letter_spacing":{"unit":"px","size":"","sizes":[]},"element_pack_toolbar_typography_letter_spacing_tablet":{"unit":"px","size":"","sizes":[]},"element_pack_toolbar_typography_letter_spacing_mobile":{"unit":"px","size":"","sizes":[]},"element_pack_global_tooltip_width":{"unit":"px","size":"","sizes":[]},"element_pack_global_tooltip_width_tablet":{"unit":"px","size":"","sizes":[]},"element_pack_global_tooltip_width_mobile":{"unit":"px","size":"","sizes":[]},"element_pack_global_tooltip_background_color_stop":{"unit":"%","size":"0","sizes":[]},"element_pack_global_tooltip_background_color_b_stop":{"unit":"%","size":"100","sizes":[]},"element_pack_global_tooltip_background_gradient_angle":{"unit":"deg","size":"180","sizes":[]},"element_pack_global_tooltip_background_xpos":{"unit":"px","size":"0","sizes":[]},"element_pack_global_tooltip_background_xpos_tablet":{"unit":"px","size":"0","sizes":[]},"element_pack_global_tooltip_background_xpos_mobile":{"unit":"px","size":"0","sizes":[]},"element_pack_global_tooltip_background_ypos":{"unit":"px","size":"0","sizes":[]},"element_pack_global_tooltip_background_ypos_tablet":{"unit":"px","size":"0","sizes":[]},"element_pack_global_tooltip_background_ypos_mobile":{"unit":"px","size":"0","sizes":[]},"element_pack_global_tooltip_background_bg_width":{"unit":"%","size":"100","sizes":[]},"element_pack_global_tooltip_background_bg_width_tablet":{"unit":"px","size":"","sizes":[]},"element_pack_global_tooltip_background_bg_width_mobile":{"unit":"px","size":"","sizes":[]},"element_pack_global_tooltip_typography_font_size":{"unit":"px","size":"","sizes":[]},"element_pack_global_tooltip_typography_font_size_tablet":{"unit":"px","size":"","sizes":[]},"element_pack_global_tooltip_typography_font_size_mobile":{"unit":"px","size":"","sizes":[]},"element_pack_global_tooltip_typography_line_height":{"unit":"em","size":"","sizes":[]},"element_pack_global_tooltip_typography_line_height_tablet":{"unit":"em","size":"","sizes":[]},"element_pack_global_tooltip_typography_line_height_mobile":{"unit":"em","size":"","sizes":[]},"element_pack_global_tooltip_typography_letter_spacing":{"unit":"px","size":"","sizes":[]},"element_pack_global_tooltip_typography_letter_spacing_tablet":{"unit":"px","size":"","sizes":[]},"element_pack_global_tooltip_typography_letter_spacing_mobile":{"unit":"px","size":"","sizes":[]}}}