{"version":"0.4","title":"Footer Demo Set 15-5","type":"section","content":[{"id":"2faeecd3","settings":{"layout":"full_width","background_background":"classic","background_color":"#004274"},"elements":[{"id":"626ea1d9","settings":{"_column_size":100,"_inline_size_tablet":100,"_inline_size_mobile":100,"padding":{"unit":"px","top":"0","right":"0","bottom":"0","left":"0","isLinked":true}},"elements":[{"id":"6d804578","settings":{"content_width":{"unit":"px","size":1600,"sizes":[]},"gap":"wider","structure":"30","padding":{"unit":"px","top":"100","right":"0","bottom":"100","left":"0","isLinked":false},"padding_tablet":{"unit":"px","top":"80","right":"30","bottom":"80","left":"30","isLinked":false},"padding_mobile":{"unit":"px","top":"50","right":"15","bottom":"50","left":"15","isLinked":false}},"elements":[{"id":"f367adf","settings":{"_column_size":33,"_inline_size":30,"_inline_size_tablet":50,"_inline_size_mobile":100},"elements":[{"id":"3b3250e4","settings":{"title":"HIRE","header_size":"h3","title_color":"#ffffff","typography_typography":"custom","typography_font_size":{"unit":"px","size":18,"sizes":[]},"_margin":{"unit":"px","top":"0","right":"0","bottom":"15","left":"0","isLinked":false}},"elements":[],"isInner":false,"widgetType":"heading","elType":"widget"},{"id":"4b4a7199","settings":{"editor":"<p>One morning, when Gregor Samsa woke from troubled dreams, he found himself transformed in his bed into a horrible vermin. He lay on his armour-like back. and if he lifted his head a little<\/p>","align":"left","text_color":"rgba(255,255,255,0.8)","align_tablet":"left","align_mobile":"left","_padding_mobile":{"unit":"px","top":"0","right":"0","bottom":"0","left":"0","isLinked":false}},"elements":[],"isInner":false,"widgetType":"text-editor","elType":"widget"}],"isInner":true,"elType":"column"},{"id":"f55549c","settings":{"_column_size":33,"_inline_size":29.666000000000000369482222595252096652984619140625,"_inline_size_tablet":50,"_inline_size_mobile":100},"elements":[{"id":"38c30995","settings":{"title":"Contact Us","title_color":"#ffffff","typography_typography":"custom","typography_font_size":{"unit":"px","size":18,"sizes":[]},"header_size":"h3","_margin":{"unit":"px","top":"0","right":"0","bottom":"15","left":"0","isLinked":false}},"elements":[],"isInner":false,"widgetType":"heading","elType":"widget"},{"id":"1f67ea4b","settings":{"icon_list":[{"text":"Info@example.com","icon":"fa fa-envelope-o","_id":"078c7ca","link":{"url":"#","is_external":"","nofollow":""},"selected_icon":{"value":"fas fa-check","library":"fa-solid"}},{"text":"(+96) 111 22 Mon - fri 9am -5pm","icon":"fa fa-phone","_id":"be9b3eb","link":{"url":"#","is_external":"","nofollow":""},"selected_icon":{"value":"fas fa-check","library":"fa-solid"}},{"text":" United States 587, Road-12. Court","icon":"fa fa-location-arrow","_id":"278f8f2","link":{"url":"#","is_external":"","nofollow":""},"selected_icon":{"value":"fas fa-check","library":"fa-solid"}}],"space_between":{"unit":"px","size":15},"text_color":"rgba(255,255,255,0.8)","text_color_hover":"#ffffff","text_indent":{"unit":"px","size":13},"icon_typography_typography":"custom","icon_color":"rgba(255,255,255,0.8)","icon_color_hover":"#ffffff"},"elements":[],"isInner":false,"widgetType":"icon-list","elType":"widget"}],"isInner":true,"elType":"column"},{"id":"10d0d95b","settings":{"_column_size":33,"_inline_size":40,"_inline_size_tablet":100,"_inline_size_mobile":100},"elements":[{"id":"5124c8ad","settings":{"title":"Newsletter Form","title_color":"#ffffff","typography_typography":"custom","typography_font_size":{"unit":"px","size":18,"sizes":[]},"header_size":"h3","_margin":{"unit":"px","top":"0","right":"0","bottom":"15","left":"0","isLinked":false}},"elements":[],"isInner":false,"widgetType":"heading","elType":"widget"},{"id":"40015bd4","settings":{"email_field_placeholder":"Email *","button_text":"SIGNUP","space":"collapse","input_radius":{"unit":"px","top":"5","right":"0","bottom":"0","left":"5","isLinked":false},"input_padding":{"unit":"px","top":"28","right":"28","bottom":"28","left":"28","isLinked":true},"button_text_color":"#ffffff","background_color":"#0091ff","border_border":"solid","border_width":{"unit":"px","top":"0","right":"0","bottom":"0","left":"2","isLinked":false},"border_color":"#0091ff","radius":{"unit":"px","top":"0","right":"5","bottom":"5","left":"0","isLinked":false},"text_padding":{"unit":"px","top":"8","right":"50","bottom":"8","left":"50","isLinked":false},"button_background_hover_color":"#45afff","input_background":"rgba(255,255,255,0.97)","input_placeholder_color":"#000000","button_typography_typography":"custom","button_typography_font_size":{"unit":"px","size":13},"button_typography_font_weight":"600","hover_color":"#ffffff","button_hover_border_color":"#45afff"},"elements":[],"isInner":false,"widgetType":"bdt-mailchimp","elType":"widget"},{"id":"a313e33","settings":{"editor":"<p>Recieve our latest news straight to your inbox<\/p>","align":"left","text_color":"rgba(255,255,255,0.8)","align_tablet":"left","align_mobile":"left","_padding_mobile":{"unit":"px","top":"0","right":"0","bottom":"0","left":"0","isLinked":false}},"elements":[],"isInner":false,"widgetType":"text-editor","elType":"widget"}],"isInner":true,"elType":"column"}],"isInner":true,"elType":"section"},{"id":"50c5506c","settings":{"content_width":{"unit":"px","size":1600,"sizes":[]},"structure":"30","background_background":"classic","background_color":"#003863","padding_tablet":{"unit":"px","top":"30","right":"30","bottom":"30","left":"30","isLinked":false},"padding_mobile":{"unit":"px","top":"0","right":"30","bottom":"0","left":"30","isLinked":false}},"elements":[{"id":"4323ec80","settings":{"_column_size":33,"_inline_size":null,"padding_mobile":{"unit":"px","top":"0","right":"0","bottom":"0","left":"0","isLinked":false},"_inline_size_tablet":50,"_inline_size_mobile":100},"elements":[{"id":"12e6767c","settings":{"editor":"<p>\u00a9 Copyright 2019 All Rights Reserved by <a href=\"http:\/\/bdthemes.com\" target=\"_blank\" rel=\"noopener\">bdthemes.com<\/a><\/p>","align":"left","text_color":"rgba(255,255,255,0.8)","align_tablet":"left","align_mobile":"left","_padding_mobile":{"unit":"px","top":"0","right":"0","bottom":"0","left":"0","isLinked":false},"_margin":{"unit":"px","top":"30","right":"0","bottom":"0","left":"0","isLinked":false}},"elements":[],"isInner":false,"widgetType":"text-editor","elType":"widget"}],"isInner":true,"elType":"column"},{"id":"61d6bfec","settings":{"_column_size":33,"_inline_size":null,"_inline_size_tablet":50,"_inline_size_mobile":100,"padding_mobile":{"unit":"px","top":"0","right":"0","bottom":"0","left":"0","isLinked":true}},"elements":[{"id":"55103208","settings":{"navs":[{"nav_title":"Homepage","nav_link":{"url":"#section-1"},"_id":"f1c5b54","nav_icon":""},{"nav_title":"About Us","nav_link":{"url":"#section-1"},"_id":"48391cb","nav_icon":""},{"nav_title":"Features","nav_link":{"url":"#section-1"},"_id":"f97ecc1","nav_icon":""},{"nav_title":"Contact Us","nav_link":{"url":"#section-1"},"_id":"5547261","nav_icon":""}],"icon_indent":{"unit":"px","size":50,"sizes":[]},"nav_color":"rgba(255,255,255,0.8)","nav_typography_typography":"custom","nav_typography_font_family":"Roboto","nav_typography_font_size":{"unit":"px","size":14,"sizes":[]},"nav_typography_font_weight":"400","nav_hover_color":"#45afff","alignment":"right","nav_padding_tablet":{"unit":"px","top":"0","right":"8","bottom":"0","left":"8","isLinked":false},"nav_padding_mobile":{"unit":"px","top":"0","right":"4","bottom":"0","left":"4","isLinked":false}},"elements":[],"isInner":false,"widgetType":"bdt-scrollnav","elType":"widget"}],"isInner":true,"elType":"column"},{"id":"2965aa54","settings":{"_column_size":33,"_inline_size":null,"content_position":"center"},"elements":[{"id":"72cfe9f6","settings":{"social_icon_list":[{"social":"fa fa-facebook","_id":"e844ad0","link":{"url":"#","is_external":"true","nofollow":""},"social_icon":{"value":"fab fa-wordpress","library":"fa-brands"},"item_icon_color":"default","item_icon_primary_color":"","item_icon_secondary_color":""},{"social":"fa fa-twitter","_id":"5b0a563","link":{"url":"#","is_external":"true","nofollow":""},"social_icon":{"value":"fab fa-wordpress","library":"fa-brands"},"item_icon_color":"default","item_icon_primary_color":"","item_icon_secondary_color":""},{"social":"fa fa-google-plus","_id":"bf55821","link":{"url":"#","is_external":"true","nofollow":""},"social_icon":{"value":"fab fa-wordpress","library":"fa-brands"},"item_icon_color":"default","item_icon_primary_color":"","item_icon_secondary_color":""},{"social":"fa fa-linkedin","_id":"98537db","link":{"url":"#","is_external":"true","nofollow":""},"social_icon":{"value":"fab fa-wordpress","library":"fa-brands"},"item_icon_color":"default","item_icon_primary_color":"","item_icon_secondary_color":""}],"align_mobile":"left","icon_color":"custom","icon_primary_color":"rgba(84,82,95,0)","icon_size":{"unit":"px","size":15,"sizes":[]},"icon_size_mobile":{"unit":"px","size":13,"sizes":[]},"icon_padding":{"unit":"em","size":0.90000000000000002220446049250313080847263336181640625,"sizes":[]},"icon_spacing":{"unit":"px","size":7,"sizes":[]},"icon_spacing_mobile":{"unit":"px","size":8,"sizes":[]},"hover_animation":"push","align":"right","align_tablet":"left","_margin":{"unit":"px","top":"0","right":"0","bottom":"0","left":"0","isLinked":false}},"elements":[],"isInner":false,"widgetType":"social-icons","elType":"widget"}],"isInner":true,"elType":"column"}],"isInner":true,"elType":"section"}],"isInner":false,"elType":"column"}],"isInner":false,"elType":"section"}]}