{"version":"0.4","title":"extra-features-blocks-7","type":"section","content":[{"id":"73da61a4","settings":{"gap":"wider","structure":"20","padding":{"unit":"px","top":"150","right":"0","bottom":"150","left":"0","isLinked":false},"background_background":"classic","background_color":"#6ccdd9","padding_tablet":{"unit":"px","top":"80","right":"30","bottom":"80","left":"30","isLinked":false},"padding_mobile":{"unit":"px","top":"50","right":"15","bottom":"50","left":"15","isLinked":false}},"elements":[{"id":"63c597e1","settings":{"_column_size":50,"_inline_size":null,"_inline_size_tablet":100,"_inline_size_mobile":100,"content_position":"center","padding_mobile":{"unit":"px","top":"0","right":"0","bottom":"0","left":"0","isLinked":true}},"elements":[{"id":"7ae9491a","settings":{"title":"Web Designing Performance","header_size":"h3","title_color":"#ffffff","_margin":{"unit":"px","top":"0","right":"0","bottom":"40","left":"0","isLinked":false}},"elements":[],"isInner":false,"widgetType":"heading","elType":"widget"},{"id":"4d82da57","settings":{"title":"","percent":{"unit":"%","size":80},"inner_text":"Web Designer","_margin":{"unit":"px","top":"0","right":"0","bottom":"35","left":"0","isLinked":false},"bar_color":"#202020"},"elements":[],"isInner":false,"widgetType":"progress","elType":"widget"},{"id":"4b924384","settings":{"title":"","percent":{"unit":"%","size":92},"inner_text":"PHP Developing","_margin":{"unit":"px","top":"0","right":"0","bottom":"35","left":"0","isLinked":false},"bar_color":"#202020"},"elements":[],"isInner":false,"widgetType":"progress","elType":"widget"},{"id":"52cbf717","settings":{"title":"","percent":{"unit":"%","size":65},"inner_text":"Java Script Skills","_margin":{"unit":"px","top":"0","right":"0","bottom":"35","left":"0","isLinked":false},"bar_color":"#202020"},"elements":[],"isInner":false,"widgetType":"progress","elType":"widget"},{"id":"63fc8757","settings":{"title":"","percent":{"unit":"%","size":85},"inner_text":"UX Experiences ","_margin":{"unit":"px","top":"0","right":"0","bottom":"35","left":"0","isLinked":false},"bar_color":"#202020"},"elements":[],"isInner":false,"widgetType":"progress","elType":"widget"},{"id":"4e634909","settings":{"title":"","percent":{"unit":"%","size":75},"inner_text":"Graphics Design","_margin":{"unit":"px","top":"0","right":"0","bottom":"35","left":"0","isLinked":false},"bar_color":"#202020"},"elements":[],"isInner":false,"widgetType":"progress","elType":"widget"}],"isInner":false,"elType":"column"},{"id":"521b8fd5","settings":{"_column_size":50,"_inline_size":null,"_inline_size_tablet":100,"_inline_size_mobile":100,"content_position":"center","margin":{"unit":"px","top":"30","right":"0","bottom":"0","left":"0","isLinked":false},"margin_tablet":{"unit":"px","top":"50","right":"0","bottom":"0","left":"0","isLinked":false},"margin_mobile":{"unit":"px","top":"50","right":"0","bottom":"0","left":"0","isLinked":false}},"elements":[{"id":"499df6c4","settings":{"view":"stacked","icon":"fa fa-amazon","title_text":"Amazing Marketing","description_text":"The companies below are not just doing digital marketing they are creating experiences and content that captivates . ","position":"left","title_size":"h4","icon_size":{"unit":"px","size":30},"icon_padding":{"unit":"px","size":15},"hover_primary_color":"#f12184","hover_secondary_color":"#ffffff","hover_animation":"wobble-skew","title_bottom_space":{"unit":"px","size":10},"shape":"square","content_vertical_alignment":"middle","title_color":"#ffffff","description_color":"rgba(255,255,255,0.7)","_margin":{"unit":"px","top":"0","right":"0","bottom":"40","left":"0","isLinked":false},"primary_color":"#202020","selected_icon":{"value":"fab fa-amazon","library":"fa-brands"}},"elements":[],"isInner":false,"widgetType":"icon-box","elType":"widget"},{"id":"1d8ac7a8","settings":{"view":"stacked","icon":"fa fa-apple","title_text":"Apple Symbol ","description_text":"The Apple logo is iconic and used frequently by fans, but if you're looking to type the Apple logo.","position":"left","title_size":"h4","icon_size":{"unit":"px","size":30},"icon_padding":{"unit":"px","size":15},"hover_primary_color":"#f12184","hover_secondary_color":"#ffffff","hover_animation":"wobble-skew","title_bottom_space":{"unit":"px","size":10},"shape":"square","content_vertical_alignment":"middle","title_color":"#ffffff","description_color":"rgba(255,255,255,0.7)","_margin":{"unit":"px","top":"0","right":"0","bottom":"40","left":"0","isLinked":false},"primary_color":"#202020","selected_icon":{"value":"fab fa-apple","library":"fa-brands"}},"elements":[],"isInner":false,"widgetType":"icon-box","elType":"widget"},{"id":"778d70f4","settings":{"view":"stacked","icon":"fa fa-gear","title_text":"Application Settings","description_text":"The Applications Settings feature of Windows Forms makes it easy to create, store, and maintain custom application.","position":"left","title_size":"h4","icon_size":{"unit":"px","size":30},"icon_padding":{"unit":"px","size":15},"hover_primary_color":"#f12184","hover_secondary_color":"#ffffff","hover_animation":"wobble-skew","title_bottom_space":{"unit":"px","size":10},"shape":"square","content_vertical_alignment":"middle","title_color":"#ffffff","description_color":"rgba(255,255,255,0.7)","primary_color":"#202020","selected_icon":{"value":"fas fa-cog","library":"fa-solid"}},"elements":[],"isInner":false,"widgetType":"icon-box","elType":"widget"}],"isInner":false,"elType":"column"}],"isInner":false,"elType":"section"}],"page_settings":{"background_color_stop":{"unit":"%","size":"0","sizes":[]},"background_color_b_stop":{"unit":"%","size":"100","sizes":[]},"background_gradient_angle":{"unit":"deg","size":"180","sizes":[]},"background_xpos":{"unit":"px","size":"0","sizes":[]},"background_xpos_tablet":{"unit":"px","size":"0","sizes":[]},"background_xpos_mobile":{"unit":"px","size":"0","sizes":[]},"background_ypos":{"unit":"px","size":"0","sizes":[]},"background_ypos_tablet":{"unit":"px","size":"0","sizes":[]},"background_ypos_mobile":{"unit":"px","size":"0","sizes":[]},"background_bg_width":{"unit":"%","size":"100","sizes":[]},"background_bg_width_tablet":{"unit":"px","size":"","sizes":[]},"background_bg_width_mobile":{"unit":"px","size":"","sizes":[]},"element_pack_toolbar_typography_font_size":{"unit":"px","size":"","sizes":[]},"element_pack_toolbar_typography_font_size_tablet":{"unit":"px","size":"","sizes":[]},"element_pack_toolbar_typography_font_size_mobile":{"unit":"px","size":"","sizes":[]},"element_pack_toolbar_typography_line_height":{"unit":"em","size":"","sizes":[]},"element_pack_toolbar_typography_line_height_tablet":{"unit":"em","size":"","sizes":[]},"element_pack_toolbar_typography_line_height_mobile":{"unit":"em","size":"","sizes":[]},"element_pack_toolbar_typography_letter_spacing":{"unit":"px","size":"","sizes":[]},"element_pack_toolbar_typography_letter_spacing_tablet":{"unit":"px","size":"","sizes":[]},"element_pack_toolbar_typography_letter_spacing_mobile":{"unit":"px","size":"","sizes":[]},"element_pack_global_tooltip_width":{"unit":"px","size":"","sizes":[]},"element_pack_global_tooltip_width_tablet":{"unit":"px","size":"","sizes":[]},"element_pack_global_tooltip_width_mobile":{"unit":"px","size":"","sizes":[]},"element_pack_global_tooltip_background_color_stop":{"unit":"%","size":"0","sizes":[]},"element_pack_global_tooltip_background_color_b_stop":{"unit":"%","size":"100","sizes":[]},"element_pack_global_tooltip_background_gradient_angle":{"unit":"deg","size":"180","sizes":[]},"element_pack_global_tooltip_background_xpos":{"unit":"px","size":"0","sizes":[]},"element_pack_global_tooltip_background_xpos_tablet":{"unit":"px","size":"0","sizes":[]},"element_pack_global_tooltip_background_xpos_mobile":{"unit":"px","size":"0","sizes":[]},"element_pack_global_tooltip_background_ypos":{"unit":"px","size":"0","sizes":[]},"element_pack_global_tooltip_background_ypos_tablet":{"unit":"px","size":"0","sizes":[]},"element_pack_global_tooltip_background_ypos_mobile":{"unit":"px","size":"0","sizes":[]},"element_pack_global_tooltip_background_bg_width":{"unit":"%","size":"100","sizes":[]},"element_pack_global_tooltip_background_bg_width_tablet":{"unit":"px","size":"","sizes":[]},"element_pack_global_tooltip_background_bg_width_mobile":{"unit":"px","size":"","sizes":[]},"element_pack_global_tooltip_typography_font_size":{"unit":"px","size":"","sizes":[]},"element_pack_global_tooltip_typography_font_size_tablet":{"unit":"px","size":"","sizes":[]},"element_pack_global_tooltip_typography_font_size_mobile":{"unit":"px","size":"","sizes":[]},"element_pack_global_tooltip_typography_line_height":{"unit":"em","size":"","sizes":[]},"element_pack_global_tooltip_typography_line_height_tablet":{"unit":"em","size":"","sizes":[]},"element_pack_global_tooltip_typography_line_height_mobile":{"unit":"em","size":"","sizes":[]},"element_pack_global_tooltip_typography_letter_spacing":{"unit":"px","size":"","sizes":[]},"element_pack_global_tooltip_typography_letter_spacing_tablet":{"unit":"px","size":"","sizes":[]},"element_pack_global_tooltip_typography_letter_spacing_mobile":{"unit":"px","size":"","sizes":[]}}}