{"version":"0.4","title":"extra-features-blocks-8","type":"section","content":[{"id":"75c0714b","settings":{"gap":"wider","structure":"20","padding":{"unit":"px","top":"0","right":"0","bottom":"0","left":"0","isLinked":false},"background_background":"classic","padding_tablet":{"unit":"px","top":"80","right":"30","bottom":"80","left":"30","isLinked":false},"padding_mobile":{"unit":"px","top":"50","right":"15","bottom":"50","left":"15","isLinked":false}},"elements":[{"id":"2b95449c","settings":{"_column_size":50,"_inline_size":null,"_inline_size_tablet":100,"_inline_size_mobile":100,"content_position":"center","padding":{"unit":"px","top":"180","right":"180","bottom":"180","left":"180","isLinked":true},"padding_tablet":{"unit":"px","top":"0","right":"200","bottom":"0","left":"200","isLinked":false},"padding_mobile":{"unit":"px","top":"0","right":"0","bottom":"0","left":"0","isLinked":false}},"elements":[{"id":"2847a05f","settings":{"title":"Online Business Performance","header_size":"h4","align":"center","title_color":"#000000","_margin":{"unit":"px","top":"0","right":"0","bottom":"40","left":"0","isLinked":false}},"elements":[],"isInner":false,"widgetType":"heading","elType":"widget"},{"id":"2d61936","settings":{"percent":70,"title":"Business Policy","_padding_tablet":{"unit":"px","top":"0","right":"0","bottom":"0","left":"0","isLinked":true},"_padding_mobile":{"unit":"px","top":"50","right":"50","bottom":"50","left":"50","isLinked":true},"_box_shadow_box_shadow":{"horizontal":0,"vertical":5,"blur":50,"spread":0,"color":"rgba(0,0,0,0.15)"},"progress_color":"#202020","_box_shadow_hover_box_shadow_type":"yes","_box_shadow_hover_box_shadow":{"horizontal":0,"vertical":8,"blur":30,"spread":0,"color":"rgba(0,0,0,0.1)"}},"elements":[],"isInner":false,"widgetType":"bdt-progress-pie","elType":"widget"}],"isInner":false,"elType":"column"},{"id":"7c0c567f","settings":{"_column_size":50,"_inline_size":null,"_inline_size_tablet":100,"_inline_size_mobile":100,"content_position":"center","margin_tablet":{"unit":"px","top":"50","right":"0","bottom":"0","left":"0","isLinked":false},"margin_mobile":{"unit":"px","top":"50","right":"0","bottom":"0","left":"0","isLinked":false}},"elements":[{"id":"1f6a0dd7","settings":{"view":"framed","icon":"fa fa-amazon","title_text":"Amazing Marketing","description_text":"The companies below are not just doing digital marketing they are creating experiences and content that captivates. ","position":"left","title_size":"h4","icon_size":{"unit":"px","size":30},"icon_padding":{"unit":"px","size":15},"hover_primary_color":"#14abf4","hover_secondary_color":"#ffffff","hover_animation":"wobble-skew","title_bottom_space":{"unit":"px","size":10},"_margin":{"unit":"px","top":"0","right":"0","bottom":"40","left":"0","isLinked":false},"primary_color":"#202020","title_color":"#202020","selected_icon":{"value":"fab fa-amazon","library":"fa-brands"}},"elements":[],"isInner":false,"widgetType":"icon-box","elType":"widget"},{"id":"1f62732c","settings":{"view":"framed","icon":"fa fa-apple","title_text":"Apple Symbol ","description_text":"The Apple logo is iconic and used frequently by fans, but if you're looking to type the Apple logo.","position":"left","title_size":"h4","icon_size":{"unit":"px","size":30},"icon_padding":{"unit":"px","size":15},"hover_primary_color":"#14abf4","hover_secondary_color":"#ffffff","hover_animation":"wobble-skew","title_bottom_space":{"unit":"px","size":10},"_margin":{"unit":"px","top":"0","right":"0","bottom":"40","left":"0","isLinked":false},"primary_color":"#202020","title_color":"#202020","selected_icon":{"value":"fab fa-apple","library":"fa-brands"}},"elements":[],"isInner":false,"widgetType":"icon-box","elType":"widget"},{"id":"68bbad88","settings":{"view":"framed","icon":"fa fa-gear","title_text":"Application Settings","description_text":"The Applications Settings feature of Windows Forms makes it easy to create, store, and maintain custom application.","position":"left","title_size":"h4","icon_size":{"unit":"px","size":30},"icon_padding":{"unit":"px","size":15},"hover_primary_color":"#14abf4","hover_secondary_color":"#ffffff","hover_animation":"wobble-skew","title_bottom_space":{"unit":"px","size":10},"primary_color":"#202020","title_color":"#202020","selected_icon":{"value":"fas fa-cog","library":"fa-solid"}},"elements":[],"isInner":false,"widgetType":"icon-box","elType":"widget"}],"isInner":false,"elType":"column"}],"isInner":false,"elType":"section"}],"page_settings":{"background_color_stop":{"unit":"%","size":"0","sizes":[]},"background_color_b_stop":{"unit":"%","size":"100","sizes":[]},"background_gradient_angle":{"unit":"deg","size":"180","sizes":[]},"background_xpos":{"unit":"px","size":"0","sizes":[]},"background_xpos_tablet":{"unit":"px","size":"0","sizes":[]},"background_xpos_mobile":{"unit":"px","size":"0","sizes":[]},"background_ypos":{"unit":"px","size":"0","sizes":[]},"background_ypos_tablet":{"unit":"px","size":"0","sizes":[]},"background_ypos_mobile":{"unit":"px","size":"0","sizes":[]},"background_bg_width":{"unit":"%","size":"100","sizes":[]},"background_bg_width_tablet":{"unit":"px","size":"","sizes":[]},"background_bg_width_mobile":{"unit":"px","size":"","sizes":[]},"element_pack_toolbar_typography_font_size":{"unit":"px","size":"","sizes":[]},"element_pack_toolbar_typography_font_size_tablet":{"unit":"px","size":"","sizes":[]},"element_pack_toolbar_typography_font_size_mobile":{"unit":"px","size":"","sizes":[]},"element_pack_toolbar_typography_line_height":{"unit":"em","size":"","sizes":[]},"element_pack_toolbar_typography_line_height_tablet":{"unit":"em","size":"","sizes":[]},"element_pack_toolbar_typography_line_height_mobile":{"unit":"em","size":"","sizes":[]},"element_pack_toolbar_typography_letter_spacing":{"unit":"px","size":"","sizes":[]},"element_pack_toolbar_typography_letter_spacing_tablet":{"unit":"px","size":"","sizes":[]},"element_pack_toolbar_typography_letter_spacing_mobile":{"unit":"px","size":"","sizes":[]},"element_pack_global_tooltip_width":{"unit":"px","size":"","sizes":[]},"element_pack_global_tooltip_width_tablet":{"unit":"px","size":"","sizes":[]},"element_pack_global_tooltip_width_mobile":{"unit":"px","size":"","sizes":[]},"element_pack_global_tooltip_background_color_stop":{"unit":"%","size":"0","sizes":[]},"element_pack_global_tooltip_background_color_b_stop":{"unit":"%","size":"100","sizes":[]},"element_pack_global_tooltip_background_gradient_angle":{"unit":"deg","size":"180","sizes":[]},"element_pack_global_tooltip_background_xpos":{"unit":"px","size":"0","sizes":[]},"element_pack_global_tooltip_background_xpos_tablet":{"unit":"px","size":"0","sizes":[]},"element_pack_global_tooltip_background_xpos_mobile":{"unit":"px","size":"0","sizes":[]},"element_pack_global_tooltip_background_ypos":{"unit":"px","size":"0","sizes":[]},"element_pack_global_tooltip_background_ypos_tablet":{"unit":"px","size":"0","sizes":[]},"element_pack_global_tooltip_background_ypos_mobile":{"unit":"px","size":"0","sizes":[]},"element_pack_global_tooltip_background_bg_width":{"unit":"%","size":"100","sizes":[]},"element_pack_global_tooltip_background_bg_width_tablet":{"unit":"px","size":"","sizes":[]},"element_pack_global_tooltip_background_bg_width_mobile":{"unit":"px","size":"","sizes":[]},"element_pack_global_tooltip_typography_font_size":{"unit":"px","size":"","sizes":[]},"element_pack_global_tooltip_typography_font_size_tablet":{"unit":"px","size":"","sizes":[]},"element_pack_global_tooltip_typography_font_size_mobile":{"unit":"px","size":"","sizes":[]},"element_pack_global_tooltip_typography_line_height":{"unit":"em","size":"","sizes":[]},"element_pack_global_tooltip_typography_line_height_tablet":{"unit":"em","size":"","sizes":[]},"element_pack_global_tooltip_typography_line_height_mobile":{"unit":"em","size":"","sizes":[]},"element_pack_global_tooltip_typography_letter_spacing":{"unit":"px","size":"","sizes":[]},"element_pack_global_tooltip_typography_letter_spacing_tablet":{"unit":"px","size":"","sizes":[]},"element_pack_global_tooltip_typography_letter_spacing_mobile":{"unit":"px","size":"","sizes":[]}}}