{"version":"0.4","title":"extra-features-blocks-2","type":"section","content":[{"id":"1c9be4e7","settings":{"gap":"wider","padding":{"unit":"px","top":"150","right":"0","bottom":"150","left":"0","isLinked":false},"padding_tablet":{"unit":"px","top":"80","right":"30","bottom":"80","left":"30","isLinked":false},"padding_mobile":{"unit":"px","top":"20","right":"15","bottom":"0","left":"15","isLinked":false},"background_background":"classic","background_position":"center center","background_size":"cover","content_position":"middle","structure":"30","background_color":"#f4f4f4","margin_mobile":{"unit":"px","top":"","right":0,"bottom":"","left":0,"isLinked":true}},"elements":[{"id":"6e218ce3","settings":{"_column_size":33,"_inline_size":32.98400000000000176214598468504846096038818359375,"_inline_size_tablet":100},"elements":[{"id":"246dc145","settings":{"sub_heading":"","main_heading":"Why <br> Pepole Love","split_text":"Splite Text","align":"left","advanced_heading":"Choose","advanced_heading_x_position":{"unit":"px","size":17},"advanced_heading_y_position":{"unit":"px","size":8},"main_heading_color":"#54595f","main_heading_typography_typography":"custom","main_heading_typography_font_size":{"unit":"px","size":50},"main_heading_typography_font_size_mobile":{"unit":"px","size":38},"main_heading_typography_line_height":{"unit":"em","size":1}},"elements":[],"isInner":false,"widgetType":"bdt-advanced-heading","elType":"widget"},{"id":"6b58387f","settings":{"editor":"<p>Phasellus venenatis quis risus id vulputate. Donec tincidunt neque blandit risus consequat volutpat nec ut sem. Proin tellus nisl, lobortis id efficitur id, mattis sed risus. Sed rhoncus viverra nibh, et imperdiet diam placerat auctor.<\/p><p>Ut cursus tortor ac nulla interdum fermentum. Donec et vulputate nunc.<\/p>","text_color":"#000000","_margin":{"unit":"px","top":"50","right":"0","bottom":"0","left":"0","isLinked":false}},"elements":[],"isInner":false,"widgetType":"text-editor","elType":"widget"},{"id":"78a733d9","settings":{"text":"GET STARTED","advanced_button_text_color":"#ffffff","button_background_background":"classic","button_background_color":"#e6202d","button_border_style":"none","advanced_button_hover_text_color":"#e6202d","button_hover_background_background":"classic","button_hover_background_color":"#fcdee4","button_hover_border_style":"none","_margin":{"unit":"px","top":"50","right":"0","bottom":"0","left":"0","isLinked":false},"_background_background":"classic"},"elements":[],"isInner":false,"widgetType":"bdt-advanced-button","elType":"widget"}],"isInner":false,"elType":"column"},{"id":"2aef265e","settings":{"_column_size":33,"_inline_size":35.32300000000000039790393202565610408782958984375,"_inline_size_tablet":100},"elements":[{"id":"660d3429","settings":{"image":{"id":47711,"url":"https:\/\/bdthemes.net\/demo\/ready-pages\/ready-blocks\/wp-content\/uploads\/2019\/04\/work-bg.jpg"}},"elements":[],"isInner":false,"widgetType":"image","elType":"widget"}],"isInner":false,"elType":"column"},{"id":"6eabb94b","settings":{"_column_size":33,"_inline_size":31.69200000000000017053025658242404460906982421875,"_inline_size_tablet":100,"margin":{"unit":"px","top":"0","right":"0","bottom":"0","left":"-108","isLinked":false},"margin_tablet":{"unit":"px","top":"0","right":"0","bottom":"0","left":"0","isLinked":false}},"elements":[{"id":"1bb22f69","settings":{"icon":"fa fa-money","title_text":"Beneficial Invest","description_text":"Phasellus venenatis quis risus id vulputate. Donec tincidunt","position":"left","readmore_text":"","badge_text":"POPULAR","icon_color":"#e6202d","icon_background_background":"classic","icon_background_color":"#fcdee4","icon_padding":{"unit":"px","top":"28","right":"28","bottom":"28","left":"28","isLinked":true},"icon_radius_advanced":"75% 25% 43% 57% \/ 46% 29% 71% 54%","icon_typography_typography":"custom","icon_typography_font_size":{"unit":"px","size":45},"icon_hover_color":"#ffffff","icon_hover_background_background":"classic","icon_hover_background_color":"#e6202d","image":{"id":47708,"url":"https:\/\/bdthemes.net\/demo\/ready-pages\/ready-blocks\/wp-content\/uploads\/2019\/04\/placeholder-3.png"}},"elements":[],"isInner":false,"widgetType":"bdt-advanced-icon-box","elType":"widget"},{"id":"6bec3033","settings":{"icon":"fa fa-diamond","title_text":"Best Solution","description_text":"Phasellus venenatis quis risus id vulputate. Donec tincidunt","position":"left","readmore_text":"","badge_text":"POPULAR","icon_color":"#e6202d","icon_background_background":"classic","icon_background_color":"#fcdee4","icon_padding":{"unit":"px","top":"28","right":"28","bottom":"28","left":"28","isLinked":true},"icon_radius_advanced":"75% 25% 43% 57% \/ 46% 29% 71% 54%","icon_typography_typography":"custom","icon_typography_font_size":{"unit":"px","size":45},"icon_hover_color":"#ffffff","icon_hover_background_background":"classic","icon_hover_background_color":"#e6202d","image":{"id":47708,"url":"https:\/\/bdthemes.net\/demo\/ready-pages\/ready-blocks\/wp-content\/uploads\/2019\/04\/placeholder-3.png"}},"elements":[],"isInner":false,"widgetType":"bdt-advanced-icon-box","elType":"widget"},{"id":"7f38c42e","settings":{"icon":"fa fa-headphones","title_text":"Quick Support","description_text":"Phasellus venenatis quis risus id vulputate. Donec tincidunt","position":"left","readmore_text":"","badge_text":"POPULAR","icon_color":"#e6202d","icon_background_background":"classic","icon_background_color":"#fcdee4","icon_padding":{"unit":"px","top":"28","right":"28","bottom":"28","left":"28","isLinked":true},"icon_radius_advanced":"75% 25% 43% 57% \/ 46% 29% 71% 54%","icon_typography_typography":"custom","icon_typography_font_size":{"unit":"px","size":45},"icon_hover_color":"#ffffff","icon_hover_background_background":"classic","icon_hover_background_color":"#e6202d","image":{"id":47708,"url":"https:\/\/bdthemes.net\/demo\/ready-pages\/ready-blocks\/wp-content\/uploads\/2019\/04\/placeholder-3.png"}},"elements":[],"isInner":false,"widgetType":"bdt-advanced-icon-box","elType":"widget"}],"isInner":false,"elType":"column"}],"isInner":false,"elType":"section"}],"page_settings":{"background_color_stop":{"unit":"%","size":"0","sizes":[]},"background_color_b_stop":{"unit":"%","size":"100","sizes":[]},"background_gradient_angle":{"unit":"deg","size":"180","sizes":[]},"background_xpos":{"unit":"px","size":"0","sizes":[]},"background_xpos_tablet":{"unit":"px","size":"0","sizes":[]},"background_xpos_mobile":{"unit":"px","size":"0","sizes":[]},"background_ypos":{"unit":"px","size":"0","sizes":[]},"background_ypos_tablet":{"unit":"px","size":"0","sizes":[]},"background_ypos_mobile":{"unit":"px","size":"0","sizes":[]},"background_bg_width":{"unit":"%","size":"100","sizes":[]},"background_bg_width_tablet":{"unit":"px","size":"","sizes":[]},"background_bg_width_mobile":{"unit":"px","size":"","sizes":[]},"element_pack_toolbar_typography_font_size":{"unit":"px","size":"","sizes":[]},"element_pack_toolbar_typography_font_size_tablet":{"unit":"px","size":"","sizes":[]},"element_pack_toolbar_typography_font_size_mobile":{"unit":"px","size":"","sizes":[]},"element_pack_toolbar_typography_line_height":{"unit":"em","size":"","sizes":[]},"element_pack_toolbar_typography_line_height_tablet":{"unit":"em","size":"","sizes":[]},"element_pack_toolbar_typography_line_height_mobile":{"unit":"em","size":"","sizes":[]},"element_pack_toolbar_typography_letter_spacing":{"unit":"px","size":"","sizes":[]},"element_pack_toolbar_typography_letter_spacing_tablet":{"unit":"px","size":"","sizes":[]},"element_pack_toolbar_typography_letter_spacing_mobile":{"unit":"px","size":"","sizes":[]},"element_pack_global_tooltip_width":{"unit":"px","size":"","sizes":[]},"element_pack_global_tooltip_width_tablet":{"unit":"px","size":"","sizes":[]},"element_pack_global_tooltip_width_mobile":{"unit":"px","size":"","sizes":[]},"element_pack_global_tooltip_background_color_stop":{"unit":"%","size":"0","sizes":[]},"element_pack_global_tooltip_background_color_b_stop":{"unit":"%","size":"100","sizes":[]},"element_pack_global_tooltip_background_gradient_angle":{"unit":"deg","size":"180","sizes":[]},"element_pack_global_tooltip_background_xpos":{"unit":"px","size":"0","sizes":[]},"element_pack_global_tooltip_background_xpos_tablet":{"unit":"px","size":"0","sizes":[]},"element_pack_global_tooltip_background_xpos_mobile":{"unit":"px","size":"0","sizes":[]},"element_pack_global_tooltip_background_ypos":{"unit":"px","size":"0","sizes":[]},"element_pack_global_tooltip_background_ypos_tablet":{"unit":"px","size":"0","sizes":[]},"element_pack_global_tooltip_background_ypos_mobile":{"unit":"px","size":"0","sizes":[]},"element_pack_global_tooltip_background_bg_width":{"unit":"%","size":"100","sizes":[]},"element_pack_global_tooltip_background_bg_width_tablet":{"unit":"px","size":"","sizes":[]},"element_pack_global_tooltip_background_bg_width_mobile":{"unit":"px","size":"","sizes":[]},"element_pack_global_tooltip_typography_font_size":{"unit":"px","size":"","sizes":[]},"element_pack_global_tooltip_typography_font_size_tablet":{"unit":"px","size":"","sizes":[]},"element_pack_global_tooltip_typography_font_size_mobile":{"unit":"px","size":"","sizes":[]},"element_pack_global_tooltip_typography_line_height":{"unit":"em","size":"","sizes":[]},"element_pack_global_tooltip_typography_line_height_tablet":{"unit":"em","size":"","sizes":[]},"element_pack_global_tooltip_typography_line_height_mobile":{"unit":"em","size":"","sizes":[]},"element_pack_global_tooltip_typography_letter_spacing":{"unit":"px","size":"","sizes":[]},"element_pack_global_tooltip_typography_letter_spacing_tablet":{"unit":"px","size":"","sizes":[]},"element_pack_global_tooltip_typography_letter_spacing_mobile":{"unit":"px","size":"","sizes":[]}}}