{"version":"0.4","title":"extra-features-blocks-4","type":"section","content":[{"id":"3634ff86","settings":{"gap":"wider","padding":{"unit":"px","top":"150","right":"0","bottom":"150","left":"0","isLinked":false},"padding_tablet":{"unit":"px","top":"80","right":"30","bottom":"0","left":"30","isLinked":false},"padding_mobile":{"unit":"px","top":"50","right":"15","bottom":"0","left":"15","isLinked":false},"background_background":"classic","background_position":"center center","background_size":"cover","content_position":"middle","structure":"20","margin_mobile":{"unit":"px","top":"","right":0,"bottom":"","left":0,"isLinked":true}},"elements":[{"id":"7a4299cc","settings":{"_column_size":50,"_inline_size":null,"_inline_size_tablet":100,"_inline_size_mobile":100},"elements":[{"id":"389fc7a1","settings":{"heading_layout":"typed","pre_heading":"We are dedicated to you","animated_heading":"helping,assistant,auxiliary","post_heading":"","align":"left","animated_heading_color":"#882881","animated_heading_typography_typography":"custom","animated_heading_typography_font_size":{"unit":"px","size":36},"pre_heading_color":"#444"},"elements":[],"isInner":false,"widgetType":"bdt-animated-heading","elType":"widget"},{"id":"1d9be735","settings":{"editor":"<p>Phasellus venenatis quis risus id vulputate. Donec tincidunt neque blandit risus consequat volutpat nec ut sem. Proin tellus nisl, lobortis id efficitur id, mattis sed risus. Sed rhoncus viverra nibh, et imperdiet.<\/p>","text_color":"#000000","_margin":{"unit":"px","top":"0","right":"0","bottom":"40","left":"0","isLinked":false}},"elements":[],"isInner":false,"widgetType":"text-editor","elType":"widget"},{"id":"3891de18","settings":{"title":"","percent":{"unit":"%","size":80},"inner_text":"PHP Developer","_margin":{"unit":"px","top":"0","right":"0","bottom":"35","left":"0","isLinked":false},"bar_color":"#882881"},"elements":[],"isInner":false,"widgetType":"progress","elType":"widget"},{"id":"546ac141","settings":{"title":"","percent":{"unit":"%","size":75},"inner_text":"C# .NET Developer","_margin":{"unit":"px","top":"0","right":"0","bottom":"35","left":"0","isLinked":false},"bar_color":"#882881"},"elements":[],"isInner":false,"widgetType":"progress","elType":"widget"},{"id":"41ea6fc5","settings":{"title":"","percent":{"unit":"%","size":85},"inner_text":"Front End Design","_margin":{"unit":"px","top":"0","right":"0","bottom":"35","left":"0","isLinked":false},"bar_color":"#882881"},"elements":[],"isInner":false,"widgetType":"progress","elType":"widget"},{"id":"1580516f","settings":{"text":"GET STARTED","advanced_button_text_color":"#ffffff","button_background_background":"classic","button_background_color":"#444444","button_border_style":"none","advanced_button_hover_text_color":"#ffffff","button_hover_background_background":"classic","button_hover_background_color":"#882881","button_hover_border_style":"none","_margin":{"unit":"px","top":"50","right":"0","bottom":"0","left":"0","isLinked":false},"_background_background":"classic","advanced_button_radius":{"unit":"px","top":"3","right":"3","bottom":"3","left":"3","isLinked":true}},"elements":[],"isInner":false,"widgetType":"bdt-advanced-button","elType":"widget"}],"isInner":false,"elType":"column"},{"id":"16d60d40","settings":{"_column_size":50,"_inline_size":null,"_inline_size_tablet":100,"_inline_size_mobile":100},"elements":[{"id":"35a5ac72","settings":{"image":{"id":47714,"url":"https:\/\/bdthemes.net\/demo\/ready-pages\/ready-blocks\/wp-content\/uploads\/2019\/04\/progress-bg.png"},"image_size":"full"},"elements":[],"isInner":false,"widgetType":"image","elType":"widget"}],"isInner":false,"elType":"column"}],"isInner":false,"elType":"section"}],"page_settings":{"background_color_stop":{"unit":"%","size":"0","sizes":[]},"background_color_b_stop":{"unit":"%","size":"100","sizes":[]},"background_gradient_angle":{"unit":"deg","size":"180","sizes":[]},"background_xpos":{"unit":"px","size":"0","sizes":[]},"background_xpos_tablet":{"unit":"px","size":"0","sizes":[]},"background_xpos_mobile":{"unit":"px","size":"0","sizes":[]},"background_ypos":{"unit":"px","size":"0","sizes":[]},"background_ypos_tablet":{"unit":"px","size":"0","sizes":[]},"background_ypos_mobile":{"unit":"px","size":"0","sizes":[]},"background_bg_width":{"unit":"%","size":"100","sizes":[]},"background_bg_width_tablet":{"unit":"px","size":"","sizes":[]},"background_bg_width_mobile":{"unit":"px","size":"","sizes":[]},"element_pack_toolbar_typography_font_size":{"unit":"px","size":"","sizes":[]},"element_pack_toolbar_typography_font_size_tablet":{"unit":"px","size":"","sizes":[]},"element_pack_toolbar_typography_font_size_mobile":{"unit":"px","size":"","sizes":[]},"element_pack_toolbar_typography_line_height":{"unit":"em","size":"","sizes":[]},"element_pack_toolbar_typography_line_height_tablet":{"unit":"em","size":"","sizes":[]},"element_pack_toolbar_typography_line_height_mobile":{"unit":"em","size":"","sizes":[]},"element_pack_toolbar_typography_letter_spacing":{"unit":"px","size":"","sizes":[]},"element_pack_toolbar_typography_letter_spacing_tablet":{"unit":"px","size":"","sizes":[]},"element_pack_toolbar_typography_letter_spacing_mobile":{"unit":"px","size":"","sizes":[]},"element_pack_global_tooltip_width":{"unit":"px","size":"","sizes":[]},"element_pack_global_tooltip_width_tablet":{"unit":"px","size":"","sizes":[]},"element_pack_global_tooltip_width_mobile":{"unit":"px","size":"","sizes":[]},"element_pack_global_tooltip_background_color_stop":{"unit":"%","size":"0","sizes":[]},"element_pack_global_tooltip_background_color_b_stop":{"unit":"%","size":"100","sizes":[]},"element_pack_global_tooltip_background_gradient_angle":{"unit":"deg","size":"180","sizes":[]},"element_pack_global_tooltip_background_xpos":{"unit":"px","size":"0","sizes":[]},"element_pack_global_tooltip_background_xpos_tablet":{"unit":"px","size":"0","sizes":[]},"element_pack_global_tooltip_background_xpos_mobile":{"unit":"px","size":"0","sizes":[]},"element_pack_global_tooltip_background_ypos":{"unit":"px","size":"0","sizes":[]},"element_pack_global_tooltip_background_ypos_tablet":{"unit":"px","size":"0","sizes":[]},"element_pack_global_tooltip_background_ypos_mobile":{"unit":"px","size":"0","sizes":[]},"element_pack_global_tooltip_background_bg_width":{"unit":"%","size":"100","sizes":[]},"element_pack_global_tooltip_background_bg_width_tablet":{"unit":"px","size":"","sizes":[]},"element_pack_global_tooltip_background_bg_width_mobile":{"unit":"px","size":"","sizes":[]},"element_pack_global_tooltip_typography_font_size":{"unit":"px","size":"","sizes":[]},"element_pack_global_tooltip_typography_font_size_tablet":{"unit":"px","size":"","sizes":[]},"element_pack_global_tooltip_typography_font_size_mobile":{"unit":"px","size":"","sizes":[]},"element_pack_global_tooltip_typography_line_height":{"unit":"em","size":"","sizes":[]},"element_pack_global_tooltip_typography_line_height_tablet":{"unit":"em","size":"","sizes":[]},"element_pack_global_tooltip_typography_line_height_mobile":{"unit":"em","size":"","sizes":[]},"element_pack_global_tooltip_typography_letter_spacing":{"unit":"px","size":"","sizes":[]},"element_pack_global_tooltip_typography_letter_spacing_tablet":{"unit":"px","size":"","sizes":[]},"element_pack_global_tooltip_typography_letter_spacing_mobile":{"unit":"px","size":"","sizes":[]}}}