{"version":"0.4","title":"extra-features-blocks-15","type":"section","content":[{"id":"41ee1c21","settings":{"gap":"wider","structure":"20","padding":{"unit":"px","top":"150","right":"0","bottom":"150","left":"0","isLinked":false},"background_background":"classic","padding_tablet":{"unit":"px","top":"80","right":"30","bottom":"80","left":"30","isLinked":false},"padding_mobile":{"unit":"px","top":"50","right":"15","bottom":"50","left":"15","isLinked":false},"layout":"full_width","background_color":"#f4f4f4"},"elements":[{"id":"147edc72","settings":{"_column_size":50,"_inline_size":null,"_inline_size_tablet":100,"_inline_size_mobile":100,"background_background":"classic","margin":{"unit":"px","top":"0","right":"25","bottom":"0","left":"0","isLinked":false},"padding":{"unit":"px","top":"0","right":"0","bottom":"0","left":"0","isLinked":true},"margin_mobile":{"unit":"px","top":"0","right":"0","bottom":"0","left":"0","isLinked":false},"margin_tablet":{"unit":"px","top":"0","right":"0","bottom":"0","left":"0","isLinked":false}},"elements":[{"id":"78eb6b47","settings":{"structure":"20","background_background":"classic","background_repeat":"no-repeat","background_size":"cover"},"elements":[{"id":"5ce7c97d","settings":{"_column_size":50,"_inline_size":null,"background_background":"classic","background_color":"#6ccdd9","padding":{"unit":"px","top":"40","right":"40","bottom":"40","left":"40","isLinked":true}},"elements":[{"id":"452e5b60","settings":{"title":"We Are Creative Designers","header_size":"h3","align":"left","title_color":"#ffffff"},"elements":[],"isInner":false,"widgetType":"heading","elType":"widget"},{"id":"6434730f","settings":{"editor":"<p>A wonderful serenity has taken possession of my entire soul, like these sweet mornings of spring which I enjoy with my whole heart.<\/p>","align":"left","text_color":"rgba(255,255,255,0.6)"},"elements":[],"isInner":false,"widgetType":"text-editor","elType":"widget"}],"isInner":true,"elType":"column"},{"id":"268c5020","settings":{"_column_size":50,"_inline_size":null,"padding":{"unit":"px","top":"0","right":"40","bottom":"0","left":"40","isLinked":false},"content_position":"center","background_background":"classic","background_color":"#ffffff","_inline_size_mobile":100,"padding_mobile":{"unit":"px","top":"30","right":"30","bottom":"30","left":"30","isLinked":false}},"elements":[{"id":"55218c3f","settings":{"title":"","percent":{"unit":"%","size":80},"inner_text":"Web Designer","_margin":{"unit":"px","top":"0","right":"0","bottom":"35","left":"0","isLinked":false},"bar_color":"#202020"},"elements":[],"isInner":false,"widgetType":"progress","elType":"widget"},{"id":"732632c3","settings":{"title":"","percent":{"unit":"%","size":65},"inner_text":"Graphics Design","_margin":{"unit":"px","top":"0","right":"0","bottom":"35","left":"0","isLinked":false},"bar_color":"#202020"},"elements":[],"isInner":false,"widgetType":"progress","elType":"widget"},{"id":"316acc78","settings":{"title":"","percent":{"unit":"%","size":87},"inner_text":"Ux Design","_margin":{"unit":"px","top":"0","right":"0","bottom":"0","left":"0","isLinked":false},"bar_color":"#202020"},"elements":[],"isInner":false,"widgetType":"progress","elType":"widget"}],"isInner":true,"elType":"column"}],"isInner":true,"elType":"section"},{"id":"550d521f","settings":{"testimonial_content":"Click edit button to change this text. Lorem ipsum dolor sit amet, consectetur adipiscing elit. Ut elit tellus, luctus nec ullamcorper mattis, pulvinar dapibus leo.","testimonial_image":{"id":47729,"url":"https:\/\/bdthemes.net\/demo\/ready-pages\/ready-blocks\/wp-content\/uploads\/2019\/04\/parson1.jpg"},"testimonial_name":"John Doe","testimonial_job":"Designer","content_typography_typography":"custom","content_typography_font_size":{"unit":"px","size":15},"_margin":{"unit":"px","top":"30","right":"0","bottom":"0","left":"0","isLinked":false},"_margin_mobile":{"unit":"px","top":"20","right":"0","bottom":"0","left":"0","isLinked":false},"_padding":{"unit":"px","top":"0","right":"50","bottom":"0","left":"50","isLinked":false},"_padding_mobile":{"unit":"px","top":"0","right":"0","bottom":"0","left":"0","isLinked":true},"name_text_color":"#202020","job_text_color":"#aaaaaa"},"elements":[],"isInner":false,"widgetType":"testimonial","elType":"widget"}],"isInner":false,"elType":"column"},{"id":"3b209008","settings":{"_column_size":50,"_inline_size":null,"_inline_size_tablet":100,"_inline_size_mobile":100,"margin":{"unit":"px","top":"0","right":"0","bottom":"0","left":"25","isLinked":false},"margin_tablet":{"unit":"px","top":"50","right":"0","bottom":"0","left":"0","isLinked":false},"margin_mobile":{"unit":"px","top":"30","right":"0","bottom":"0","left":"0","isLinked":false},"background_background":"classic","padding":{"unit":"px","top":"0","right":"0","bottom":"0","left":"0","isLinked":false},"padding_mobile":{"unit":"px","top":"0","right":"0","bottom":"0","left":"0","isLinked":true},"padding_tablet":{"unit":"px","top":"0","right":"0","bottom":"0","left":"0","isLinked":true}},"elements":[{"id":"6614da7d","settings":{"structure":"20"},"elements":[{"id":"cba23ef","settings":{"_column_size":50,"_inline_size":null,"padding":{"unit":"px","top":"50","right":"0","bottom":"50","left":"0","isLinked":false},"background_background":"classic","background_color":"#000000"},"elements":[{"id":"552b9bc3","settings":{"title":"Welcome To Software Farm","header_size":"h3","align":"center","_margin":{"unit":"px","top":"0","right":"0","bottom":"40","left":"0","isLinked":false},"title_color":"#ffffff"},"elements":[],"isInner":false,"widgetType":"heading","elType":"widget"},{"id":"61c2a844","settings":{"editor":"<p>One morning, when Gregor Samsa woke from troubled dreams, he found himself transformed in his bed into a horrible vermin. He lay on his armour-like back, and if he lifted his head a little he could see his brown belly, slightly domed and divided by arches into stiff sections.<\/p>","align":"center","_margin":{"unit":"px","top":"40","right":"0","bottom":"0","left":"0","isLinked":false},"_padding":{"unit":"px","top":"0","right":"50","bottom":"0","left":"50","isLinked":false},"text_color":"rgba(255,255,255,0.7)"},"elements":[],"isInner":false,"widgetType":"text-editor","elType":"widget"}],"isInner":true,"elType":"column"},{"id":"43ce6e00","settings":{"_column_size":50,"_inline_size":null,"_inline_size_mobile":100,"content_position":"center","background_background":"classic","background_color":"#ffffff","padding_mobile":{"unit":"px","top":"20","right":"20","bottom":"20","left":"20","isLinked":true}},"elements":[{"id":"73deed14","settings":{"title":"Web Design","align":"center","_margin":{"unit":"px","top":"0","right":"50","bottom":"0","left":"0","isLinked":false},"title_color":"#000000","typography_typography":"custom","typography_font_size_mobile":{"unit":"px","size":24}},"elements":[],"isInner":false,"widgetType":"heading","elType":"widget"},{"id":"31d6f07","settings":{"title":"Ux Experiences","align":"center","_margin":{"unit":"px","top":"0","right":"0","bottom":"0","left":"50","isLinked":false},"title_color":"#000000","typography_typography":"custom","typography_font_size_mobile":{"unit":"px","size":24}},"elements":[],"isInner":false,"widgetType":"heading","elType":"widget"}],"isInner":true,"elType":"column"}],"isInner":true,"elType":"section"}],"isInner":false,"elType":"column"}],"isInner":false,"elType":"section"}],"page_settings":{"background_color_stop":{"unit":"%","size":"0","sizes":[]},"background_color_b_stop":{"unit":"%","size":"100","sizes":[]},"background_gradient_angle":{"unit":"deg","size":"180","sizes":[]},"background_xpos":{"unit":"px","size":"0","sizes":[]},"background_xpos_tablet":{"unit":"px","size":"0","sizes":[]},"background_xpos_mobile":{"unit":"px","size":"0","sizes":[]},"background_ypos":{"unit":"px","size":"0","sizes":[]},"background_ypos_tablet":{"unit":"px","size":"0","sizes":[]},"background_ypos_mobile":{"unit":"px","size":"0","sizes":[]},"background_bg_width":{"unit":"%","size":"100","sizes":[]},"background_bg_width_tablet":{"unit":"px","size":"","sizes":[]},"background_bg_width_mobile":{"unit":"px","size":"","sizes":[]},"element_pack_toolbar_typography_font_size":{"unit":"px","size":"","sizes":[]},"element_pack_toolbar_typography_font_size_tablet":{"unit":"px","size":"","sizes":[]},"element_pack_toolbar_typography_font_size_mobile":{"unit":"px","size":"","sizes":[]},"element_pack_toolbar_typography_line_height":{"unit":"em","size":"","sizes":[]},"element_pack_toolbar_typography_line_height_tablet":{"unit":"em","size":"","sizes":[]},"element_pack_toolbar_typography_line_height_mobile":{"unit":"em","size":"","sizes":[]},"element_pack_toolbar_typography_letter_spacing":{"unit":"px","size":"","sizes":[]},"element_pack_toolbar_typography_letter_spacing_tablet":{"unit":"px","size":"","sizes":[]},"element_pack_toolbar_typography_letter_spacing_mobile":{"unit":"px","size":"","sizes":[]},"element_pack_global_tooltip_width":{"unit":"px","size":"","sizes":[]},"element_pack_global_tooltip_width_tablet":{"unit":"px","size":"","sizes":[]},"element_pack_global_tooltip_width_mobile":{"unit":"px","size":"","sizes":[]},"element_pack_global_tooltip_background_color_stop":{"unit":"%","size":"0","sizes":[]},"element_pack_global_tooltip_background_color_b_stop":{"unit":"%","size":"100","sizes":[]},"element_pack_global_tooltip_background_gradient_angle":{"unit":"deg","size":"180","sizes":[]},"element_pack_global_tooltip_background_xpos":{"unit":"px","size":"0","sizes":[]},"element_pack_global_tooltip_background_xpos_tablet":{"unit":"px","size":"0","sizes":[]},"element_pack_global_tooltip_background_xpos_mobile":{"unit":"px","size":"0","sizes":[]},"element_pack_global_tooltip_background_ypos":{"unit":"px","size":"0","sizes":[]},"element_pack_global_tooltip_background_ypos_tablet":{"unit":"px","size":"0","sizes":[]},"element_pack_global_tooltip_background_ypos_mobile":{"unit":"px","size":"0","sizes":[]},"element_pack_global_tooltip_background_bg_width":{"unit":"%","size":"100","sizes":[]},"element_pack_global_tooltip_background_bg_width_tablet":{"unit":"px","size":"","sizes":[]},"element_pack_global_tooltip_background_bg_width_mobile":{"unit":"px","size":"","sizes":[]},"element_pack_global_tooltip_typography_font_size":{"unit":"px","size":"","sizes":[]},"element_pack_global_tooltip_typography_font_size_tablet":{"unit":"px","size":"","sizes":[]},"element_pack_global_tooltip_typography_font_size_mobile":{"unit":"px","size":"","sizes":[]},"element_pack_global_tooltip_typography_line_height":{"unit":"em","size":"","sizes":[]},"element_pack_global_tooltip_typography_line_height_tablet":{"unit":"em","size":"","sizes":[]},"element_pack_global_tooltip_typography_line_height_mobile":{"unit":"em","size":"","sizes":[]},"element_pack_global_tooltip_typography_letter_spacing":{"unit":"px","size":"","sizes":[]},"element_pack_global_tooltip_typography_letter_spacing_tablet":{"unit":"px","size":"","sizes":[]},"element_pack_global_tooltip_typography_letter_spacing_mobile":{"unit":"px","size":"","sizes":[]}}}