{"version":"0.4","title":"extra-features-blocks-6","type":"section","content":[{"id":"4f8b52d8","settings":{"gap":"wider","structure":"20","padding":{"unit":"px","top":"150","right":"0","bottom":"150","left":"0","isLinked":false},"padding_tablet":{"unit":"px","top":"80","right":"30","bottom":"80","left":"30","isLinked":false},"padding_mobile":{"unit":"px","top":"50","right":"15","bottom":"50","left":"15","isLinked":false}},"elements":[{"id":"77bf517b","settings":{"_column_size":50,"_inline_size":null,"_inline_size_tablet":100,"_inline_size_mobile":100,"padding_mobile":{"unit":"px","top":"0","right":"0","bottom":"0","left":"0","isLinked":true}},"elements":[{"id":"3bbd0710","settings":{"tabs":[{"tab_title":"Fashion Women","tab_content":"<p>Discover the latest\u00a0women's <em>fashion<\/em>\u00a0trends at H&amp;M. Women's clothing\u00a0accessories.<\/p>","_id":"dab20c5","tab_image":{"id":47717,"url":"https:\/\/bdthemes.net\/demo\/ready-pages\/ready-blocks\/wp-content\/uploads\/2019\/04\/new-member-800x1600_02.jpg"},"tab_link":{"url":"#","is_external":"","nofollow":""}},{"tab_title":"Smart Phone","tab_content":"<p>Apple's most exciting new\u00a0<em>iPhone<\/em>\u00a0for 2018 may be launching a lot sooner than you think...<\/p>","_id":"7382e49","tab_image":{"id":47718,"url":"https:\/\/bdthemes.net\/demo\/ready-pages\/ready-blocks\/wp-content\/uploads\/2019\/04\/new-member-800x1600.jpg"},"tab_link":{"url":"#","is_external":"","nofollow":""}},{"tab_title":"Dress Making","tab_content":"<p>Our amazing range of online\u00a0<em>dressmaking<\/em>\u00a0patterns and supplies to make a dress.<\/p>","_id":"dcd2aa9","tab_image":{"id":47719,"url":"https:\/\/bdthemes.net\/demo\/ready-pages\/ready-blocks\/wp-content\/uploads\/2019\/04\/new-member-800x1600_05.jpg"},"tab_link":{"url":"#","is_external":"","nofollow":""}}],"columns":"2","button_text":"","arrows_style":"light","arrows_size":{"unit":"px","size":30},"slider_background_color":"#000000","title_color":"#ffffff","text_color":"#ffffff","posts_post_type":"services"},"elements":[],"isInner":false,"widgetType":"bdt-panel-slider","elType":"widget"}],"isInner":false,"elType":"column"},{"id":"4983857b","settings":{"_column_size":50,"_inline_size":null,"_inline_size_tablet":100,"_inline_size_mobile":100,"content_position":"center","margin_tablet":{"unit":"px","top":"50","right":"0","bottom":"0","left":"0","isLinked":false},"margin_mobile":{"unit":"px","top":"50","right":"0","bottom":"0","left":"0","isLinked":false}},"elements":[{"id":"eaf755f","settings":{"title":"WORKING PROGRESS","header_size":"h3","align_mobile":"center","title_color":"#202020"},"elements":[],"isInner":false,"widgetType":"heading","elType":"widget"},{"id":"58008fb8","settings":{"editor":"<p>Work in progress (WIP), sometimes referred to as work in process, is the sum of all costs put into the production process to manufacture products that are partially completed. WIP refers to raw materials.<\/p>","_margin":{"unit":"px","top":"0","right":"0","bottom":"60","left":"0","isLinked":false},"align_mobile":"center"},"elements":[],"isInner":false,"widgetType":"text-editor","elType":"widget"},{"id":"25e4300d","settings":{"view":"stacked","icon":"fa fa-amazon","title_text":"Amazing Marketing","description_text":"The companies below are not just doing digital marketing they are creating experiences and content that captivates . ","position":"left","title_size":"h4","primary_color":"#666666","icon_size":{"unit":"px","size":30},"icon_padding":{"unit":"px","size":15},"hover_primary_color":"#f12184","hover_secondary_color":"#ffffff","hover_animation":"wobble-skew","title_bottom_space":{"unit":"px","size":10},"content_vertical_alignment":"middle","_margin":{"unit":"px","top":"0","right":"0","bottom":"40","left":"0","isLinked":false},"title_color":"#202020","selected_icon":{"value":"fab fa-amazon","library":"fa-brands"}},"elements":[],"isInner":false,"widgetType":"icon-box","elType":"widget"},{"id":"2616acb3","settings":{"view":"stacked","icon":"fa fa-apple","title_text":"Apple Symbol ","description_text":"The Apple logo is iconic and used frequently by fans, but if you're looking to type the Apple logo.","position":"left","title_size":"h4","icon_size":{"unit":"px","size":30},"icon_padding":{"unit":"px","size":15},"hover_primary_color":"#f12184","hover_secondary_color":"#ffffff","hover_animation":"wobble-skew","title_bottom_space":{"unit":"px","size":10},"primary_color":"#666666","content_vertical_alignment":"middle","_margin":{"unit":"px","top":"0","right":"0","bottom":"40","left":"0","isLinked":false},"title_color":"#202020","selected_icon":{"value":"fab fa-apple","library":"fa-brands"}},"elements":[],"isInner":false,"widgetType":"icon-box","elType":"widget"},{"id":"38b3e378","settings":{"view":"stacked","icon":"fa fa-gear","title_text":"Application Settings","description_text":"The Applications Settings feature of Windows Forms makes it easy to create, store, and maintain custom application.","position":"left","title_size":"h4","icon_size":{"unit":"px","size":30},"icon_padding":{"unit":"px","size":15},"hover_primary_color":"#f12184","hover_secondary_color":"#ffffff","hover_animation":"wobble-skew","title_bottom_space":{"unit":"px","size":10},"primary_color":"#666666","content_vertical_alignment":"middle","title_color":"#202020","selected_icon":{"value":"fas fa-cog","library":"fa-solid"}},"elements":[],"isInner":false,"widgetType":"icon-box","elType":"widget"}],"isInner":false,"elType":"column"}],"isInner":false,"elType":"section"}],"page_settings":{"background_color_stop":{"unit":"%","size":"0","sizes":[]},"background_color_b_stop":{"unit":"%","size":"100","sizes":[]},"background_gradient_angle":{"unit":"deg","size":"180","sizes":[]},"background_xpos":{"unit":"px","size":"0","sizes":[]},"background_xpos_tablet":{"unit":"px","size":"0","sizes":[]},"background_xpos_mobile":{"unit":"px","size":"0","sizes":[]},"background_ypos":{"unit":"px","size":"0","sizes":[]},"background_ypos_tablet":{"unit":"px","size":"0","sizes":[]},"background_ypos_mobile":{"unit":"px","size":"0","sizes":[]},"background_bg_width":{"unit":"%","size":"100","sizes":[]},"background_bg_width_tablet":{"unit":"px","size":"","sizes":[]},"background_bg_width_mobile":{"unit":"px","size":"","sizes":[]},"element_pack_toolbar_typography_font_size":{"unit":"px","size":"","sizes":[]},"element_pack_toolbar_typography_font_size_tablet":{"unit":"px","size":"","sizes":[]},"element_pack_toolbar_typography_font_size_mobile":{"unit":"px","size":"","sizes":[]},"element_pack_toolbar_typography_line_height":{"unit":"em","size":"","sizes":[]},"element_pack_toolbar_typography_line_height_tablet":{"unit":"em","size":"","sizes":[]},"element_pack_toolbar_typography_line_height_mobile":{"unit":"em","size":"","sizes":[]},"element_pack_toolbar_typography_letter_spacing":{"unit":"px","size":"","sizes":[]},"element_pack_toolbar_typography_letter_spacing_tablet":{"unit":"px","size":"","sizes":[]},"element_pack_toolbar_typography_letter_spacing_mobile":{"unit":"px","size":"","sizes":[]},"element_pack_global_tooltip_width":{"unit":"px","size":"","sizes":[]},"element_pack_global_tooltip_width_tablet":{"unit":"px","size":"","sizes":[]},"element_pack_global_tooltip_width_mobile":{"unit":"px","size":"","sizes":[]},"element_pack_global_tooltip_background_color_stop":{"unit":"%","size":"0","sizes":[]},"element_pack_global_tooltip_background_color_b_stop":{"unit":"%","size":"100","sizes":[]},"element_pack_global_tooltip_background_gradient_angle":{"unit":"deg","size":"180","sizes":[]},"element_pack_global_tooltip_background_xpos":{"unit":"px","size":"0","sizes":[]},"element_pack_global_tooltip_background_xpos_tablet":{"unit":"px","size":"0","sizes":[]},"element_pack_global_tooltip_background_xpos_mobile":{"unit":"px","size":"0","sizes":[]},"element_pack_global_tooltip_background_ypos":{"unit":"px","size":"0","sizes":[]},"element_pack_global_tooltip_background_ypos_tablet":{"unit":"px","size":"0","sizes":[]},"element_pack_global_tooltip_background_ypos_mobile":{"unit":"px","size":"0","sizes":[]},"element_pack_global_tooltip_background_bg_width":{"unit":"%","size":"100","sizes":[]},"element_pack_global_tooltip_background_bg_width_tablet":{"unit":"px","size":"","sizes":[]},"element_pack_global_tooltip_background_bg_width_mobile":{"unit":"px","size":"","sizes":[]},"element_pack_global_tooltip_typography_font_size":{"unit":"px","size":"","sizes":[]},"element_pack_global_tooltip_typography_font_size_tablet":{"unit":"px","size":"","sizes":[]},"element_pack_global_tooltip_typography_font_size_mobile":{"unit":"px","size":"","sizes":[]},"element_pack_global_tooltip_typography_line_height":{"unit":"em","size":"","sizes":[]},"element_pack_global_tooltip_typography_line_height_tablet":{"unit":"em","size":"","sizes":[]},"element_pack_global_tooltip_typography_line_height_mobile":{"unit":"em","size":"","sizes":[]},"element_pack_global_tooltip_typography_letter_spacing":{"unit":"px","size":"","sizes":[]},"element_pack_global_tooltip_typography_letter_spacing_tablet":{"unit":"px","size":"","sizes":[]},"element_pack_global_tooltip_typography_letter_spacing_mobile":{"unit":"px","size":"","sizes":[]}}}