{"version":"0.4","title":"extra-features-blocks-10","type":"section","content":[{"id":"532712f0","settings":{"gap":"wider","structure":"30","padding":{"unit":"px","top":"150","right":"0","bottom":"150","left":"0","isLinked":false},"background_background":"classic","padding_tablet":{"unit":"px","top":"80","right":"30","bottom":"80","left":"30","isLinked":false},"padding_mobile":{"unit":"px","top":"50","right":"15","bottom":"50","left":"15","isLinked":false}},"elements":[{"id":"787566d7","settings":{"_column_size":33,"_inline_size":null,"_inline_size_tablet":50,"_inline_size_mobile":100,"padding":{"unit":"px","top":"0","right":"0","bottom":"0","left":"0","isLinked":true}},"elements":[{"id":"4c4518ec","settings":{"icon":"","front_title_text":"Build Your Body Fitness","front_description_text":"","front_background_background":"classic","front_background_image":{"id":47721,"url":"https:\/\/bdthemes.net\/demo\/ready-pages\/ready-blocks\/wp-content\/uploads\/2019\/04\/04-4.jpg"},"front_background_position":"center center","front_background_size":"cover","back_title_text":"Details Know Gymkhana","back_description_text":"Click edit button to change this text. Lorem ipsum dolor sit amet consectetur adipiscing elit dolor","button_text":"Read More","back_background_background":"classic","back_background_color":"#000000","height":{"unit":"px","size":560},"flip_effect":"push","flip_direction":"right","button_background_color":"#444444","button_typography_typography":"custom","button_typography_font_weight":"700","button_hover_color":"#000000","button_background_hover_color":"#ffffff","image":{"id":"47469","url":"https:\/\/bdthemes.net\/demo\/ready-pages\/ready-blocks\/wp-content\/uploads\/2019\/04\/placeholder-2.png"}},"elements":[],"isInner":false,"widgetType":"bdt-flip-box","elType":"widget"}],"isInner":false,"elType":"column"},{"id":"1fb520ad","settings":{"_column_size":33,"_inline_size":null,"_inline_size_tablet":50,"_inline_size_mobile":100,"padding":{"unit":"px","top":"0","right":"0","bottom":"0","left":"0","isLinked":true}},"elements":[{"id":"21ce482","settings":{"icon":"","front_title_text":"Heavy Fitness Women","front_description_text":"","front_background_background":"classic","front_background_image":{"id":47722,"url":"https:\/\/bdthemes.net\/demo\/ready-pages\/ready-blocks\/wp-content\/uploads\/2019\/04\/01-5.jpg"},"front_background_position":"center center","front_background_size":"cover","back_title_text":"Know  About Gymkhana","back_description_text":"Click edit button to change this text. Lorem ipsum dolor sit amet consectetur adipiscing elit dolor","button_text":"Read More","back_background_background":"classic","back_background_color":"#000000","height":{"unit":"px","size":560},"flip_effect":"push","flip_direction":"right","button_background_color":"#444444","button_typography_typography":"custom","button_typography_font_weight":"700","button_hover_color":"#000000","button_background_hover_color":"#ffffff","image":{"id":"47469","url":"https:\/\/bdthemes.net\/demo\/ready-pages\/ready-blocks\/wp-content\/uploads\/2019\/04\/placeholder-2.png"}},"elements":[],"isInner":false,"widgetType":"bdt-flip-box","elType":"widget"}],"isInner":false,"elType":"column"},{"id":"5d6f209b","settings":{"_column_size":33,"_inline_size":null,"_inline_size_tablet":50,"_inline_size_mobile":100,"padding":{"unit":"px","top":"0","right":"0","bottom":"0","left":"0","isLinked":true}},"elements":[{"id":"84cf295","settings":{"icon":"","front_title_text":"Master Plan Gymkhana","front_description_text":"","front_background_background":"classic","front_background_image":{"id":47723,"url":"https:\/\/bdthemes.net\/demo\/ready-pages\/ready-blocks\/wp-content\/uploads\/2019\/04\/05-3-1.jpg"},"front_background_position":"center center","front_background_size":"cover","back_title_text":"Hard Work Planning","back_description_text":"Click edit button to change this text. Lorem ipsum dolor sit amet consectetur adipiscing elit dolor","button_text":"Read More","back_background_background":"classic","back_background_color":"#000000","height":{"unit":"px","size":560},"flip_effect":"push","flip_direction":"right","button_background_color":"#444444","button_typography_typography":"custom","button_typography_font_weight":"700","button_hover_color":"#000000","button_background_hover_color":"#ffffff","image":{"id":"47469","url":"https:\/\/bdthemes.net\/demo\/ready-pages\/ready-blocks\/wp-content\/uploads\/2019\/04\/placeholder-2.png"}},"elements":[],"isInner":false,"widgetType":"bdt-flip-box","elType":"widget"}],"isInner":false,"elType":"column"}],"isInner":false,"elType":"section"}],"page_settings":{"background_color_stop":{"unit":"%","size":"0","sizes":[]},"background_color_b_stop":{"unit":"%","size":"100","sizes":[]},"background_gradient_angle":{"unit":"deg","size":"180","sizes":[]},"background_xpos":{"unit":"px","size":"0","sizes":[]},"background_xpos_tablet":{"unit":"px","size":"0","sizes":[]},"background_xpos_mobile":{"unit":"px","size":"0","sizes":[]},"background_ypos":{"unit":"px","size":"0","sizes":[]},"background_ypos_tablet":{"unit":"px","size":"0","sizes":[]},"background_ypos_mobile":{"unit":"px","size":"0","sizes":[]},"background_bg_width":{"unit":"%","size":"100","sizes":[]},"background_bg_width_tablet":{"unit":"px","size":"","sizes":[]},"background_bg_width_mobile":{"unit":"px","size":"","sizes":[]},"element_pack_toolbar_typography_font_size":{"unit":"px","size":"","sizes":[]},"element_pack_toolbar_typography_font_size_tablet":{"unit":"px","size":"","sizes":[]},"element_pack_toolbar_typography_font_size_mobile":{"unit":"px","size":"","sizes":[]},"element_pack_toolbar_typography_line_height":{"unit":"em","size":"","sizes":[]},"element_pack_toolbar_typography_line_height_tablet":{"unit":"em","size":"","sizes":[]},"element_pack_toolbar_typography_line_height_mobile":{"unit":"em","size":"","sizes":[]},"element_pack_toolbar_typography_letter_spacing":{"unit":"px","size":"","sizes":[]},"element_pack_toolbar_typography_letter_spacing_tablet":{"unit":"px","size":"","sizes":[]},"element_pack_toolbar_typography_letter_spacing_mobile":{"unit":"px","size":"","sizes":[]},"element_pack_global_tooltip_width":{"unit":"px","size":"","sizes":[]},"element_pack_global_tooltip_width_tablet":{"unit":"px","size":"","sizes":[]},"element_pack_global_tooltip_width_mobile":{"unit":"px","size":"","sizes":[]},"element_pack_global_tooltip_background_color_stop":{"unit":"%","size":"0","sizes":[]},"element_pack_global_tooltip_background_color_b_stop":{"unit":"%","size":"100","sizes":[]},"element_pack_global_tooltip_background_gradient_angle":{"unit":"deg","size":"180","sizes":[]},"element_pack_global_tooltip_background_xpos":{"unit":"px","size":"0","sizes":[]},"element_pack_global_tooltip_background_xpos_tablet":{"unit":"px","size":"0","sizes":[]},"element_pack_global_tooltip_background_xpos_mobile":{"unit":"px","size":"0","sizes":[]},"element_pack_global_tooltip_background_ypos":{"unit":"px","size":"0","sizes":[]},"element_pack_global_tooltip_background_ypos_tablet":{"unit":"px","size":"0","sizes":[]},"element_pack_global_tooltip_background_ypos_mobile":{"unit":"px","size":"0","sizes":[]},"element_pack_global_tooltip_background_bg_width":{"unit":"%","size":"100","sizes":[]},"element_pack_global_tooltip_background_bg_width_tablet":{"unit":"px","size":"","sizes":[]},"element_pack_global_tooltip_background_bg_width_mobile":{"unit":"px","size":"","sizes":[]},"element_pack_global_tooltip_typography_font_size":{"unit":"px","size":"","sizes":[]},"element_pack_global_tooltip_typography_font_size_tablet":{"unit":"px","size":"","sizes":[]},"element_pack_global_tooltip_typography_font_size_mobile":{"unit":"px","size":"","sizes":[]},"element_pack_global_tooltip_typography_line_height":{"unit":"em","size":"","sizes":[]},"element_pack_global_tooltip_typography_line_height_tablet":{"unit":"em","size":"","sizes":[]},"element_pack_global_tooltip_typography_line_height_mobile":{"unit":"em","size":"","sizes":[]},"element_pack_global_tooltip_typography_letter_spacing":{"unit":"px","size":"","sizes":[]},"element_pack_global_tooltip_typography_letter_spacing_tablet":{"unit":"px","size":"","sizes":[]},"element_pack_global_tooltip_typography_letter_spacing_mobile":{"unit":"px","size":"","sizes":[]}}}