{"version":"0.4","title":"Header Demo Set 3-1","type":"section","content":[{"id":"57de5186","settings":{"structure":"40","margin":{"unit":"px","top":"","right":0,"bottom":"","left":0,"isLinked":true},"background_background":"classic","background_color":"rgba(255,255,255,0.87)","padding":{"unit":"px","top":"15","right":"0","bottom":"0","left":"0","isLinked":false},"section_sticky_active_bg":"#ffffff","background_overlay_opacity":{"unit":"px","size":0.8000000000000000444089209850062616169452667236328125,"sizes":[]},"background_image":{"url":"https:\/\/bdthemes.net\/demo\/ready-pages\/ready-blocks\/wp-content\/uploads\/2019\/04\/medical-header-bg.jpg","id":48211},"background_size":"cover","background_overlay_background":"classic","background_overlay_color":"#ffffff","margin_tablet":{"unit":"px","top":"0","right":0,"bottom":"0","left":0,"isLinked":false},"padding_tablet":{"unit":"px","top":"0","right":"0","bottom":"10","left":"0","isLinked":false}},"elements":[{"id":"53be3f35","settings":{"_column_size":25,"_inline_size":null,"background_background":"classic","border_radius":{"unit":"px","top":"5","right":"0","bottom":"0","left":"5","isLinked":false},"_inline_size_tablet":20,"_inline_size_mobile":50},"elements":[{"id":"69deba7b","settings":{"title":"EMEDICAL","typography_typography":"custom","typography_font_family":"Quicksand","typography_font_size":{"unit":"px","size":24,"sizes":[]},"typography_font_weight":"900","_margin":{"unit":"px","top":"30","right":"0","bottom":"0","left":"30","isLinked":false},"link":{"url":"#","is_external":"","nofollow":""}},"elements":[],"isInner":false,"widgetType":"heading","elType":"widget"}],"isInner":true,"elType":"column"},{"id":"69fd4915","settings":{"_column_size":25,"_inline_size":52.25800000000000267164068645797669887542724609375,"background_background":"classic","_inline_size_tablet":30,"_inline_size_mobile":30},"elements":[{"id":"66e5abf2","settings":{"navs":[{"nav_title":"HOME","nav_link":{"url":"#section-1","is_external":"","nofollow":""},"_id":"bf68a60","nav_icon":""},{"nav_title":"SERVICES","nav_link":{"url":"#section-2","is_external":"","nofollow":""},"_id":"e3928c6","nav_icon":""},{"nav_title":"SPECIALIST","nav_link":{"url":"#section-3","is_external":"","nofollow":""},"_id":"b42577d","nav_icon":""},{"nav_title":"BLOG","nav_link":{"url":"#section-4","is_external":"","nofollow":""},"_id":"e6c86f6","nav_icon":""},{"nav_title":"CONTACT","nav_link":{"url":"#section-5","is_external":"","nofollow":""},"_id":"b9c6cfd","nav_icon":""}],"alignment":"center","nav_color":"#000000","nav_typography_typography":"custom","nav_typography_font_family":"Quicksand","nav_typography_font_weight":"900","nav_hover_color":"#999999","nav_active_color":"#612fff","hide_tablet":"hidden-tablet","hide_mobile":"hidden-phone","_margin":{"unit":"px","top":"0","right":"0","bottom":"0","left":"0","isLinked":false}},"elements":[],"isInner":false,"widgetType":"bdt-scrollnav","elType":"widget"},{"id":"6cc7dce7","settings":{"offcanvas_custom_id":"#bdt-custom-offcanvas","button_text":"","button_align":"center","offcanvas_button_text_color":"#000000","offcanvas_button_background_color":"rgba(0,0,0,0)","_margin_tablet":{"unit":"px","top":"20","right":"0","bottom":"0","left":"0","isLinked":false},"hide_desktop":"hidden-desktop","sidebars":"offcanvas"},"elements":[],"isInner":false,"widgetType":"bdt-offcanvas","elType":"widget"}],"isInner":true,"elType":"column"},{"id":"cdeb174","settings":{"_column_size":25,"_inline_size":19.11299999999999954525264911353588104248046875,"background_background":"classic","_inline_size_tablet":30,"_inline_size_mobile":80,"hide_mobile":"hidden-phone"},"elements":[{"id":"33e63c1d","settings":{"icon":"fa fa-user-o","title_text":"CALL US","description_text":"+123 2365 6655","position":"left","icon_vertical_alignment":"middle","readmore_text":"Read More","badge_text":"POPULAR","readmore":"","icon_radius_advanced":"75% 25% 43% 57% \/ 46% 29% 71% 54%","icon_size":{"unit":"px","size":28,"sizes":[]},"text_align":"left","title_bottom_space":{"unit":"px","size":0,"sizes":[]},"title_typography_typography":"custom","title_typography_font_size":{"unit":"px","size":12,"sizes":[]},"description_bottom_space":{"unit":"px","size":0,"sizes":[]},"description_typography_typography":"custom","description_typography_font_size":{"unit":"px","size":14,"sizes":[]},"description_typography_font_weight":"900","_padding":{"unit":"px","top":"20","right":"0","bottom":"0","left":"0","isLinked":false},"image":{"id":"47603","url":"http:\/\/192.168.1.100\/service-ready-pages\/wp-content\/uploads\/2019\/04\/placeholder-1.png"},"hide_mobile":"hidden-phone","selected_icon":{"value":"far fa-user","library":"fa-regular"},"__fa4_migrated":{"selected_icon":true}},"elements":[],"isInner":false,"widgetType":"bdt-advanced-icon-box","elType":"widget"}],"isInner":true,"elType":"column"},{"id":"45a6f3fc","settings":{"_column_size":25,"_inline_size":3.629000000000000003552713678800500929355621337890625,"background_background":"classic","border_radius":{"unit":"px","top":"0","right":"5","bottom":"5","left":"0","isLinked":false},"_inline_size_mobile":20,"margin_mobile":{"unit":"px","top":"0","right":"0","bottom":"0","left":"0","isLinked":false},"_inline_size_tablet":20},"elements":[{"id":"665411d","settings":{"skin":"modal","placeholder":"","_margin":{"unit":"px","top":"20","right":"0","bottom":"0","left":"0","isLinked":false},"_margin_tablet":{"unit":"px","top":"20","right":"0","bottom":"0","left":"0","isLinked":false},"_margin_mobile":{"unit":"px","top":"25","right":"0","bottom":"0","left":"0","isLinked":false},"_padding_mobile":{"unit":"px","top":"0","right":"0","bottom":"0","left":"0","isLinked":false},"search_align_tablet":"right"},"elements":[],"isInner":false,"widgetType":"bdt-search","elType":"widget"}],"isInner":true,"elType":"column"}],"isInner":true,"elType":"section"}]}