{"version":"0.4","title":"Header Demo Set 3-10","type":"section","content":[{"id":"421b2f2e","settings":{"structure":"30","border_border":"solid","border_width":{"unit":"px","top":"0","right":"0","bottom":"1","left":"0","isLinked":false},"border_color":"#c9c9c9","_title":"Header","background_background":"classic","background_color":"#fffaf7","margin_tablet":{"unit":"px","top":"0","right":0,"bottom":"0","left":0,"isLinked":false},"padding_tablet":{"unit":"px","top":"0","right":"30","bottom":"0","left":"30","isLinked":false}},"elements":[{"id":"7bc727a9","settings":{"_column_size":33,"_inline_size":20.492000000000000881072992342524230480194091796875,"_inline_size_mobile":50},"elements":[{"id":"2974376e","settings":{"image":{"id":47845,"url":"http:\/\/192.168.1.100\/business-ready-pages\/wp-content\/uploads\/2019\/04\/logo-1-3.png"},"align":"left","_margin":{"unit":"px","top":"20","right":"0","bottom":"0","left":"0","isLinked":false}},"elements":[],"isInner":false,"widgetType":"image","elType":"widget"}],"isInner":true,"elType":"column"},{"id":"15c3462e","settings":{"_column_size":33,"_inline_size":59.0979999999999989768184605054557323455810546875,"_inline_size_mobile":25},"elements":[{"id":"4333dc50","settings":{"navs":[{"nav_title":"HOME","nav_link":{"url":"#section-1","is_external":"","nofollow":""},"_id":"13d4230","nav_icon":""},{"nav_title":"ABOUT","nav_link":{"url":"#section-2","is_external":"","nofollow":""},"_id":"8fabff3","nav_icon":""},{"nav_title":"FEATURE","nav_link":{"url":"#section-3","is_external":"","nofollow":""},"_id":"3ec8974","nav_icon":""},{"nav_title":"TEAM","nav_link":{"url":"#section-4","is_external":"","nofollow":""},"_id":"0a68397","nav_icon":""},{"nav_title":"PORTFOLIO","nav_link":{"url":"#section-5","is_external":"","nofollow":""},"_id":"cfa427f","nav_icon":""},{"nav_title":"BLOG","nav_link":{"url":"#section-6","is_external":"","nofollow":""},"_id":"59c6dc8","nav_icon":""},{"nav_title":"NEWSLETTER","nav_link":{"url":"#section-7","is_external":"","nofollow":""},"_id":"1f7aff8","nav_icon":""}],"alignment":"center","nav_color":"#54595f","nav_typography_typography":"custom","nav_typography_font_family":"Fira Sans","nav_typography_font_size":{"unit":"px","size":15},"menu_height":{"unit":"px","size":60,"sizes":[]},"hide_tablet":"hidden-tablet","hide_mobile":"hidden-phone","_margin":{"unit":"px","top":"20","right":"0","bottom":"0","left":"0","isLinked":false}},"elements":[],"isInner":false,"widgetType":"bdt-scrollnav","elType":"widget"},{"id":"14e65e14","settings":{"offcanvas_custom_id":"#bdt-custom-offcanvas","button_text":"","button_align":"center","offcanvas_button_text_color":"#000000","offcanvas_button_background_color":"rgba(0,0,0,0)","_margin_tablet":{"unit":"px","top":"20","right":"0","bottom":"0","left":"0","isLinked":false},"hide_desktop":"hidden-desktop","sidebars":"offcanvas"},"elements":[],"isInner":false,"widgetType":"bdt-offcanvas","elType":"widget"}],"isInner":true,"elType":"column"},{"id":"9bff136","settings":{"_column_size":33,"_inline_size":20.40599999999999880628820392303168773651123046875,"_inline_size_mobile":25},"elements":[{"id":"5c9ac04e","settings":{"skin":"dropdown","placeholder":"Search...","search_align":"right","_margin":{"unit":"px","top":"40","right":"0","bottom":"0","left":"0","isLinked":false},"toggle_icon_color":"#000000","_margin_tablet":{"unit":"px","top":"25","right":"0","bottom":"0","left":"0","isLinked":false}},"elements":[],"isInner":false,"widgetType":"bdt-search","elType":"widget"}],"isInner":true,"elType":"column"}],"isInner":true,"elType":"section"}]}