{"version":"0.4","title":"Header Demo Set 3-3","type":"section","content":[{"id":"7e826bd","settings":{"structure":"30","padding":{"unit":"px","top":"30","right":"0","bottom":"0","left":"0","isLinked":false},"margin":{"unit":"px","top":"0","right":0,"bottom":"0","left":0,"isLinked":false},"section_scheduled_content_start_date":"2018-02-01 00:00","section_scheduled_content_end_date":"2018-02-28 00:00","background_background":"classic","background_image":{"url":"https:\/\/bdthemes.net\/demo\/ready-pages\/ready-blocks\/wp-content\/uploads\/2019\/04\/plumber-header-bg.jpg","id":48283},"background_size":"cover","background_overlay_background":"classic","background_overlay_color":"rgba(0,0,0,0.52)","margin_tablet":{"unit":"px","top":"0","right":0,"bottom":"0","left":0,"isLinked":false},"padding_tablet":{"unit":"px","top":"20","right":"0","bottom":"0","left":"0","isLinked":false},"padding_mobile":{"unit":"px","top":"0","right":"0","bottom":"0","left":"20","isLinked":false}},"elements":[{"id":"46a139e3","settings":{"_column_size":33,"_inline_size":20,"_inline_size_tablet":30,"_inline_size_mobile":50},"elements":[{"id":"ad7d012","settings":{"image":{"id":48263,"url":"https:\/\/bdthemes.net\/demo\/ready-pages\/ready-blocks\/wp-content\/uploads\/2019\/04\/logo-1.png"},"align":"left","width":{"unit":"%","size":65},"link_to":"custom","link":{"url":"#","is_external":"","nofollow":""},"width_tablet":{"unit":"%","size":71,"sizes":[]},"width_mobile":{"unit":"%","size":80,"sizes":[]},"_margin_tablet":{"unit":"px","top":"0","right":"0","bottom":"0","left":"0","isLinked":false}},"elements":[],"isInner":false,"widgetType":"image","elType":"widget"}],"isInner":true,"elType":"column"},{"id":"12e6cd91","settings":{"_column_size":33,"_inline_size":59.6640000000000014779288903810083866119384765625,"_inline_size_tablet":40,"_inline_size_mobile":50},"elements":[{"id":"1b9e2e45","settings":{"navbar":"main-menu","align":"flex-start","menu_link_color":"#ffffff","_margin":{"unit":"px","top":"-20","right":"0","bottom":"0","left":"0","isLinked":false},"hide_tablet":"hidden-tablet","hide_mobile":"hidden-phone","align_mobile":"flex-start"},"elements":[],"isInner":false,"widgetType":"bdt-navbar","elType":"widget"},{"id":"736e79b4","settings":{"offcanvas_custom_id":"#bdt-custom-offcanvas","button_text":"","button_align":"center","offcanvas_button_background_color":"rgba(0,0,0,0)","hide_desktop":"hidden-desktop","sidebars":"offcanvas","button_align_mobile":"right"},"elements":[],"isInner":false,"widgetType":"bdt-offcanvas","elType":"widget"}],"isInner":true,"elType":"column"},{"id":"14a0cf7e","settings":{"_column_size":33,"_inline_size":20,"_inline_size_tablet":30,"_inline_size_mobile":50,"hide_mobile":"hidden-phone"},"elements":[{"id":"4201c0fe","settings":{"placeholder":"Search...","search_align":"left"},"elements":[],"isInner":false,"widgetType":"bdt-search","elType":"widget"}],"isInner":true,"elType":"column"}],"isInner":true,"elType":"section"}],"page_settings":{"background_color_stop":{"unit":"%","size":"0","sizes":[]},"background_color_b_stop":{"unit":"%","size":"100","sizes":[]},"background_gradient_angle":{"unit":"deg","size":"180","sizes":[]},"background_xpos":{"unit":"px","size":"0","sizes":[]},"background_xpos_tablet":{"unit":"px","size":"0","sizes":[]},"background_xpos_mobile":{"unit":"px","size":"0","sizes":[]},"background_ypos":{"unit":"px","size":"0","sizes":[]},"background_ypos_tablet":{"unit":"px","size":"0","sizes":[]},"background_ypos_mobile":{"unit":"px","size":"0","sizes":[]},"background_bg_width":{"unit":"%","size":"100","sizes":[]},"background_bg_width_tablet":{"unit":"px","size":"","sizes":[]},"background_bg_width_mobile":{"unit":"px","size":"","sizes":[]},"element_pack_toolbar_typography_font_size":{"unit":"px","size":"","sizes":[]},"element_pack_toolbar_typography_font_size_tablet":{"unit":"px","size":"","sizes":[]},"element_pack_toolbar_typography_font_size_mobile":{"unit":"px","size":"","sizes":[]},"element_pack_toolbar_typography_line_height":{"unit":"em","size":"","sizes":[]},"element_pack_toolbar_typography_line_height_tablet":{"unit":"em","size":"","sizes":[]},"element_pack_toolbar_typography_line_height_mobile":{"unit":"em","size":"","sizes":[]},"element_pack_toolbar_typography_letter_spacing":{"unit":"px","size":"","sizes":[]},"element_pack_toolbar_typography_letter_spacing_tablet":{"unit":"px","size":"","sizes":[]},"element_pack_toolbar_typography_letter_spacing_mobile":{"unit":"px","size":"","sizes":[]},"element_pack_global_tooltip_width":{"unit":"px","size":"","sizes":[]},"element_pack_global_tooltip_width_tablet":{"unit":"px","size":"","sizes":[]},"element_pack_global_tooltip_width_mobile":{"unit":"px","size":"","sizes":[]},"element_pack_global_tooltip_background_color_stop":{"unit":"%","size":"0","sizes":[]},"element_pack_global_tooltip_background_color_b_stop":{"unit":"%","size":"100","sizes":[]},"element_pack_global_tooltip_background_gradient_angle":{"unit":"deg","size":"180","sizes":[]},"element_pack_global_tooltip_background_xpos":{"unit":"px","size":"0","sizes":[]},"element_pack_global_tooltip_background_xpos_tablet":{"unit":"px","size":"0","sizes":[]},"element_pack_global_tooltip_background_xpos_mobile":{"unit":"px","size":"0","sizes":[]},"element_pack_global_tooltip_background_ypos":{"unit":"px","size":"0","sizes":[]},"element_pack_global_tooltip_background_ypos_tablet":{"unit":"px","size":"0","sizes":[]},"element_pack_global_tooltip_background_ypos_mobile":{"unit":"px","size":"0","sizes":[]},"element_pack_global_tooltip_background_bg_width":{"unit":"%","size":"100","sizes":[]},"element_pack_global_tooltip_background_bg_width_tablet":{"unit":"px","size":"","sizes":[]},"element_pack_global_tooltip_background_bg_width_mobile":{"unit":"px","size":"","sizes":[]},"element_pack_global_tooltip_typography_font_size":{"unit":"px","size":"","sizes":[]},"element_pack_global_tooltip_typography_font_size_tablet":{"unit":"px","size":"","sizes":[]},"element_pack_global_tooltip_typography_font_size_mobile":{"unit":"px","size":"","sizes":[]},"element_pack_global_tooltip_typography_line_height":{"unit":"em","size":"","sizes":[]},"element_pack_global_tooltip_typography_line_height_tablet":{"unit":"em","size":"","sizes":[]},"element_pack_global_tooltip_typography_line_height_mobile":{"unit":"em","size":"","sizes":[]},"element_pack_global_tooltip_typography_letter_spacing":{"unit":"px","size":"","sizes":[]},"element_pack_global_tooltip_typography_letter_spacing_tablet":{"unit":"px","size":"","sizes":[]},"element_pack_global_tooltip_typography_letter_spacing_mobile":{"unit":"px","size":"","sizes":[]}}}