{"version":"0.4","title":"food-features-blocks-3","type":"section","content":[{"id":"71be2cab","settings":{"padding":{"unit":"px","top":"120","right":"0","bottom":"120","left":"0","isLinked":false},"padding_tablet":{"unit":"px","top":"80","right":"30","bottom":"80","left":"30","isLinked":false},"padding_mobile":{"unit":"px","top":"50","right":"15","bottom":"50","left":"15","isLinked":false},"background_background":"classic","background_image":{"url":"https:\/\/bdthemes.net\/demo\/ready-pages\/ready-blocks\/wp-content\/uploads\/2019\/05\/food-menu-list.jpg","id":50878},"background_size":"cover","background_overlay_background":"classic","background_overlay_color":"#000000"},"elements":[{"id":"7954add6","settings":{"_column_size":100,"_inline_size_mobile":100,"padding_mobile":{"unit":"px","top":"0","right":"0","bottom":"0","left":"0","isLinked":false},"_inline_size_tablet":100,"padding":{"unit":"px","top":"0","right":"0","bottom":"0","left":"0","isLinked":true}},"elements":[{"id":"4a59e7aa","settings":{"title":"Food Menu With Price","align":"center","typography_typography":"custom","typography_font_family":"Lobster","typography_font_size":{"unit":"px","size":40,"sizes":[]},"typography_font_size_mobile":{"unit":"px","size":36,"sizes":[]},"title_color":"#ffffff","typography_font_size_tablet":{"unit":"px","size":40,"sizes":[]},"typography_font_weight":"300","typography_line_height":{"unit":"em","size":1.3000000000000000444089209850062616169452667236328125,"sizes":[]}},"elements":[],"isInner":false,"widgetType":"heading","elType":"widget"},{"id":"646b1b87","settings":{"gap":"wider","structure":"20"},"elements":[{"id":"410198da","settings":{"_column_size":50,"_inline_size":null,"_inline_size_tablet":100,"_inline_size_mobile":100,"padding_mobile":{"unit":"px","top":"0","right":"0","bottom":"0","left":"0","isLinked":false}},"elements":[{"id":"3807accb","settings":{"price_list":[{"title":"Meat Kebab","price":"$19","link":{"url":"#"},"_id":"44a7cae","item_description":"A wonderful serenity has taken possession of my entire soul, like these sweet mornings.","image":{"url":"","id":""}},{"title":"Vegetable Roll Food","price":"$30","link":{"url":"#"},"_id":"84c977d","item_description":"A wonderful serenity has taken possession of my entire soul, like these sweet mornings.","image":{"url":"","id":""}},{"title":"Chao Maine","price":"$14","link":{"url":"#"},"_id":"1ae1396","item_description":"A wonderful serenity has taken possession of my entire soul, like these sweet mornings.","image":{"url":"","id":""}}],"heading_color":"#b4d828","heading_typography_typography":"custom","heading_typography_font_family":"Lobster","heading_typography_font_size":{"unit":"px","size":28},"image_size":{"unit":"px","size":195},"image_spacing":{"unit":"px","size":30},"row_gap":{"unit":"px","size":50},"price_hover_color":"#000000","price_background_color":"#b4d828","price_border_radius":{"unit":"px","size":10},"price_width":{"unit":"px","size":60},"price_height":{"unit":"px","size":60},"price_box_shadow_box_shadow_type":"yes","price_box_shadow_box_shadow":{"horizontal":0,"vertical":10,"blur":50,"spread":0,"color":"rgba(0,0,0,0.05)"},"description_color":"#ffffff","description_typography_typography":"custom","description_typography_font_family":"Cabin"},"elements":[],"isInner":false,"widgetType":"bdt-price-list","elType":"widget"}],"isInner":true,"elType":"column"},{"id":"21789e67","settings":{"_column_size":50,"_inline_size":null,"_inline_size_tablet":100,"_inline_size_mobile":100,"margin_tablet":{"unit":"px","top":"-10","right":"0","bottom":"0","left":"0","isLinked":false},"padding_mobile":{"unit":"px","top":"60","right":"0","bottom":"0","left":"0","isLinked":false}},"elements":[{"id":"1cdc24e0","settings":{"price_list":[{"title":"Various Fruits Food","price":"$25","link":{"url":"#"},"_id":"44a7cae","item_description":"A wonderful serenity has taken possession of my entire soul, like these sweet mornings.","image":{"url":"","id":""}},{"title":"Bread Pizza ","price":"$22","link":{"url":"#"},"_id":"84c977d","item_description":"A wonderful serenity has taken possession of my entire soul, like these sweet mornings.","image":{"url":"","id":""}},{"title":"Burger Food","price":"$27","link":{"url":"#"},"_id":"1ae1396","item_description":"A wonderful serenity has taken possession of my entire soul, like these sweet mornings.","image":{"url":"","id":""}}],"heading_color":"#b4d828","heading_typography_typography":"custom","heading_typography_font_family":"Lobster","heading_typography_font_size":{"unit":"px","size":28},"image_size":{"unit":"px","size":195},"image_spacing":{"unit":"px","size":30},"row_gap":{"unit":"px","size":50},"price_hover_color":"#000000","price_background_color":"#b4d828","price_border_radius":{"unit":"px","size":10},"price_width":{"unit":"px","size":60},"price_height":{"unit":"px","size":60},"price_box_shadow_box_shadow_type":"yes","price_box_shadow_box_shadow":{"horizontal":0,"vertical":10,"blur":50,"spread":0,"color":"rgba(0,0,0,0.05)"},"description_color":"#ffffff","description_typography_typography":"custom","description_typography_font_family":"Cabin"},"elements":[],"isInner":false,"widgetType":"bdt-price-list","elType":"widget"}],"isInner":true,"elType":"column"}],"isInner":true,"elType":"section"}],"isInner":false,"elType":"column"}],"isInner":false,"elType":"section"}],"page_settings":{"background_color_stop":{"unit":"%","size":"0","sizes":[]},"background_color_b_stop":{"unit":"%","size":"100","sizes":[]},"background_gradient_angle":{"unit":"deg","size":"180","sizes":[]},"background_xpos":{"unit":"px","size":"0","sizes":[]},"background_xpos_tablet":{"unit":"px","size":"0","sizes":[]},"background_xpos_mobile":{"unit":"px","size":"0","sizes":[]},"background_ypos":{"unit":"px","size":"0","sizes":[]},"background_ypos_tablet":{"unit":"px","size":"0","sizes":[]},"background_ypos_mobile":{"unit":"px","size":"0","sizes":[]},"background_bg_width":{"unit":"%","size":"100","sizes":[]},"background_bg_width_tablet":{"unit":"px","size":"","sizes":[]},"background_bg_width_mobile":{"unit":"px","size":"","sizes":[]},"element_pack_toolbar_typography_font_size":{"unit":"px","size":"","sizes":[]},"element_pack_toolbar_typography_font_size_tablet":{"unit":"px","size":"","sizes":[]},"element_pack_toolbar_typography_font_size_mobile":{"unit":"px","size":"","sizes":[]},"element_pack_toolbar_typography_line_height":{"unit":"em","size":"","sizes":[]},"element_pack_toolbar_typography_line_height_tablet":{"unit":"em","size":"","sizes":[]},"element_pack_toolbar_typography_line_height_mobile":{"unit":"em","size":"","sizes":[]},"element_pack_toolbar_typography_letter_spacing":{"unit":"px","size":"","sizes":[]},"element_pack_toolbar_typography_letter_spacing_tablet":{"unit":"px","size":"","sizes":[]},"element_pack_toolbar_typography_letter_spacing_mobile":{"unit":"px","size":"","sizes":[]},"element_pack_global_tooltip_width":{"unit":"px","size":"","sizes":[]},"element_pack_global_tooltip_width_tablet":{"unit":"px","size":"","sizes":[]},"element_pack_global_tooltip_width_mobile":{"unit":"px","size":"","sizes":[]},"element_pack_global_tooltip_background_color_stop":{"unit":"%","size":"0","sizes":[]},"element_pack_global_tooltip_background_color_b_stop":{"unit":"%","size":"100","sizes":[]},"element_pack_global_tooltip_background_gradient_angle":{"unit":"deg","size":"180","sizes":[]},"element_pack_global_tooltip_background_xpos":{"unit":"px","size":"0","sizes":[]},"element_pack_global_tooltip_background_xpos_tablet":{"unit":"px","size":"0","sizes":[]},"element_pack_global_tooltip_background_xpos_mobile":{"unit":"px","size":"0","sizes":[]},"element_pack_global_tooltip_background_ypos":{"unit":"px","size":"0","sizes":[]},"element_pack_global_tooltip_background_ypos_tablet":{"unit":"px","size":"0","sizes":[]},"element_pack_global_tooltip_background_ypos_mobile":{"unit":"px","size":"0","sizes":[]},"element_pack_global_tooltip_background_bg_width":{"unit":"%","size":"100","sizes":[]},"element_pack_global_tooltip_background_bg_width_tablet":{"unit":"px","size":"","sizes":[]},"element_pack_global_tooltip_background_bg_width_mobile":{"unit":"px","size":"","sizes":[]},"element_pack_global_tooltip_typography_font_size":{"unit":"px","size":"","sizes":[]},"element_pack_global_tooltip_typography_font_size_tablet":{"unit":"px","size":"","sizes":[]},"element_pack_global_tooltip_typography_font_size_mobile":{"unit":"px","size":"","sizes":[]},"element_pack_global_tooltip_typography_line_height":{"unit":"em","size":"","sizes":[]},"element_pack_global_tooltip_typography_line_height_tablet":{"unit":"em","size":"","sizes":[]},"element_pack_global_tooltip_typography_line_height_mobile":{"unit":"em","size":"","sizes":[]},"element_pack_global_tooltip_typography_letter_spacing":{"unit":"px","size":"","sizes":[]},"element_pack_global_tooltip_typography_letter_spacing_tablet":{"unit":"px","size":"","sizes":[]},"element_pack_global_tooltip_typography_letter_spacing_mobile":{"unit":"px","size":"","sizes":[]}}}