{"version":"0.4","title":"Various Features Set 1-5","type":"section","content":[{"id":"64312e3d","settings":{"padding":{"unit":"px","top":"120","right":"0","bottom":"120","left":"0","isLinked":false},"padding_tablet":{"unit":"px","top":"80","right":"50","bottom":"80","left":"50","isLinked":false},"padding_mobile":{"unit":"px","top":"50","right":"15","bottom":"50","left":"15","isLinked":false},"background_background":"classic","background_color":"#f8fbff"},"elements":[{"id":"2649daf","settings":{"_column_size":100,"_inline_size_tablet":100,"_inline_size_mobile":100,"padding":{"unit":"px","top":"0","right":"0","bottom":"0","left":"0","isLinked":true}},"elements":[{"id":"85f9c2a","settings":[],"elements":[{"id":"3cc2f2df","settings":{"_column_size":100,"_inline_size":null,"_inline_size_tablet":100,"_inline_size_mobile":100},"elements":[{"id":"43b4ccfa","settings":{"title":"Running Campaign","align":"left","typography_typography":"custom","typography_font_size_mobile":{"unit":"px","size":22,"sizes":[]},"title_color":"#000000","typography_font_weight":"300","typography_line_height":{"unit":"em","size":1.5,"sizes":[]},"align_mobile":"left","typography_font_family":"Fjalla One","_margin_mobile":{"unit":"px","top":"0","right":"0","bottom":"0","left":"30","isLinked":false}},"elements":[],"isInner":false,"widgetType":"heading","elType":"widget"},{"id":"170ca444","settings":{"editor":"<p>The world best orphan social ad campaign projects.<\/p>","align":"left","typography_font_size":{"unit":"px","size":24,"sizes":[]},"typography_font_size_mobile":{"unit":"px","size":22,"sizes":[]},"align_mobile":"left","typography_typography":"custom","typography_font_weight":"300","_margin_mobile":{"unit":"px","top":"0","right":"0","bottom":"0","left":"30","isLinked":false}},"elements":[],"isInner":false,"widgetType":"text-editor","elType":"widget"}],"isInner":true,"elType":"column"}],"isInner":true,"elType":"section"},{"id":"3b9b087","settings":{"content_width":{"unit":"px","size":1100,"sizes":[]},"padding_mobile":{"unit":"px","top":"0","right":"30","bottom":"0","left":"30","isLinked":false}},"elements":[{"id":"3237796b","settings":{"_column_size":100,"_inline_size":null,"_inline_size_tablet":100,"_inline_size_mobile":100,"padding":{"unit":"px","top":"0","right":"0","bottom":"0","left":"0","isLinked":true}},"elements":[{"id":"60e107d8","settings":{"show_excerpt":"","read_more_text":"Read More","match_height":"yes","title_typography_typography":"custom","title_typography_font_size":{"unit":"px","size":16,"sizes":[]},"title_typography_font_weight":"400","button_text_color":"#4a90e2","button_background_color":"rgba(0,0,0,0)","button_shadow_box_shadow_type":"yes","button_shadow_box_shadow":{"horizontal":0,"vertical":0,"blur":0,"spread":0,"color":"#4a90e2"},"button_border_radius":{"unit":"px","top":"0","right":"0","bottom":"0","left":"0","isLinked":true},"button_text_padding":{"unit":"px","top":"0","right":"0","bottom":"0","left":"0","isLinked":true},"button_typography_typography":"custom","button_typography_font_weight":"300","button_hover_color":"#4054b2","button_hover_shadow_box_shadow_type":"yes","button_hover_shadow_box_shadow":{"horizontal":0,"vertical":1,"blur":0,"spread":0,"color":"#4054b2"},"title_typography_font_family":"Fjalla One","arrows_size":{"unit":"px","size":30,"sizes":[]},"arrows_background":"#4a90e2","arrows_hover_background":"#4054b2","arrows_color":"#ffffff","arrows_hover_color":"#ffffff","arrows_padding":{"unit":"px","top":"5","right":"10","bottom":"5","left":"10","isLinked":false},"arrows_acx_position":{"unit":"px","size":-100,"sizes":[]}},"elements":[],"isInner":false,"widgetType":"bdt-carousel","elType":"widget"}],"isInner":true,"elType":"column"}],"isInner":true,"elType":"section"},{"id":"7ce4e034","settings":{"content_width":{"unit":"px","size":1100,"sizes":[]},"gap":"wider","structure":"20","padding":{"unit":"px","top":"80","right":"0","bottom":"80","left":"0","isLinked":false},"padding_mobile":{"unit":"px","top":"50","right":"30","bottom":"0","left":"30","isLinked":false}},"elements":[{"id":"65e471ab","settings":{"_column_size":50,"_inline_size":null,"_inline_size_tablet":100,"_inline_size_mobile":100,"padding":{"unit":"px","top":"0","right":"0","bottom":"0","left":"0","isLinked":true}},"elements":[{"id":"7f9b23ff","settings":{"title":"Stay informed about new and upcoming campaigns become a respite care provider","align":"left","typography_typography":"custom","typography_font_size_mobile":{"unit":"px","size":22,"sizes":[]},"title_color":"#54595f","typography_font_size":{"unit":"px","size":24,"sizes":[]},"typography_font_weight":"200","typography_line_height":{"unit":"em","size":1.5,"sizes":[]},"align_mobile":"left","typography_font_family":"Fjalla One"},"elements":[],"isInner":false,"widgetType":"heading","elType":"widget"},{"id":"3939f85a","settings":{"editor":"<p>Our customers love the comfort that comes with six-months of included support. Our dedicated support forum makes support hassle-free.<\/p>"},"elements":[],"isInner":false,"widgetType":"text-editor","elType":"widget"}],"isInner":true,"elType":"column"},{"id":"306b19e9","settings":{"_column_size":50,"_inline_size":null,"_inline_size_tablet":100,"_inline_size_mobile":100,"content_position":"center","padding_tablet":{"unit":"px","top":"0","right":"0","bottom":"0","left":"0","isLinked":false},"padding_mobile":{"unit":"px","top":"0","right":"0","bottom":"0","left":"0","isLinked":false}},"elements":[{"id":"75e78ac5","settings":{"email_field_placeholder":"Email *","button_text":"SIGNUP","space":"collapse","input_radius":{"unit":"px","top":"0","right":"0","bottom":"0","left":"0","isLinked":true},"input_padding":{"unit":"px","top":"28","right":"28","bottom":"28","left":"28","isLinked":true},"button_text_color":"#666666","background_color":"#ffffff","border_border":"solid","border_width":{"unit":"px","top":"0","right":"0","bottom":"0","left":"2","isLinked":false},"border_color":"#e8e8e8","radius":{"unit":"px","top":"0","right":"0","bottom":"0","left":"0","isLinked":true},"text_padding":{"unit":"px","top":"8","right":"50","bottom":"8","left":"50","isLinked":false},"button_background_hover_color":"#4a90e2","input_background":"rgba(255,255,255,0.97)","input_placeholder_color":"#000000","button_typography_typography":"custom","button_typography_font_size":{"unit":"px","size":13},"button_typography_font_weight":"600","hover_color":"#ffffff","button_hover_border_color":"#4a90e2","_box_shadow_box_shadow_type":"yes","_box_shadow_box_shadow":{"horizontal":0,"vertical":10,"blur":30,"spread":0,"color":"rgba(0,0,0,0.05)"}},"elements":[],"isInner":false,"widgetType":"bdt-mailchimp","elType":"widget"}],"isInner":true,"elType":"column"}],"isInner":true,"elType":"section"}],"isInner":false,"elType":"column"}],"isInner":false,"elType":"section"}]}