{"version":"0.4","title":"Various Features Set 1-1","type":"section","content":[{"id":"28bced5c","settings":{"layout":"full_width","background_background":"classic","background_position":"center center","background_size":"cover","background_overlay_background":"classic","background_overlay_color":"#000000","padding":{"unit":"px","top":"120","right":"0","bottom":"120","left":"0","isLinked":false},"padding_tablet":{"unit":"px","top":"80","right":"30","bottom":"80","left":"30","isLinked":false},"padding_mobile":{"unit":"px","top":"50","right":"15","bottom":"50","left":"15","isLinked":false},"animation":"fadeIn","background_color":"#49586b"},"elements":[{"id":"ddd1304","settings":{"_column_size":100,"_inline_size_tablet":100,"_inline_size_mobile":100,"padding_tablet":{"unit":"px","top":"0","right":"0","bottom":"0","left":"0","isLinked":true}},"elements":[{"id":"2dbf1a52","settings":{"content_width":{"unit":"px","size":1600,"sizes":[]},"structure":"50"},"elements":[{"id":"3e3f8e91","settings":{"_column_size":20,"_inline_size":null,"_inline_size_tablet":50,"_inline_size_mobile":100},"elements":[{"id":"1c8888b2","settings":{"icon_type":"image","image":{"id":51444,"url":"https:\/\/bdthemes.net\/demo\/ready-pages\/ready-blocks\/wp-content\/uploads\/2019\/05\/gear.png"},"title_text":"Powerful Settings","description_text":"A wonderful serenity has taken of my entire soul sweet mornings. I am so happy.","icon_vertical_alignment":"bottom","readmore_text":"Read More","badge_text":"POPULAR","top_icon_vertical_offset":{"unit":"px","size":0},"icon_background_background":"classic","icon_padding":{"unit":"px","top":"25","right":"25","bottom":"25","left":"25","isLinked":true},"icon_border_border":"solid","icon_border_width":{"unit":"px","top":"3","right":"3","bottom":"3","left":"3","isLinked":true},"icon_border_color":"#8e3a98","icon_radius":{"unit":"px","top":"100","right":"100","bottom":"100","left":"100","isLinked":true},"icon_size":{"unit":"px","size":40},"text_align":"center","readmore_text_color":"#444444","readmore_typography_typography":"custom","readmore_typography_font_weight":"500","readmore_hover_text_color":"#000000","_padding":{"unit":"px","top":"50","right":"40","bottom":"45","left":"0","isLinked":false},"icon_radius_advanced":"75% 25% 43% 57% \/ 46% 29% 71% 54%","icon_space":{"unit":"px","size":25},"title_bottom_space":{"unit":"px","size":10},"description_bottom_space":{"unit":"px","size":30},"readmore_border_border":"solid","readmore_border_width":{"unit":"px","top":"3","right":"3","bottom":"3","left":"3","isLinked":true},"readmore_border_color":"#fbddd8","readmore_radius":{"unit":"px","top":"100","right":"100","bottom":"100","left":"100","isLinked":true},"readmore_padding":{"unit":"px","top":"5","right":"25","bottom":"5","left":"25","isLinked":false},"readmore_typography_font_size":{"unit":"px","size":14},"readmore_hover_background_background":"classic","readmore_hover_background_color":"#fbddd8","_animation":"fadeInLeft","readmore":"","icon_hover_background_background":"classic","icon_hover_background_color":"#8e3a98","icon_hover_border_color":"#8e3a98","title_color":"#ffffff","description_color":"rgba(255,255,255,0.6)","_padding_tablet":{"unit":"px","top":"0","right":"0","bottom":"0","left":"0","isLinked":false},"_padding_mobile":{"unit":"px","top":"0","right":"0","bottom":"20","left":"0","isLinked":false}},"elements":[],"isInner":false,"widgetType":"bdt-advanced-icon-box","elType":"widget"}],"isInner":true,"elType":"column"},{"id":"45d63045","settings":{"_column_size":20,"_inline_size":null,"_inline_size_tablet":50,"_inline_size_mobile":100},"elements":[{"id":"6e2840c3","settings":{"icon_type":"image","image":{"id":51445,"url":"https:\/\/bdthemes.net\/demo\/ready-pages\/ready-blocks\/wp-content\/uploads\/2019\/05\/writing.png"},"title_text":"Editing System ","description_text":"A wonderful serenity has taken of my entire soul sweet mornings. I am so happy.","icon_vertical_alignment":"bottom","readmore_text":"Read More","badge_text":"POPULAR","top_icon_vertical_offset":{"unit":"px","size":0},"icon_background_background":"classic","icon_padding":{"unit":"px","top":"25","right":"25","bottom":"25","left":"25","isLinked":true},"icon_border_border":"solid","icon_border_width":{"unit":"px","top":"3","right":"3","bottom":"3","left":"3","isLinked":true},"icon_border_color":"#e174bb","icon_radius":{"unit":"px","top":"100","right":"100","bottom":"100","left":"100","isLinked":true},"icon_size":{"unit":"px","size":40},"text_align":"center","readmore_text_color":"#444444","readmore_typography_typography":"custom","readmore_typography_font_weight":"500","readmore_hover_text_color":"#000000","_padding":{"unit":"px","top":"50","right":"40","bottom":"45","left":"0","isLinked":false},"icon_radius_advanced":"75% 25% 43% 57% \/ 46% 29% 71% 54%","icon_space":{"unit":"px","size":25},"title_bottom_space":{"unit":"px","size":10},"description_bottom_space":{"unit":"px","size":30},"readmore_border_border":"solid","readmore_border_width":{"unit":"px","top":"3","right":"3","bottom":"3","left":"3","isLinked":true},"readmore_border_color":"#fbddd8","readmore_radius":{"unit":"px","top":"100","right":"100","bottom":"100","left":"100","isLinked":true},"readmore_padding":{"unit":"px","top":"5","right":"25","bottom":"5","left":"25","isLinked":false},"readmore_typography_font_size":{"unit":"px","size":14},"readmore_hover_background_background":"classic","readmore_hover_background_color":"#fbddd8","_animation":"fadeInLeft","readmore":"","icon_hover_background_background":"classic","icon_hover_background_color":"#e174bb","title_color":"#ffffff","description_color":"rgba(255,255,255,0.6)","_padding_tablet":{"unit":"px","top":"0","right":"0","bottom":"0","left":"0","isLinked":false},"_padding_mobile":{"unit":"px","top":"0","right":"0","bottom":"20","left":"0","isLinked":false}},"elements":[],"isInner":false,"widgetType":"bdt-advanced-icon-box","elType":"widget"}],"isInner":true,"elType":"column"},{"id":"2876bdbc","settings":{"_column_size":20,"_inline_size":null,"_inline_size_tablet":50,"_inline_size_mobile":100},"elements":[{"id":"40ec5092","settings":{"icon_type":"image","image":{"id":51447,"url":"https:\/\/bdthemes.net\/demo\/ready-pages\/ready-blocks\/wp-content\/uploads\/2019\/05\/design.png"},"title_text":"Bright Future","description_text":"A wonderful serenity has taken of my entire soul sweet mornings. I am so happy.","icon_vertical_alignment":"bottom","readmore_text":"Read More","badge_text":"POPULAR","top_icon_vertical_offset":{"unit":"px","size":0},"icon_background_background":"classic","icon_padding":{"unit":"px","top":"25","right":"25","bottom":"25","left":"25","isLinked":true},"icon_border_border":"solid","icon_border_width":{"unit":"px","top":"3","right":"3","bottom":"3","left":"3","isLinked":true},"icon_border_color":"#f2df6b","icon_radius":{"unit":"px","top":"100","right":"100","bottom":"100","left":"100","isLinked":true},"icon_size":{"unit":"px","size":40},"text_align":"center","readmore_text_color":"#444444","readmore_typography_typography":"custom","readmore_typography_font_weight":"500","readmore_hover_text_color":"#000000","_padding":{"unit":"px","top":"50","right":"40","bottom":"45","left":"0","isLinked":false},"icon_radius_advanced":"75% 25% 43% 57% \/ 46% 29% 71% 54%","icon_space":{"unit":"px","size":25},"title_bottom_space":{"unit":"px","size":10},"description_bottom_space":{"unit":"px","size":30},"readmore_border_border":"solid","readmore_border_width":{"unit":"px","top":"3","right":"3","bottom":"3","left":"3","isLinked":true},"readmore_border_color":"#fbddd8","readmore_radius":{"unit":"px","top":"100","right":"100","bottom":"100","left":"100","isLinked":true},"readmore_padding":{"unit":"px","top":"5","right":"25","bottom":"5","left":"25","isLinked":false},"readmore_typography_font_size":{"unit":"px","size":14},"readmore_hover_background_background":"classic","readmore_hover_background_color":"#fbddd8","_animation":"fadeInLeft","readmore":"","icon_hover_background_background":"classic","icon_hover_background_color":"#f2df6b","title_color":"#ffffff","description_color":"rgba(255,255,255,0.6)","_padding_tablet":{"unit":"px","top":"0","right":"0","bottom":"0","left":"0","isLinked":false},"_padding_mobile":{"unit":"px","top":"0","right":"0","bottom":"0","left":"0","isLinked":false}},"elements":[],"isInner":false,"widgetType":"bdt-advanced-icon-box","elType":"widget"}],"isInner":true,"elType":"column"},{"id":"4f69904b","settings":{"_column_size":20,"_inline_size":null,"_inline_size_tablet":50,"_inline_size_mobile":100},"elements":[{"id":"3cf49a0b","settings":{"icon_type":"image","image":{"id":51448,"url":"https:\/\/bdthemes.net\/demo\/ready-pages\/ready-blocks\/wp-content\/uploads\/2019\/05\/responsibility.png"},"title_text":"Hand Craft Design","description_text":"A wonderful serenity has taken of my entire soul sweet mornings. I am so happy.","icon_vertical_alignment":"bottom","readmore_text":"Read More","badge_text":"POPULAR","top_icon_vertical_offset":{"unit":"px","size":0},"icon_background_background":"classic","icon_padding":{"unit":"px","top":"25","right":"25","bottom":"25","left":"25","isLinked":true},"icon_border_border":"solid","icon_border_width":{"unit":"px","top":"3","right":"3","bottom":"3","left":"3","isLinked":true},"icon_border_color":"#28b293","icon_radius":{"unit":"px","top":"100","right":"100","bottom":"100","left":"100","isLinked":true},"icon_size":{"unit":"px","size":40},"text_align":"center","readmore_text_color":"#444444","readmore_typography_typography":"custom","readmore_typography_font_weight":"500","readmore_hover_text_color":"#000000","_padding":{"unit":"px","top":"50","right":"40","bottom":"45","left":"0","isLinked":false},"icon_radius_advanced":"75% 25% 43% 57% \/ 46% 29% 71% 54%","icon_space":{"unit":"px","size":25},"title_bottom_space":{"unit":"px","size":10},"description_bottom_space":{"unit":"px","size":30},"readmore_border_border":"solid","readmore_border_width":{"unit":"px","top":"3","right":"3","bottom":"3","left":"3","isLinked":true},"readmore_border_color":"#fbddd8","readmore_radius":{"unit":"px","top":"100","right":"100","bottom":"100","left":"100","isLinked":true},"readmore_padding":{"unit":"px","top":"5","right":"25","bottom":"5","left":"25","isLinked":false},"readmore_typography_font_size":{"unit":"px","size":14},"readmore_hover_background_background":"classic","readmore_hover_background_color":"#fbddd8","_animation":"fadeInLeft","readmore":"","icon_hover_background_background":"classic","icon_hover_background_color":"#28b293","title_color":"#ffffff","description_color":"rgba(255,255,255,0.6)","_padding_tablet":{"unit":"px","top":"0","right":"0","bottom":"0","left":"0","isLinked":false},"_padding_mobile":{"unit":"px","top":"0","right":"0","bottom":"20","left":"0","isLinked":false}},"elements":[],"isInner":false,"widgetType":"bdt-advanced-icon-box","elType":"widget"}],"isInner":true,"elType":"column"},{"id":"163116b5","settings":{"_column_size":20,"_inline_size":null,"_inline_size_tablet":50,"_inline_size_mobile":100},"elements":[{"id":"25ad14ef","settings":{"icon_type":"image","image":{"id":51449,"url":"https:\/\/bdthemes.net\/demo\/ready-pages\/ready-blocks\/wp-content\/uploads\/2019\/05\/view.png"},"title_text":"Preview System","description_text":"A wonderful serenity has taken of my entire soul sweet mornings. I am so happy.","icon_vertical_alignment":"bottom","readmore_text":"Read More","badge_text":"POPULAR","top_icon_vertical_offset":{"unit":"px","size":0},"icon_background_background":"classic","icon_padding":{"unit":"px","top":"25","right":"25","bottom":"25","left":"25","isLinked":true},"icon_border_border":"solid","icon_border_width":{"unit":"px","top":"3","right":"3","bottom":"3","left":"3","isLinked":true},"icon_border_color":"#f29657","icon_radius":{"unit":"px","top":"100","right":"100","bottom":"100","left":"100","isLinked":true},"icon_size":{"unit":"px","size":40},"text_align":"center","readmore_text_color":"#444444","readmore_typography_typography":"custom","readmore_typography_font_weight":"500","readmore_hover_text_color":"#000000","_padding":{"unit":"px","top":"50","right":"40","bottom":"45","left":"0","isLinked":false},"icon_radius_advanced":"75% 25% 43% 57% \/ 46% 29% 71% 54%","icon_space":{"unit":"px","size":25},"title_bottom_space":{"unit":"px","size":10},"description_bottom_space":{"unit":"px","size":30},"readmore_border_border":"solid","readmore_border_width":{"unit":"px","top":"3","right":"3","bottom":"3","left":"3","isLinked":true},"readmore_border_color":"#fbddd8","readmore_radius":{"unit":"px","top":"100","right":"100","bottom":"100","left":"100","isLinked":true},"readmore_padding":{"unit":"px","top":"5","right":"25","bottom":"5","left":"25","isLinked":false},"readmore_typography_font_size":{"unit":"px","size":14},"readmore_hover_background_background":"classic","readmore_hover_background_color":"#fbddd8","_animation":"fadeInLeft","readmore":"","icon_hover_background_background":"classic","icon_hover_background_color":"#f29657","title_color":"#ffffff","description_color":"rgba(255,255,255,0.6)","_padding_tablet":{"unit":"px","top":"0","right":"0","bottom":"0","left":"0","isLinked":false},"_padding_mobile":{"unit":"px","top":"0","right":"0","bottom":"0","left":"0","isLinked":false}},"elements":[],"isInner":false,"widgetType":"bdt-advanced-icon-box","elType":"widget"}],"isInner":true,"elType":"column"}],"isInner":true,"elType":"section"}],"isInner":false,"elType":"column"}],"isInner":false,"elType":"section"}]}