{"version":"0.4","title":"Testimonial Grid 7","type":"section","content":[{"id":"d93ecb1","settings":{"shape_divider_top_height":{"unit":"px","size":215},"shape_divider_bottom":"mountains","shape_divider_bottom_color":"#61ce70","shape_divider_bottom_height":{"unit":"px","size":329},"shape_divider_bottom_flip":"yes","padding":{"unit":"px","top":"120","right":"0","bottom":"120","left":"0","isLinked":false}},"elements":[{"id":"3b38609f","settings":{"_column_size":100},"elements":[{"id":"7bc532cc","settings":{"content_width":{"unit":"px","size":566}},"elements":[{"id":"551add08","settings":{"_column_size":100,"_inline_size":null},"elements":[{"id":"46b5a95","settings":{"title":"Client Testimonials","header_size":"h3","align":"center","_margin":{"unit":"px","top":"0","right":"0","bottom":"40","left":"0","isLinked":false},"typography_typography":"custom","typography_font_size_mobile":{"unit":"px","size":24},"typography_font_size":{"unit":"px","size":30},"typography_font_size_tablet":{"unit":"px","size":24},"title_color":"#000000"},"elements":[],"isInner":false,"widgetType":"heading","elType":"widget"},{"id":"18a1b57d","settings":{"width":{"unit":"%","size":20},"align":"center","gap":{"unit":"px","size":0},"_margin":{"unit":"px","top":"-25","right":"0","bottom":"0","left":"0","isLinked":false}},"elements":[],"isInner":false,"widgetType":"divider","elType":"widget"},{"id":"6fa01f67","settings":{"align":"center"},"elements":[],"isInner":false,"widgetType":"text-editor","elType":"widget"},{"id":"6c6878f1","settings":{"posts":1,"layout":"3","text_limit":20,"item_match_height":"yes","item_radius":{"unit":"px","top":"5","right":"5","bottom":"5","left":"5","isLinked":true},"title_typography_typography":"custom","title_typography_font_size":{"unit":"px","size":15},"address_typography_typography":"custom","address_typography_font_size":{"unit":"px","size":12},"columns":"1","rating_color":"#dbdbdb","active_rating_color":"#FE506B","columns_tablet":"1","item_background":"#ffffff","item_shadow_box_shadow_type":"yes","item_shadow_box_shadow":{"horizontal":0,"vertical":3,"blur":30,"spread":0,"color":"rgba(0,0,0,0.1)"},"item_padding":{"unit":"px","top":"60","right":"60","bottom":"60","left":"60","isLinked":true},"item_padding_tablet":{"unit":"px","top":"50","right":"50","bottom":"50","left":"50","isLinked":true}},"elements":[],"isInner":false,"widgetType":"bdt-testimonial-grid","elType":"widget"}],"isInner":true,"elType":"column"}],"isInner":true,"elType":"section"}],"isInner":false,"elType":"column"}],"isInner":false,"elType":"section"}],"page_settings":{"background_color_stop":{"unit":"%","size":"0","sizes":[]},"background_color_b_stop":{"unit":"%","size":"100","sizes":[]},"background_gradient_angle":{"unit":"deg","size":"180","sizes":[]},"background_xpos":{"unit":"px","size":"0","sizes":[]},"background_xpos_tablet":{"unit":"px","size":"0","sizes":[]},"background_xpos_mobile":{"unit":"px","size":"0","sizes":[]},"background_ypos":{"unit":"px","size":"0","sizes":[]},"background_ypos_tablet":{"unit":"px","size":"0","sizes":[]},"background_ypos_mobile":{"unit":"px","size":"0","sizes":[]},"background_bg_width":{"unit":"%","size":"100","sizes":[]},"background_bg_width_tablet":{"unit":"px","size":"","sizes":[]},"background_bg_width_mobile":{"unit":"px","size":"","sizes":[]},"element_pack_toolbar_typography_font_size":{"unit":"px","size":"","sizes":[]},"element_pack_toolbar_typography_font_size_tablet":{"unit":"px","size":"","sizes":[]},"element_pack_toolbar_typography_font_size_mobile":{"unit":"px","size":"","sizes":[]},"element_pack_toolbar_typography_line_height":{"unit":"em","size":"","sizes":[]},"element_pack_toolbar_typography_line_height_tablet":{"unit":"em","size":"","sizes":[]},"element_pack_toolbar_typography_line_height_mobile":{"unit":"em","size":"","sizes":[]},"element_pack_toolbar_typography_letter_spacing":{"unit":"px","size":"","sizes":[]},"element_pack_toolbar_typography_letter_spacing_tablet":{"unit":"px","size":"","sizes":[]},"element_pack_toolbar_typography_letter_spacing_mobile":{"unit":"px","size":"","sizes":[]},"element_pack_global_tooltip_width":{"unit":"px","size":"","sizes":[]},"element_pack_global_tooltip_width_tablet":{"unit":"px","size":"","sizes":[]},"element_pack_global_tooltip_width_mobile":{"unit":"px","size":"","sizes":[]},"element_pack_global_tooltip_background_color_stop":{"unit":"%","size":"0","sizes":[]},"element_pack_global_tooltip_background_color_b_stop":{"unit":"%","size":"100","sizes":[]},"element_pack_global_tooltip_background_gradient_angle":{"unit":"deg","size":"180","sizes":[]},"element_pack_global_tooltip_background_xpos":{"unit":"px","size":"0","sizes":[]},"element_pack_global_tooltip_background_xpos_tablet":{"unit":"px","size":"0","sizes":[]},"element_pack_global_tooltip_background_xpos_mobile":{"unit":"px","size":"0","sizes":[]},"element_pack_global_tooltip_background_ypos":{"unit":"px","size":"0","sizes":[]},"element_pack_global_tooltip_background_ypos_tablet":{"unit":"px","size":"0","sizes":[]},"element_pack_global_tooltip_background_ypos_mobile":{"unit":"px","size":"0","sizes":[]},"element_pack_global_tooltip_background_bg_width":{"unit":"%","size":"100","sizes":[]},"element_pack_global_tooltip_background_bg_width_tablet":{"unit":"px","size":"","sizes":[]},"element_pack_global_tooltip_background_bg_width_mobile":{"unit":"px","size":"","sizes":[]},"element_pack_global_tooltip_typography_font_size":{"unit":"px","size":"","sizes":[]},"element_pack_global_tooltip_typography_font_size_tablet":{"unit":"px","size":"","sizes":[]},"element_pack_global_tooltip_typography_font_size_mobile":{"unit":"px","size":"","sizes":[]},"element_pack_global_tooltip_typography_line_height":{"unit":"em","size":"","sizes":[]},"element_pack_global_tooltip_typography_line_height_tablet":{"unit":"em","size":"","sizes":[]},"element_pack_global_tooltip_typography_line_height_mobile":{"unit":"em","size":"","sizes":[]},"element_pack_global_tooltip_typography_letter_spacing":{"unit":"px","size":"","sizes":[]},"element_pack_global_tooltip_typography_letter_spacing_tablet":{"unit":"px","size":"","sizes":[]},"element_pack_global_tooltip_typography_letter_spacing_mobile":{"unit":"px","size":"","sizes":[]}}}