{"version":"0.4","title":"Testimonial Grid 4","type":"section","content":[{"id":"3b4a6a85","settings":{"background_background":"gradient","background_color":"#8f94fb","background_color_b":"#4e54c8","background_gradient_angle":{"unit":"deg","size":145},"padding":{"unit":"px","top":"150","right":"0","bottom":"150","left":"0","isLinked":false},"padding_tablet":{"unit":"px","top":"80","right":"0","bottom":"80","left":"0","isLinked":false},"padding_mobile":{"unit":"px","top":"50","right":"0","bottom":"50","left":"0","isLinked":false}},"elements":[{"id":"272e97fa","settings":{"_column_size":100,"padding":{"unit":"px","top":"0","right":"40","bottom":"0","left":"40","isLinked":false}},"elements":[{"id":"5f1e6c9a","settings":{"content_width":{"unit":"px","size":1050},"background_background":"classic","background_color":"#24293F","background_color_b":"#F5F5FF","background_color_b_stop":{"unit":"%","size":60},"background_gradient_angle":{"unit":"deg","size":145},"padding":{"unit":"px","top":"100","right":"0","bottom":"100","left":"0","isLinked":false},"border_radius":{"unit":"px","top":"10","right":"10","bottom":"10","left":"10","isLinked":true},"padding_tablet":{"unit":"px","top":"80","right":"30","bottom":"80","left":"30","isLinked":false}},"elements":[{"id":"28c36ba6","settings":{"_column_size":100,"_inline_size":null,"padding":{"unit":"px","top":"0","right":"30","bottom":"0","left":"30","isLinked":false}},"elements":[{"id":"7b4aa2f0","settings":{"sub_heading":"","main_heading":"We are happy when you are happy","header_size":"h3","advanced_heading":"Testimonials","main_heading_color":"#ffffff","advanced_heading_advanced_color_background":"gradient","advanced_heading_typography_typography":"custom","advanced_heading_typography_font_size":{"unit":"px","size":82},"split_text":"Splite Text"},"elements":[],"isInner":false,"widgetType":"bdt-advanced-heading","elType":"widget"},{"id":"9501426","settings":{"posts":3,"layout":"3","text_limit":18,"item_match_height":"yes","item_radius":{"unit":"px","top":"10","right":"10","bottom":"10","left":"10","isLinked":true},"title_typography_typography":"custom","title_typography_font_size":{"unit":"px","size":15},"address_typography_typography":"custom","address_typography_font_size":{"unit":"px","size":12},"rating_color":"#c1c1c1","active_rating_color":"#FC7599","item_hover_shadow_box_shadow_type":"yes","item_hover_shadow_box_shadow":{"horizontal":0,"vertical":6,"blur":30,"spread":0,"color":"rgba(0,0,0,0.1)"},"columns":"3","show_image":"","item_background":"#353D54","title_color":"rgba(255,255,255,0.8)","address_color":"rgba(255,255,255,0.71)","text_color":"rgba(255,255,255,0.6)"},"elements":[],"isInner":false,"widgetType":"bdt-testimonial-grid","elType":"widget"}],"isInner":true,"elType":"column"}],"isInner":true,"elType":"section"},{"id":"1ab8c82b","settings":{"text":"See More","align":"center","advanced_button_text_color":"#ffffff","button_background_background":"gradient","button_background_color":"#33bfe5","button_background_color_b":"#FC7599","button_background_gradient_angle":{"unit":"deg","size":-145},"button_border_style":"none","button_border_width":{"unit":"px","top":"0","right":"0","bottom":"0","left":"0","isLinked":true},"advanced_button_radius":{"unit":"px","top":"100","right":"100","bottom":"100","left":"100","isLinked":true},"advanced_button_shadow_box_shadow_type":"yes","advanced_button_shadow_box_shadow":{"horizontal":0,"vertical":2,"blur":20,"spread":0,"color":"rgba(0,0,0,0.06)"},"advanced_button_padding":{"unit":"px","top":"12","right":"40","bottom":"12","left":"40","isLinked":false},"button_hover_background_background":"gradient","button_hover_background_color":"#fc7599","button_hover_background_color_b":"#33bfe5","button_hover_background_gradient_angle":{"unit":"deg","size":-145},"button_hover_border_style":"none","advanced_button_hover_shadow_box_shadow_type":"yes","advanced_button_hover_shadow_box_shadow":{"horizontal":0,"vertical":5,"blur":50,"spread":0,"color":"rgba(0,0,0,0.1)"},"_margin":{"unit":"px","top":"-25","right":"0","bottom":"0","left":"0","isLinked":false}},"elements":[],"isInner":false,"widgetType":"bdt-advanced-button","elType":"widget"}],"isInner":false,"elType":"column"}],"isInner":false,"elType":"section"}],"page_settings":{"background_color_stop":{"unit":"%","size":"0","sizes":[]},"background_color_b_stop":{"unit":"%","size":"100","sizes":[]},"background_gradient_angle":{"unit":"deg","size":"180","sizes":[]},"background_xpos":{"unit":"px","size":"0","sizes":[]},"background_xpos_tablet":{"unit":"px","size":"0","sizes":[]},"background_xpos_mobile":{"unit":"px","size":"0","sizes":[]},"background_ypos":{"unit":"px","size":"0","sizes":[]},"background_ypos_tablet":{"unit":"px","size":"0","sizes":[]},"background_ypos_mobile":{"unit":"px","size":"0","sizes":[]},"background_bg_width":{"unit":"%","size":"100","sizes":[]},"background_bg_width_tablet":{"unit":"px","size":"","sizes":[]},"background_bg_width_mobile":{"unit":"px","size":"","sizes":[]},"element_pack_toolbar_typography_font_size":{"unit":"px","size":"","sizes":[]},"element_pack_toolbar_typography_font_size_tablet":{"unit":"px","size":"","sizes":[]},"element_pack_toolbar_typography_font_size_mobile":{"unit":"px","size":"","sizes":[]},"element_pack_toolbar_typography_line_height":{"unit":"em","size":"","sizes":[]},"element_pack_toolbar_typography_line_height_tablet":{"unit":"em","size":"","sizes":[]},"element_pack_toolbar_typography_line_height_mobile":{"unit":"em","size":"","sizes":[]},"element_pack_toolbar_typography_letter_spacing":{"unit":"px","size":"","sizes":[]},"element_pack_toolbar_typography_letter_spacing_tablet":{"unit":"px","size":"","sizes":[]},"element_pack_toolbar_typography_letter_spacing_mobile":{"unit":"px","size":"","sizes":[]},"element_pack_global_tooltip_width":{"unit":"px","size":"","sizes":[]},"element_pack_global_tooltip_width_tablet":{"unit":"px","size":"","sizes":[]},"element_pack_global_tooltip_width_mobile":{"unit":"px","size":"","sizes":[]},"element_pack_global_tooltip_background_color_stop":{"unit":"%","size":"0","sizes":[]},"element_pack_global_tooltip_background_color_b_stop":{"unit":"%","size":"100","sizes":[]},"element_pack_global_tooltip_background_gradient_angle":{"unit":"deg","size":"180","sizes":[]},"element_pack_global_tooltip_background_xpos":{"unit":"px","size":"0","sizes":[]},"element_pack_global_tooltip_background_xpos_tablet":{"unit":"px","size":"0","sizes":[]},"element_pack_global_tooltip_background_xpos_mobile":{"unit":"px","size":"0","sizes":[]},"element_pack_global_tooltip_background_ypos":{"unit":"px","size":"0","sizes":[]},"element_pack_global_tooltip_background_ypos_tablet":{"unit":"px","size":"0","sizes":[]},"element_pack_global_tooltip_background_ypos_mobile":{"unit":"px","size":"0","sizes":[]},"element_pack_global_tooltip_background_bg_width":{"unit":"%","size":"100","sizes":[]},"element_pack_global_tooltip_background_bg_width_tablet":{"unit":"px","size":"","sizes":[]},"element_pack_global_tooltip_background_bg_width_mobile":{"unit":"px","size":"","sizes":[]},"element_pack_global_tooltip_typography_font_size":{"unit":"px","size":"","sizes":[]},"element_pack_global_tooltip_typography_font_size_tablet":{"unit":"px","size":"","sizes":[]},"element_pack_global_tooltip_typography_font_size_mobile":{"unit":"px","size":"","sizes":[]},"element_pack_global_tooltip_typography_line_height":{"unit":"em","size":"","sizes":[]},"element_pack_global_tooltip_typography_line_height_tablet":{"unit":"em","size":"","sizes":[]},"element_pack_global_tooltip_typography_line_height_mobile":{"unit":"em","size":"","sizes":[]},"element_pack_global_tooltip_typography_letter_spacing":{"unit":"px","size":"","sizes":[]},"element_pack_global_tooltip_typography_letter_spacing_tablet":{"unit":"px","size":"","sizes":[]},"element_pack_global_tooltip_typography_letter_spacing_mobile":{"unit":"px","size":"","sizes":[]}}}