{"version":"0.4","title":"Footer Demo Set 7-3","type":"page","content":[{"id":"267d007f","settings":{"content_width":{"unit":"px","size":1180},"margin_mobile":{"unit":"px","top":"","right":0,"bottom":"","left":0,"isLinked":true},"padding":{"unit":"px","top":"0","right":"0","bottom":"0","left":"0","isLinked":false},"padding_tablet":{"unit":"px","top":"0","right":"30","bottom":"0","left":"30","isLinked":false},"padding_mobile":{"unit":"px","top":"0","right":"15","bottom":"0","left":"15","isLinked":false},"z_index":100},"elements":[{"id":"5df9bff0","settings":{"_column_size":100,"_inline_size_mobile":100,"background_background":"classic","background_color":"#ffba00","padding":{"unit":"px","top":"50","right":"180","bottom":"50","left":"180","isLinked":false},"padding_mobile":{"unit":"px","top":"50","right":"50","bottom":"50","left":"50","isLinked":true}},"elements":[{"id":"5498f9a5","settings":{"title":"Signup for our newsletter","typography_typography":"custom","typography_font_family":"Comfortaa","typography_line_height":{"unit":"em","size":1.1999999999999999555910790149937383830547332763671875},"align":"center","title_color":"#ffffff","typography_font_size":{"unit":"px","size":24}},"elements":[],"isInner":false,"widgetType":"heading","elType":"widget"},{"id":"370631df","settings":{"email_field_placeholder":"Email *","button_text":"SIGNUP","space":"collapse","input_radius":{"unit":"px","top":"0","right":"0","bottom":"0","left":"0","isLinked":true},"input_padding":{"unit":"px","top":"28","right":"28","bottom":"28","left":"28","isLinked":true},"button_text_color":"#ffffff","background_color":"#1a2e61","border_border":"solid","border_width":{"unit":"px","top":"0","right":"0","bottom":"0","left":"0","isLinked":true},"border_color":"#ffffff","radius":{"unit":"px","top":"0","right":"0","bottom":"0","left":"0","isLinked":true},"text_padding":{"unit":"px","top":"8","right":"50","bottom":"8","left":"50","isLinked":false},"button_background_hover_color":"#000000","input_background":"rgba(255,255,255,0.97)","input_placeholder_color":"#000000","button_typography_typography":"custom","button_typography_font_size":{"unit":"px","size":13},"button_typography_font_weight":"600","button_shadow_box_shadow":{"horizontal":0,"vertical":10,"blur":50,"spread":0,"color":"rgba(0,0,0,0.3)"},"hover_color":"#ffffff","_box_shadow_box_shadow":{"horizontal":0,"vertical":10,"blur":50,"spread":0,"color":"rgba(0,0,0,0.25)"},"_background_background":"classic","_background_color":"#ffba00"},"elements":[],"isInner":false,"widgetType":"bdt-mailchimp","elType":"widget"}],"isInner":false,"elType":"column"}],"isInner":false,"elType":"section"},{"id":"72428b9e","settings":{"background_background":"classic","content_width":{"unit":"px","size":""},"background_image":{"id":47998,"url":"http:\/\/192.168.1.100\/others-ready-pages\/wp-content\/uploads\/2019\/04\/bg-3-1.jpg"},"background_position":"top center","background_size":"cover","background_overlay_background":"classic","background_overlay_opacity":{"unit":"px","size":0.8000000000000000444089209850062616169452667236328125},"shape_divider_top_width":{"unit":"%","size":""},"shape_divider_top_height":{"unit":"px","size":""},"margin":{"unit":"px","top":"-110","right":0,"bottom":"0","left":0,"isLinked":false},"padding":{"unit":"px","top":"250","right":"0","bottom":"150","left":"0","isLinked":false},"padding_tablet":{"unit":"px","top":"250","right":"30","bottom":"100","left":"30","isLinked":false}},"elements":[{"id":"604035ac","settings":{"_column_size":100,"_inline_size_mobile":100},"elements":[{"id":"35002584","settings":{"structure":"30"},"elements":[{"id":"72e620eb","settings":{"_column_size":33,"_inline_size":null,"_inline_size_tablet":33.3299999999999982946974341757595539093017578125,"_inline_size_mobile":100},"elements":[{"id":"76fb8b02","settings":{"image":{"id":47986,"url":"http:\/\/192.168.1.100\/others-ready-pages\/wp-content\/uploads\/2019\/04\/logo-4.png"},"image_size":"full","link_to":"custom","link":{"url":"#","is_external":"","nofollow":""},"align":"left","width":{"unit":"%","size":100,"sizes":[]}},"elements":[],"isInner":false,"widgetType":"image","elType":"widget"},{"id":"14c11b06","settings":{"editor":"<p>Lorem ipsum dolor sit amet, consectetur adipiscing elit. Ut elit tellus, luctus nec ullamcorper mattis, pulvinar dapibus leo.<\/p>","text_color":"#ffffff"},"elements":[],"isInner":false,"widgetType":"text-editor","elType":"widget"}],"isInner":true,"elType":"column"},{"id":"490492b3","settings":{"_column_size":33,"_inline_size":null,"_inline_size_tablet":33.3299999999999982946974341757595539093017578125,"_inline_size_mobile":100,"content_position":"center"},"elements":[{"id":"32ca44ad","settings":{"view":"","icon_list":[{"text":"About Us","icon":"","_id":"7d6a133","link":{"url":"#","is_external":"","nofollow":""},"selected_icon":{"value":"fas fa-check","library":"fa-solid"}},{"text":"Team Member","icon":"","_id":"5a413f6","link":{"url":"#","is_external":"","nofollow":""},"selected_icon":{"value":"fas fa-check","library":"fa-solid"}},{"text":"Contact Us","icon":"","_id":"0170984","link":{"url":"#","is_external":"","nofollow":""},"selected_icon":{"value":"fas fa-check","library":"fa-solid"}}],"space_between":{"unit":"px","size":20,"sizes":[]},"icon_align":"left","icon_color":"#ffffff","text_color":"#ffffff","text_indent":{"unit":"px","size":20,"sizes":[]},"icon_typography_typography":"custom","icon_typography_font_family":"Comfortaa","_margin":{"unit":"px","top":"0","right":"0","bottom":"0","left":"80","isLinked":false},"_margin_mobile":{"unit":"px","top":"0","right":"0","bottom":"0","left":"0","isLinked":false}},"elements":[],"isInner":false,"widgetType":"icon-list","elType":"widget"}],"isInner":true,"elType":"column"},{"id":"7a0ee7b1","settings":{"_column_size":33,"_inline_size":null,"_inline_size_tablet":33.3299999999999982946974341757595539093017578125,"_inline_size_mobile":100,"content_position":"center"},"elements":[{"id":"43a40","settings":{"view":"","icon_list":[{"text":"Teams & Condition","icon":"","_id":"7d6a133","link":{"url":"#","is_external":"","nofollow":""},"selected_icon":{"value":"fas fa-check","library":"fa-solid"}},{"text":"Privacy & Policy","icon":"","_id":"5a413f6","link":{"url":"#","is_external":"","nofollow":""},"selected_icon":{"value":"fas fa-check","library":"fa-solid"}}],"space_between":{"unit":"px","size":20,"sizes":[]},"icon_align":"left","icon_color":"#ffffff","text_color":"#ffffff","text_indent":{"unit":"px","size":20,"sizes":[]},"icon_typography_typography":"custom","icon_typography_font_family":"Comfortaa"},"elements":[],"isInner":false,"widgetType":"icon-list","elType":"widget"},{"id":"5ef70d67","settings":{"social_icon_list":[{"social":"fa fa-facebook","_id":"d10c6f2","link":{"url":"#","is_external":"true","nofollow":""},"social_icon":{"value":"fab fa-wordpress","library":"fa-brands"},"item_icon_color":"default","item_icon_primary_color":"","item_icon_secondary_color":""},{"social":"fa fa-twitter","_id":"6a3a228","link":{"url":"#","is_external":"true","nofollow":""},"social_icon":{"value":"fab fa-wordpress","library":"fa-brands"},"item_icon_color":"default","item_icon_primary_color":"","item_icon_secondary_color":""},{"social":"fa fa-google-plus","_id":"81c45c7","link":{"url":"#","is_external":"true","nofollow":""},"social_icon":{"value":"fab fa-wordpress","library":"fa-brands"},"item_icon_color":"default","item_icon_primary_color":"","item_icon_secondary_color":""},{"social":"fa fa-pinterest","_id":"88295d1","link":{"url":"#","is_external":"true","nofollow":""},"social_icon":{"value":"fab fa-wordpress","library":"fa-brands"},"item_icon_color":"default","item_icon_primary_color":"","item_icon_secondary_color":""}],"icon_size":{"unit":"px","size":16},"icon_padding":{"unit":"em","size":1},"icon_spacing":{"unit":"px","size":10},"align":"left","icon_size_tablet":{"unit":"px","size":12,"sizes":[]},"icon_padding_tablet":{"unit":"em","size":1.100000000000000088817841970012523233890533447265625,"sizes":[]},"_margin":{"unit":"px","top":"0","right":"0","bottom":"0","left":"20","isLinked":false},"shape":"square"},"elements":[],"isInner":false,"widgetType":"social-icons","elType":"widget"}],"isInner":true,"elType":"column"}],"isInner":true,"elType":"section"}],"isInner":false,"elType":"column"}],"isInner":false,"elType":"section"}],"page_settings":{"background_color_stop":{"unit":"%","size":"0","sizes":[]},"background_color_b_stop":{"unit":"%","size":"100","sizes":[]},"background_gradient_angle":{"unit":"deg","size":"180","sizes":[]},"background_xpos":{"unit":"px","size":"0","sizes":[]},"background_xpos_tablet":{"unit":"px","size":"0","sizes":[]},"background_xpos_mobile":{"unit":"px","size":"0","sizes":[]},"background_ypos":{"unit":"px","size":"0","sizes":[]},"background_ypos_tablet":{"unit":"px","size":"0","sizes":[]},"background_ypos_mobile":{"unit":"px","size":"0","sizes":[]},"background_bg_width":{"unit":"%","size":"100","sizes":[]},"element_pack_global_tooltip_background_color_stop":{"unit":"%","size":"0","sizes":[]},"element_pack_global_tooltip_background_color_b_stop":{"unit":"%","size":"100","sizes":[]},"element_pack_global_tooltip_background_gradient_angle":{"unit":"deg","size":"180","sizes":[]},"element_pack_global_tooltip_background_xpos":{"unit":"px","size":"0","sizes":[]},"element_pack_global_tooltip_background_xpos_tablet":{"unit":"px","size":"0","sizes":[]},"element_pack_global_tooltip_background_xpos_mobile":{"unit":"px","size":"0","sizes":[]},"element_pack_global_tooltip_background_ypos":{"unit":"px","size":"0","sizes":[]},"element_pack_global_tooltip_background_ypos_tablet":{"unit":"px","size":"0","sizes":[]},"element_pack_global_tooltip_background_ypos_mobile":{"unit":"px","size":"0","sizes":[]},"element_pack_global_tooltip_background_bg_width":{"unit":"%","size":"100","sizes":[]}}}