{"version":"0.4","title":"Footer Demo Set 7-5","type":"page","content":[{"id":"10500a2a","settings":{"content_width":{"unit":"px","size":1180},"margin_mobile":{"unit":"px","top":"","right":0,"bottom":"","left":0,"isLinked":true},"padding":{"unit":"px","top":"0","right":"0","bottom":"0","left":"0","isLinked":false},"padding_tablet":{"unit":"px","top":"0","right":"30","bottom":"0","left":"30","isLinked":false},"padding_mobile":{"unit":"px","top":"0","right":"15","bottom":"0","left":"15","isLinked":false},"z_index":100},"elements":[{"id":"5a8322f5","settings":{"_column_size":100,"_inline_size_mobile":100,"background_background":"classic","background_color":"#ff333e","padding":{"unit":"px","top":"50","right":"180","bottom":"50","left":"180","isLinked":false},"padding_mobile":{"unit":"px","top":"50","right":"50","bottom":"50","left":"50","isLinked":true}},"elements":[{"id":"35741ce5","settings":{"title":"Signup for our newsletter","typography_typography":"custom","typography_font_family":"Comfortaa","typography_line_height":{"unit":"em","size":1.1999999999999999555910790149937383830547332763671875},"align":"center","title_color":"#ffffff","typography_font_size":{"unit":"px","size":24}},"elements":[],"isInner":false,"widgetType":"heading","elType":"widget"},{"id":"112b5701","settings":{"email_field_placeholder":"Email *","button_text":"SIGNUP","space":"collapse","input_radius":{"unit":"px","top":"0","right":"0","bottom":"0","left":"0","isLinked":true},"input_padding":{"unit":"px","top":"28","right":"28","bottom":"28","left":"28","isLinked":true},"button_text_color":"#ffffff","background_color":"#ff333e","border_border":"solid","border_width":{"unit":"px","top":"0","right":"0","bottom":"0","left":"0","isLinked":true},"border_color":"#ffffff","radius":{"unit":"px","top":"0","right":"0","bottom":"0","left":"0","isLinked":true},"text_padding":{"unit":"px","top":"8","right":"50","bottom":"8","left":"50","isLinked":false},"button_background_hover_color":"#1c2d61","input_background":"rgba(255,255,255,0.97)","input_placeholder_color":"#000000","button_typography_typography":"custom","button_typography_font_size":{"unit":"px","size":13},"button_typography_font_weight":"600","button_shadow_box_shadow":{"horizontal":0,"vertical":10,"blur":50,"spread":0,"color":"rgba(0,0,0,0.3)"},"hover_color":"#ffffff","_box_shadow_box_shadow_type":"yes","_box_shadow_box_shadow":{"horizontal":0,"vertical":10,"blur":50,"spread":0,"color":"rgba(0,0,0,0.25)"}},"elements":[],"isInner":false,"widgetType":"bdt-mailchimp","elType":"widget"}],"isInner":false,"elType":"column"}],"isInner":false,"elType":"section"},{"id":"3a346ce6","settings":{"background_background":"classic","content_width":{"unit":"px","size":600},"background_image":{"id":47505,"url":"http:\/\/192.168.1.100\/others-ready-pages\/wp-content\/uploads\/2019\/04\/footer-bg.jpg"},"background_position":"top center","background_size":"cover","background_overlay_background":"classic","background_overlay_color":"#ffffff","background_overlay_opacity":{"unit":"px","size":0.8000000000000000444089209850062616169452667236328125},"shape_divider_top":"curve","shape_divider_top_width":{"unit":"%","size":120},"shape_divider_top_height":{"unit":"px","size":320},"shape_divider_top_negative":"yes","margin":{"unit":"px","top":"-170","right":0,"bottom":"0","left":0,"isLinked":false},"padding":{"unit":"px","top":"250","right":"0","bottom":"150","left":"0","isLinked":false}},"elements":[{"id":"60a5a21c","settings":{"_column_size":100,"_inline_size_mobile":100},"elements":[{"id":"7b77833e","settings":{"image":{"id":47504,"url":"http:\/\/192.168.1.100\/others-ready-pages\/wp-content\/uploads\/2019\/04\/education-logo.png"},"image_size":"full","link_to":"custom","link":{"url":"#","is_external":"","nofollow":""}},"elements":[],"isInner":false,"widgetType":"image","elType":"widget"},{"id":"501b41a6","settings":{"navs":[{"nav_title":"HOME","nav_link":{"url":"#section-1","is_external":"","nofollow":""},"_id":"717634a","nav_icon":""},{"nav_title":"ABOUT US","nav_link":{"url":"#section-3","is_external":"","nofollow":""},"_id":"0804bb4","nav_icon":""},{"nav_title":"COURSES","nav_link":{"url":"#section-4","is_external":"","nofollow":""},"_id":"289b4a1","nav_icon":""},{"nav_title":"TEACHERS","nav_link":{"url":"#section-5","is_external":"","nofollow":""},"_id":"32a81ca","nav_icon":""},{"nav_title":"PROGRAM","nav_link":{"url":"#section-6","is_external":"","nofollow":""},"_id":"7d51946","nav_icon":""}],"nav_color":"#444444","nav_typography_typography":"custom","nav_typography_font_family":"Comfortaa","nav_typography_font_weight":"500","nav_hover_color":"#000000","hide_tablet":"hidden-tablet","hide_mobile":"hidden-phone","_padding":{"unit":"px","top":"0","right":"0","bottom":"0","left":"0","isLinked":false},"_margin":{"unit":"px","top":"-25","right":"0","bottom":"0","left":"0","isLinked":false},"nav_typography_font_size":{"unit":"px","size":14},"alignment":"center"},"elements":[],"isInner":false,"widgetType":"bdt-scrollnav","elType":"widget"},{"id":"7436955d","settings":{"social_icon_list":[{"social":"fa fa-facebook","_id":"d10c6f2","link":{"url":"#","is_external":"true","nofollow":""},"social_icon":{"value":"fab fa-wordpress","library":"fa-brands"},"item_icon_color":"default","item_icon_primary_color":"","item_icon_secondary_color":""},{"social":"fa fa-twitter","_id":"6a3a228","link":{"url":"#","is_external":"true","nofollow":""},"social_icon":{"value":"fab fa-wordpress","library":"fa-brands"},"item_icon_color":"default","item_icon_primary_color":"","item_icon_secondary_color":""},{"social":"fa fa-google-plus","_id":"81c45c7","link":{"url":"#","is_external":"true","nofollow":""},"social_icon":{"value":"fab fa-wordpress","library":"fa-brands"},"item_icon_color":"default","item_icon_primary_color":"","item_icon_secondary_color":""},{"social":"fa fa-linkedin","_id":"70fc4c0","link":{"url":"#","is_external":"true","nofollow":""},"social_icon":{"value":"fab fa-wordpress","library":"fa-brands"},"item_icon_color":"default","item_icon_primary_color":"","item_icon_secondary_color":""},{"social":"fa fa-pinterest","_id":"88295d1","link":{"url":"#","is_external":"true","nofollow":""},"social_icon":{"value":"fab fa-wordpress","library":"fa-brands"},"item_icon_color":"default","item_icon_primary_color":"","item_icon_secondary_color":""}],"shape":"square","icon_size":{"unit":"px","size":16},"icon_padding":{"unit":"em","size":1},"icon_spacing":{"unit":"px","size":10}},"elements":[],"isInner":false,"widgetType":"social-icons","elType":"widget"}],"isInner":false,"elType":"column"}],"isInner":false,"elType":"section"}],"page_settings":{"background_color_stop":{"unit":"%","size":"0","sizes":[]},"background_color_b_stop":{"unit":"%","size":"100","sizes":[]},"background_gradient_angle":{"unit":"deg","size":"180","sizes":[]},"background_xpos":{"unit":"px","size":"0","sizes":[]},"background_xpos_tablet":{"unit":"px","size":"0","sizes":[]},"background_xpos_mobile":{"unit":"px","size":"0","sizes":[]},"background_ypos":{"unit":"px","size":"0","sizes":[]},"background_ypos_tablet":{"unit":"px","size":"0","sizes":[]},"background_ypos_mobile":{"unit":"px","size":"0","sizes":[]},"background_bg_width":{"unit":"%","size":"100","sizes":[]},"element_pack_global_tooltip_background_color_stop":{"unit":"%","size":"0","sizes":[]},"element_pack_global_tooltip_background_color_b_stop":{"unit":"%","size":"100","sizes":[]},"element_pack_global_tooltip_background_gradient_angle":{"unit":"deg","size":"180","sizes":[]},"element_pack_global_tooltip_background_xpos":{"unit":"px","size":"0","sizes":[]},"element_pack_global_tooltip_background_xpos_tablet":{"unit":"px","size":"0","sizes":[]},"element_pack_global_tooltip_background_xpos_mobile":{"unit":"px","size":"0","sizes":[]},"element_pack_global_tooltip_background_ypos":{"unit":"px","size":"0","sizes":[]},"element_pack_global_tooltip_background_ypos_tablet":{"unit":"px","size":"0","sizes":[]},"element_pack_global_tooltip_background_ypos_mobile":{"unit":"px","size":"0","sizes":[]},"element_pack_global_tooltip_background_bg_width":{"unit":"%","size":"100","sizes":[]}}}