{"version":"0.4","title":"Footer Demo Set 7-2","type":"section","content":[{"id":"6067176","settings":{"gap":"wider","structure":"40","padding":{"unit":"px","top":"80","right":"0","bottom":"80","left":"0","isLinked":false},"padding_tablet":{"unit":"px","top":"50","right":"0","bottom":"50","left":"0","isLinked":false},"padding_mobile":{"unit":"px","top":"50","right":"15","bottom":"50","left":"15","isLinked":false},"_title":"Footer","content_width":{"unit":"px","size":1600},"background_background":"classic","background_color":"#0b0d0f"},"elements":[{"id":"4c50024f","settings":{"_column_size":25,"_inline_size":20.565000000000001278976924368180334568023681640625,"_inline_size_tablet":50,"_inline_size_mobile":100},"elements":[{"id":"1ac334","settings":{"title":"Contact Us","align":"left","typography_typography":"custom","typography_font_size":{"unit":"px","size":28},"typography_font_size_mobile":{"unit":"px","size":24},"typography_line_height":{"unit":"em","size":1.3000000000000000444089209850062616169452667236328125},"title_color":"#ffffff","align_mobile":"left","align_tablet":"left","_margin":{"unit":"px","top":"0","right":"0","bottom":"-10","left":"0","isLinked":false},"typography_font_family":"Great Vibes","typography_font_weight":"700"},"elements":[],"isInner":false,"widgetType":"heading","elType":"widget"},{"id":"f69d428","settings":{"editor":"<p>\u00a0Your official source for 24\/7 \u00a0Fax: +88-02-9882970<\/p>","align_mobile":"left","text_color":"rgba(255,255,255,0.7)","typography_typography":"custom","typography_font_size":{"unit":"px","size":15},"typography_font_size_mobile":{"unit":"px","size":12},"typography_font_weight":"300"},"elements":[],"isInner":false,"widgetType":"text-editor","elType":"widget"}],"isInner":true,"elType":"column"},{"id":"305f185e","settings":{"_column_size":25,"_inline_size":24.821999999999999175770426518283784389495849609375,"_inline_size_tablet":50,"margin_mobile":{"unit":"px","top":"-25","right":"0","bottom":"0","left":"0","isLinked":false},"_inline_size_mobile":100},"elements":[{"id":"4d2a07ca","settings":{"title":"Opening Hour","align":"left","typography_typography":"custom","typography_font_size":{"unit":"px","size":28},"typography_font_size_mobile":{"unit":"px","size":24},"typography_line_height":{"unit":"em","size":1.3000000000000000444089209850062616169452667236328125},"title_color":"#ffffff","align_mobile":"left","align_tablet":"left","_margin":{"unit":"px","top":"0","right":"0","bottom":"-10","left":"0","isLinked":false},"typography_font_family":"Great Vibes","typography_font_weight":"700"},"elements":[],"isInner":false,"widgetType":"heading","elType":"widget"},{"id":"72653af0","settings":{"editor":"<p>Monday- Saturday . . . . 8 AM - 5PM<br>\nSunday . . . . . . . . . . . . . . 12 AM - 5PM<\/p>","align_mobile":"left","text_color":"rgba(255,255,255,0.7)","typography_typography":"custom","typography_font_size":{"unit":"px","size":15},"typography_font_size_mobile":{"unit":"px","size":12},"typography_font_weight":"300"},"elements":[],"isInner":false,"widgetType":"text-editor","elType":"widget"}],"isInner":true,"elType":"column"},{"id":"32f4f930","settings":{"_column_size":25,"_inline_size":22.61299999999999954525264911353588104248046875,"_inline_size_tablet":50,"margin_mobile":{"unit":"px","top":"-25","right":"0","bottom":"0","left":"0","isLinked":false},"_inline_size_mobile":100},"elements":[{"id":"47a99269","settings":{"title":"Location","align":"left","typography_typography":"custom","typography_font_size":{"unit":"px","size":28},"typography_font_size_mobile":{"unit":"px","size":24},"typography_line_height":{"unit":"em","size":1.3000000000000000444089209850062616169452667236328125},"title_color":"#ffffff","align_mobile":"left","align_tablet":"left","_margin":{"unit":"px","top":"0","right":"0","bottom":"-10","left":"0","isLinked":false},"typography_font_family":"Great Vibes"},"elements":[],"isInner":false,"widgetType":"heading","elType":"widget"},{"id":"5612789b","settings":{"editor":"<p>Address: Flat no B-5 Plot 06 Block SW(H)-California.<\/p>","align_mobile":"left","text_color":"rgba(255,255,255,0.7)","typography_typography":"custom","typography_font_size":{"unit":"px","size":15},"typography_font_size_mobile":{"unit":"px","size":12}},"elements":[],"isInner":false,"widgetType":"text-editor","elType":"widget"}],"isInner":true,"elType":"column"},{"id":"635b8790","settings":{"_column_size":25,"_inline_size":32,"_inline_size_tablet":50,"margin_tablet":{"unit":"px","top":"0","right":"0","bottom":"0","left":"0","isLinked":false},"margin_mobile":{"unit":"px","top":"-25","right":"0","bottom":"0","left":"0","isLinked":false},"_inline_size_mobile":100},"elements":[{"id":"329ea759","settings":{"title":"Subscribe Newsletter","align":"left","typography_typography":"custom","typography_font_size":{"unit":"px","size":28},"typography_font_size_mobile":{"unit":"px","size":24},"typography_line_height":{"unit":"em","size":1.3000000000000000444089209850062616169452667236328125},"title_color":"#ffffff","align_mobile":"left","align_tablet":"left","_margin":{"unit":"px","top":"0","right":"0","bottom":"-10","left":"0","isLinked":false},"typography_font_family":"Great Vibes"},"elements":[],"isInner":false,"widgetType":"heading","elType":"widget"},{"id":"231e1f1f","settings":{"email_field_placeholder":"Email *","button_text":"SUBMIT","background_color":"rgba(255,255,255,0.2)","button_box_shadow_box_shadow_type":"yes","button_box_shadow_box_shadow":{"horizontal":0,"vertical":5,"blur":10,"spread":0,"color":"rgba(92,208,74,0.55)"},"text_padding":{"unit":"px","top":"5","right":"50","bottom":"5","left":"50","isLinked":false},"button_typography_typography":"custom","button_typography_font_size":{"unit":"px","size":12},"button_typography_font_weight":"600","button_background_hover_color":"rgba(255,255,255,0.3)","input_placeholder_color":"rgba(255,255,255,0.65)","input_color":"#ffffff","input_background":"rgba(255,255,255,0.2)","input_radius":{"unit":"px","top":"100","right":"100","bottom":"100","left":"100","isLinked":true},"input_padding":{"unit":"px","top":"25","right":"50","bottom":"25","left":"25","isLinked":false},"button_text_color":"#ffffff","radius":{"unit":"px","top":"100","right":"100","bottom":"100","left":"100","isLinked":true},"hover_color":"#ffffff"},"elements":[],"isInner":false,"widgetType":"bdt-mailchimp","elType":"widget"}],"isInner":true,"elType":"column"}],"isInner":true,"elType":"section"}],"page_settings":{"background_color_stop":{"unit":"%","size":"0","sizes":[]},"background_color_b_stop":{"unit":"%","size":"100","sizes":[]},"background_gradient_angle":{"unit":"deg","size":"180","sizes":[]},"background_xpos":{"unit":"px","size":"0","sizes":[]},"background_xpos_tablet":{"unit":"px","size":"0","sizes":[]},"background_xpos_mobile":{"unit":"px","size":"0","sizes":[]},"background_ypos":{"unit":"px","size":"0","sizes":[]},"background_ypos_tablet":{"unit":"px","size":"0","sizes":[]},"background_ypos_mobile":{"unit":"px","size":"0","sizes":[]},"background_bg_width":{"unit":"%","size":"100","sizes":[]},"background_bg_width_tablet":{"unit":"px","size":"","sizes":[]},"background_bg_width_mobile":{"unit":"px","size":"","sizes":[]},"element_pack_toolbar_typography_font_size":{"unit":"px","size":"","sizes":[]},"element_pack_toolbar_typography_font_size_tablet":{"unit":"px","size":"","sizes":[]},"element_pack_toolbar_typography_font_size_mobile":{"unit":"px","size":"","sizes":[]},"element_pack_toolbar_typography_line_height":{"unit":"em","size":"","sizes":[]},"element_pack_toolbar_typography_line_height_tablet":{"unit":"em","size":"","sizes":[]},"element_pack_toolbar_typography_line_height_mobile":{"unit":"em","size":"","sizes":[]},"element_pack_toolbar_typography_letter_spacing":{"unit":"px","size":"","sizes":[]},"element_pack_toolbar_typography_letter_spacing_tablet":{"unit":"px","size":"","sizes":[]},"element_pack_toolbar_typography_letter_spacing_mobile":{"unit":"px","size":"","sizes":[]},"element_pack_global_tooltip_width":{"unit":"px","size":"","sizes":[]},"element_pack_global_tooltip_width_tablet":{"unit":"px","size":"","sizes":[]},"element_pack_global_tooltip_width_mobile":{"unit":"px","size":"","sizes":[]},"element_pack_global_tooltip_background_color_stop":{"unit":"%","size":"0","sizes":[]},"element_pack_global_tooltip_background_color_b_stop":{"unit":"%","size":"100","sizes":[]},"element_pack_global_tooltip_background_gradient_angle":{"unit":"deg","size":"180","sizes":[]},"element_pack_global_tooltip_background_xpos":{"unit":"px","size":"0","sizes":[]},"element_pack_global_tooltip_background_xpos_tablet":{"unit":"px","size":"0","sizes":[]},"element_pack_global_tooltip_background_xpos_mobile":{"unit":"px","size":"0","sizes":[]},"element_pack_global_tooltip_background_ypos":{"unit":"px","size":"0","sizes":[]},"element_pack_global_tooltip_background_ypos_tablet":{"unit":"px","size":"0","sizes":[]},"element_pack_global_tooltip_background_ypos_mobile":{"unit":"px","size":"0","sizes":[]},"element_pack_global_tooltip_background_bg_width":{"unit":"%","size":"100","sizes":[]},"element_pack_global_tooltip_background_bg_width_tablet":{"unit":"px","size":"","sizes":[]},"element_pack_global_tooltip_background_bg_width_mobile":{"unit":"px","size":"","sizes":[]},"element_pack_global_tooltip_typography_font_size":{"unit":"px","size":"","sizes":[]},"element_pack_global_tooltip_typography_font_size_tablet":{"unit":"px","size":"","sizes":[]},"element_pack_global_tooltip_typography_font_size_mobile":{"unit":"px","size":"","sizes":[]},"element_pack_global_tooltip_typography_line_height":{"unit":"em","size":"","sizes":[]},"element_pack_global_tooltip_typography_line_height_tablet":{"unit":"em","size":"","sizes":[]},"element_pack_global_tooltip_typography_line_height_mobile":{"unit":"em","size":"","sizes":[]},"element_pack_global_tooltip_typography_letter_spacing":{"unit":"px","size":"","sizes":[]},"element_pack_global_tooltip_typography_letter_spacing_tablet":{"unit":"px","size":"","sizes":[]},"element_pack_global_tooltip_typography_letter_spacing_mobile":{"unit":"px","size":"","sizes":[]}}}