{"version":"0.4","title":"Footer Demo Set 7-4","type":"section","content":[{"id":"716effd2","settings":{"gap":"wide","structure":"30","background_background":"classic","background_color":"#23242c","padding":{"unit":"px","top":"80","right":"0","bottom":"80","left":"0","isLinked":false},"padding_tablet":{"unit":"px","top":"80","right":"30","bottom":"80","left":"30","isLinked":false},"padding_mobile":{"unit":"px","top":"30","right":"0","bottom":"30","left":"0","isLinked":false}},"elements":[{"id":"5f8f01ab","settings":{"_column_size":33,"_inline_size":null,"_inline_size_tablet":50},"elements":[{"id":"2f9bde73","settings":{"icon":"fa fa-location-arrow","title_text":"Location ","description_text":"United States Fund for UNICEF 125 Maiden Lane, 11th Floor New York","primary_color":"#96c93d","icon_space":{"unit":"px","size":10},"icon_size":{"unit":"px","size":40},"title_color":"#ffffff","title_typography_typography":"custom","title_typography_font_size":{"unit":"px","size":16},"description_color":"rgba(255,255,255,0.8)","_padding":{"unit":"px","top":"35","right":"35","bottom":"35","left":"35","isLinked":true},"_border_border":"dashed","_border_width":{"unit":"px","top":"2","right":"2","bottom":"2","left":"2","isLinked":true},"_border_color":"#96c93d","selected_icon":{"value":"fas fa-location-arrow","library":"fa-solid"}},"elements":[],"isInner":false,"widgetType":"icon-box","elType":"widget"}],"isInner":false,"elType":"column"},{"id":"50e2ee0d","settings":{"_column_size":33,"_inline_size":null,"_inline_size_tablet":50},"elements":[{"id":"28848e59","settings":{"icon":"fa fa-mobile-phone","title_text":"Contact Us","description_text":"United States of America. Phone: 706-428-2127, 706-363-8753...","primary_color":"#96c93d","icon_space":{"unit":"px","size":10},"icon_size":{"unit":"px","size":40},"title_color":"#ffffff","title_typography_typography":"custom","title_typography_font_size":{"unit":"px","size":16},"description_color":"rgba(255,255,255,0.8)","_padding":{"unit":"px","top":"35","right":"35","bottom":"35","left":"35","isLinked":true},"_border_border":"dashed","_border_width":{"unit":"px","top":"2","right":"2","bottom":"2","left":"2","isLinked":true},"_border_color":"#96c93d","selected_icon":{"value":"fas fa-mobile-alt","library":"fa-solid"}},"elements":[],"isInner":false,"widgetType":"icon-box","elType":"widget"}],"isInner":false,"elType":"column"},{"id":"499f689f","settings":{"_column_size":33,"_inline_size":null,"_inline_size_tablet":50},"elements":[{"id":"4de5140c","settings":{"icon":"fa fa-envelope-o","title_text":"Mailing Adress","description_text":"info@dreamgarden.com\nsupport@dreamgarden.com","primary_color":"#96c93d","icon_space":{"unit":"px","size":10},"icon_size":{"unit":"px","size":40},"title_color":"#ffffff","title_typography_typography":"custom","title_typography_font_size":{"unit":"px","size":16},"description_color":"rgba(255,255,255,0.8)","_padding":{"unit":"px","top":"35","right":"35","bottom":"35","left":"35","isLinked":true},"_border_border":"dashed","_border_width":{"unit":"px","top":"2","right":"2","bottom":"2","left":"2","isLinked":true},"_border_color":"#96c93d","selected_icon":{"value":"far fa-envelope","library":"fa-regular"}},"elements":[],"isInner":false,"widgetType":"icon-box","elType":"widget"}],"isInner":false,"elType":"column"}],"isInner":false,"elType":"section"}],"page_settings":{"background_color_stop":{"unit":"%","size":"0","sizes":[]},"background_color_b_stop":{"unit":"%","size":"100","sizes":[]},"background_gradient_angle":{"unit":"deg","size":"180","sizes":[]},"background_xpos":{"unit":"px","size":"0","sizes":[]},"background_xpos_tablet":{"unit":"px","size":"0","sizes":[]},"background_xpos_mobile":{"unit":"px","size":"0","sizes":[]},"background_ypos":{"unit":"px","size":"0","sizes":[]},"background_ypos_tablet":{"unit":"px","size":"0","sizes":[]},"background_ypos_mobile":{"unit":"px","size":"0","sizes":[]},"background_bg_width":{"unit":"%","size":"100","sizes":[]},"background_bg_width_tablet":{"unit":"px","size":"","sizes":[]},"background_bg_width_mobile":{"unit":"px","size":"","sizes":[]},"element_pack_toolbar_typography_font_size":{"unit":"px","size":"","sizes":[]},"element_pack_toolbar_typography_font_size_tablet":{"unit":"px","size":"","sizes":[]},"element_pack_toolbar_typography_font_size_mobile":{"unit":"px","size":"","sizes":[]},"element_pack_toolbar_typography_line_height":{"unit":"em","size":"","sizes":[]},"element_pack_toolbar_typography_line_height_tablet":{"unit":"em","size":"","sizes":[]},"element_pack_toolbar_typography_line_height_mobile":{"unit":"em","size":"","sizes":[]},"element_pack_toolbar_typography_letter_spacing":{"unit":"px","size":"","sizes":[]},"element_pack_toolbar_typography_letter_spacing_tablet":{"unit":"px","size":"","sizes":[]},"element_pack_toolbar_typography_letter_spacing_mobile":{"unit":"px","size":"","sizes":[]},"element_pack_global_tooltip_width":{"unit":"px","size":"","sizes":[]},"element_pack_global_tooltip_width_tablet":{"unit":"px","size":"","sizes":[]},"element_pack_global_tooltip_width_mobile":{"unit":"px","size":"","sizes":[]},"element_pack_global_tooltip_background_color_stop":{"unit":"%","size":"0","sizes":[]},"element_pack_global_tooltip_background_color_b_stop":{"unit":"%","size":"100","sizes":[]},"element_pack_global_tooltip_background_gradient_angle":{"unit":"deg","size":"180","sizes":[]},"element_pack_global_tooltip_background_xpos":{"unit":"px","size":"0","sizes":[]},"element_pack_global_tooltip_background_xpos_tablet":{"unit":"px","size":"0","sizes":[]},"element_pack_global_tooltip_background_xpos_mobile":{"unit":"px","size":"0","sizes":[]},"element_pack_global_tooltip_background_ypos":{"unit":"px","size":"0","sizes":[]},"element_pack_global_tooltip_background_ypos_tablet":{"unit":"px","size":"0","sizes":[]},"element_pack_global_tooltip_background_ypos_mobile":{"unit":"px","size":"0","sizes":[]},"element_pack_global_tooltip_background_bg_width":{"unit":"%","size":"100","sizes":[]},"element_pack_global_tooltip_background_bg_width_tablet":{"unit":"px","size":"","sizes":[]},"element_pack_global_tooltip_background_bg_width_mobile":{"unit":"px","size":"","sizes":[]},"element_pack_global_tooltip_typography_font_size":{"unit":"px","size":"","sizes":[]},"element_pack_global_tooltip_typography_font_size_tablet":{"unit":"px","size":"","sizes":[]},"element_pack_global_tooltip_typography_font_size_mobile":{"unit":"px","size":"","sizes":[]},"element_pack_global_tooltip_typography_line_height":{"unit":"em","size":"","sizes":[]},"element_pack_global_tooltip_typography_line_height_tablet":{"unit":"em","size":"","sizes":[]},"element_pack_global_tooltip_typography_line_height_mobile":{"unit":"em","size":"","sizes":[]},"element_pack_global_tooltip_typography_letter_spacing":{"unit":"px","size":"","sizes":[]},"element_pack_global_tooltip_typography_letter_spacing_tablet":{"unit":"px","size":"","sizes":[]},"element_pack_global_tooltip_typography_letter_spacing_mobile":{"unit":"px","size":"","sizes":[]}}}