{"version":"0.4","title":"navigation-blocks-4","type":"section","content":[{"id":"65b37d5c","settings":{"column_position":"top","padding":{"unit":"px","top":"25","right":"0","bottom":"100","left":"0","isLinked":false},"padding_tablet":{"unit":"px","top":"0","right":"30","bottom":"80","left":"30","isLinked":false},"padding_mobile":{"unit":"px","top":"60","right":"15","bottom":"40","left":"15","isLinked":false},"structure":"30","background_background":"classic","background_gradient_angle":{"unit":"deg","size":""},"sticky":"","sticky_on":["desktop","tablet","mobile"],"sticky_offset":0,"sticky_effects_offset":0,"custom_css":"","background_color_b_stop":{"unit":"%","size":""}},"elements":[{"id":"5ebc2ad4","settings":{"_column_size":33,"_inline_size":15,"padding":{"unit":"px","top":"0","right":"0","bottom":"0","left":"0","isLinked":true},"_inline_size_mobile":50,"_inline_size_tablet":20,"margin":{"unit":"px","top":"11","right":"0","bottom":"0","left":"0","isLinked":false},"margin_tablet":{"unit":"px","top":"16","right":"0","bottom":"0","left":"0","isLinked":false},"margin_mobile":{"unit":"px","top":"-22","right":"0","bottom":"0","left":"0","isLinked":false},"custom_css":""},"elements":[{"id":"3dee06b5","settings":{"image":{"id":47303,"url":"https:\/\/bdthemes.net\/demo\/ready-pages\/ready-blocks\/wp-content\/uploads\/2019\/04\/medical.png"},"align_mobile":"left","link_to":"custom","link":{"url":"#","is_external":"","nofollow":""},"element_pack_widget_tooltip_text":"This is Tooltip","caption_typography_line_height_tablet":{"unit":"em","size":""},"caption_typography_line_height_mobile":{"unit":"em","size":""},"element_pack_widget_tooltip":"","element_pack_widget_tooltip_placement":"top","element_pack_widget_tooltip_animation":"shift-toward","element_pack_widget_tooltip_x_offset":0,"element_pack_widget_tooltip_y_offset":0,"element_pack_widget_tooltip_arrow":"","element_pack_widget_tooltip_width":{"unit":"px","size":""},"element_pack_widget_tooltip_width_tablet":{"unit":"px","size":""},"element_pack_widget_tooltip_width_mobile":{"unit":"px","size":""},"element_pack_widget_tooltip_typography_typography":"","element_pack_widget_tooltip_typography_font_family":"","element_pack_widget_tooltip_typography_font_size":{"unit":"px","size":""},"element_pack_widget_tooltip_typography_font_size_tablet":{"unit":"px","size":""},"element_pack_widget_tooltip_typography_font_size_mobile":{"unit":"px","size":""},"element_pack_widget_tooltip_typography_font_weight":"","element_pack_widget_tooltip_typography_text_transform":"","element_pack_widget_tooltip_typography_font_style":"","element_pack_widget_tooltip_typography_text_decoration":"","element_pack_widget_tooltip_typography_line_height":{"unit":"em","size":""},"element_pack_widget_tooltip_typography_line_height_tablet":{"unit":"em","size":""},"element_pack_widget_tooltip_typography_line_height_mobile":{"unit":"em","size":""},"element_pack_widget_tooltip_typography_letter_spacing":{"unit":"px","size":""},"element_pack_widget_tooltip_typography_letter_spacing_tablet":{"unit":"px","size":""},"element_pack_widget_tooltip_typography_letter_spacing_mobile":{"unit":"px","size":""},"element_pack_widget_tooltip_color":"","element_pack_widget_tooltip_text_align":"center","element_pack_widget_tooltip_background_background":"","element_pack_widget_tooltip_background_color":"","element_pack_widget_tooltip_background_color_stop":{"unit":"%","size":0},"element_pack_widget_tooltip_background_color_b":"#f2295b","element_pack_widget_tooltip_background_color_b_stop":{"unit":"%","size":100},"element_pack_widget_tooltip_background_gradient_type":"linear","element_pack_widget_tooltip_background_gradient_angle":{"unit":"deg","size":180},"element_pack_widget_tooltip_background_gradient_position":"center center","element_pack_widget_tooltip_background_image":{"url":"","id":""},"element_pack_widget_tooltip_background_position":"","element_pack_widget_tooltip_background_attachment":"","element_pack_widget_tooltip_background_repeat":"","element_pack_widget_tooltip_background_size":"","element_pack_widget_tooltip_background_video_link":"","element_pack_widget_tooltip_background_video_start":"","element_pack_widget_tooltip_background_video_end":"","element_pack_widget_tooltip_background_video_fallback":{"url":"","id":""},"element_pack_widget_tooltip_arrow_color":"","element_pack_widget_tooltip_padding":{"unit":"px","top":"","right":"","bottom":"","left":"","isLinked":true},"element_pack_widget_tooltip_padding_tablet":{"unit":"px","top":"","right":"","bottom":"","left":"","isLinked":true},"element_pack_widget_tooltip_padding_mobile":{"unit":"px","top":"","right":"","bottom":"","left":"","isLinked":true},"element_pack_widget_tooltip_border_border":"","element_pack_widget_tooltip_border_width":{"unit":"px","top":"","right":"","bottom":"","left":"","isLinked":true},"element_pack_widget_tooltip_border_color":"","element_pack_widget_tooltip_border_radius":{"unit":"px","top":"","right":"","bottom":"","left":"","isLinked":true},"element_pack_widget_tooltip_border_radius_tablet":{"unit":"px","top":"","right":"","bottom":"","left":"","isLinked":true},"element_pack_widget_tooltip_border_radius_mobile":{"unit":"px","top":"","right":"","bottom":"","left":"","isLinked":true},"element_pack_widget_tooltip_box_shadow_box_shadow_type":"","element_pack_widget_tooltip_box_shadow_box_shadow":{"horizontal":0,"vertical":0,"blur":10,"spread":0,"color":"rgba(0,0,0,0.5)"},"element_pack_widget_tooltip_box_shadow_box_shadow_position":" ","sticky":"","sticky_on":["desktop","tablet","mobile"],"sticky_offset":0,"sticky_effects_offset":0,"sticky_parent":"","custom_css":""},"elements":[],"isInner":false,"widgetType":"image","elType":"widget"}],"isInner":false,"elType":"column"},{"id":"49b043af","settings":{"_column_size":33,"_inline_size":70,"_inline_size_mobile":50,"margin_mobile":{"unit":"px","top":"-10","right":"0","bottom":"0","left":"10","isLinked":false},"_inline_size_tablet":65,"custom_css":"","content_position":"bottom","margin":{"unit":"px","top":"20","right":"0","bottom":"0","left":"0","isLinked":false}},"elements":[{"id":"14c98e6e","settings":{"navbar":"main-menu","align":"center","menu_link_color":"#14abf4","menu_typography_normal_typography":"custom","menu_typography_normal_font_weight":"500","menu_link_color_hover":"#ffffff","hide_mobile":"hidden-phone","menu_parent_arrow":"yes","dropdown_parent_arrow_color":"#ffffff","menu_parent_arrow_color":"#14abf4","element_pack_widget_tooltip_text":"This is Tooltip","text_padding_tablet":{"unit":"px","top":"0","right":"10","bottom":"0","left":"10","isLinked":false},"dropdown_link_background":"rgba(38,166,197,0)","dropdown_link_padding":{"unit":"px","top":"8","right":"0","bottom":"8","left":"15","isLinked":false},"dropdown_link_typography_typography":"custom","dropdown_link_typography_font_size":{"unit":"px","size":12},"dropdown_link_typography_font_weight":"400","dropdown_background":"#14abf4","dropdown_link_color":"#ffffff","dropdown_link_radius":{"unit":"px","top":"3","right":"3","bottom":"3","left":"3","isLinked":true},"menu_typography_normal_line_height_tablet":{"unit":"em","size":""},"menu_typography_normal_line_height_mobile":{"unit":"em","size":""},"menu_typography_hover_line_height_tablet":{"unit":"em","size":""},"menu_typography_hover_line_height_mobile":{"unit":"em","size":""},"menu_typography_active_line_height_tablet":{"unit":"em","size":""},"menu_typography_active_line_height_mobile":{"unit":"em","size":""},"dropdown_link_typography_line_height_tablet":{"unit":"em","size":""},"dropdown_link_typography_line_height_mobile":{"unit":"em","size":""},"dropdown_typography_hover_line_height_tablet":{"unit":"em","size":""},"dropdown_typography_hover_line_height_mobile":{"unit":"em","size":""},"dropdown_typography_active_line_height_tablet":{"unit":"em","size":""},"dropdown_typography_active_line_height_mobile":{"unit":"em","size":""},"element_pack_widget_tooltip":"","element_pack_widget_tooltip_placement":"top","element_pack_widget_tooltip_animation":"shift-toward","element_pack_widget_tooltip_x_offset":0,"element_pack_widget_tooltip_y_offset":0,"element_pack_widget_tooltip_arrow":"","element_pack_widget_tooltip_width":{"unit":"px","size":""},"element_pack_widget_tooltip_width_tablet":{"unit":"px","size":""},"element_pack_widget_tooltip_width_mobile":{"unit":"px","size":""},"element_pack_widget_tooltip_typography_typography":"","element_pack_widget_tooltip_typography_font_family":"","element_pack_widget_tooltip_typography_font_size":{"unit":"px","size":""},"element_pack_widget_tooltip_typography_font_size_tablet":{"unit":"px","size":""},"element_pack_widget_tooltip_typography_font_size_mobile":{"unit":"px","size":""},"element_pack_widget_tooltip_typography_font_weight":"","element_pack_widget_tooltip_typography_text_transform":"","element_pack_widget_tooltip_typography_font_style":"","element_pack_widget_tooltip_typography_text_decoration":"","element_pack_widget_tooltip_typography_line_height":{"unit":"em","size":""},"element_pack_widget_tooltip_typography_line_height_tablet":{"unit":"em","size":""},"element_pack_widget_tooltip_typography_line_height_mobile":{"unit":"em","size":""},"element_pack_widget_tooltip_typography_letter_spacing":{"unit":"px","size":""},"element_pack_widget_tooltip_typography_letter_spacing_tablet":{"unit":"px","size":""},"element_pack_widget_tooltip_typography_letter_spacing_mobile":{"unit":"px","size":""},"element_pack_widget_tooltip_color":"","element_pack_widget_tooltip_text_align":"center","element_pack_widget_tooltip_background_background":"","element_pack_widget_tooltip_background_color":"","element_pack_widget_tooltip_background_color_stop":{"unit":"%","size":0},"element_pack_widget_tooltip_background_color_b":"#f2295b","element_pack_widget_tooltip_background_color_b_stop":{"unit":"%","size":100},"element_pack_widget_tooltip_background_gradient_type":"linear","element_pack_widget_tooltip_background_gradient_angle":{"unit":"deg","size":180},"element_pack_widget_tooltip_background_gradient_position":"center center","element_pack_widget_tooltip_background_image":{"url":"","id":""},"element_pack_widget_tooltip_background_position":"","element_pack_widget_tooltip_background_attachment":"","element_pack_widget_tooltip_background_repeat":"","element_pack_widget_tooltip_background_size":"","element_pack_widget_tooltip_background_video_link":"","element_pack_widget_tooltip_background_video_start":"","element_pack_widget_tooltip_background_video_end":"","element_pack_widget_tooltip_background_video_fallback":{"url":"","id":""},"element_pack_widget_tooltip_arrow_color":"","element_pack_widget_tooltip_padding":{"unit":"px","top":"","right":"","bottom":"","left":"","isLinked":true},"element_pack_widget_tooltip_padding_tablet":{"unit":"px","top":"","right":"","bottom":"","left":"","isLinked":true},"element_pack_widget_tooltip_padding_mobile":{"unit":"px","top":"","right":"","bottom":"","left":"","isLinked":true},"element_pack_widget_tooltip_border_border":"","element_pack_widget_tooltip_border_width":{"unit":"px","top":"","right":"","bottom":"","left":"","isLinked":true},"element_pack_widget_tooltip_border_color":"","element_pack_widget_tooltip_border_radius":{"unit":"px","top":"","right":"","bottom":"","left":"","isLinked":true},"element_pack_widget_tooltip_border_radius_tablet":{"unit":"px","top":"","right":"","bottom":"","left":"","isLinked":true},"element_pack_widget_tooltip_border_radius_mobile":{"unit":"px","top":"","right":"","bottom":"","left":"","isLinked":true},"element_pack_widget_tooltip_box_shadow_box_shadow_type":"","element_pack_widget_tooltip_box_shadow_box_shadow":{"horizontal":0,"vertical":0,"blur":10,"spread":0,"color":"rgba(0,0,0,0.5)"},"element_pack_widget_tooltip_box_shadow_box_shadow_position":" ","sticky":"","sticky_on":["desktop","tablet","mobile"],"sticky_offset":0,"sticky_effects_offset":0,"sticky_parent":"","custom_css":"","text_padding":{"unit":"px","top":"8","right":"25","bottom":"8","left":"25","isLinked":false},"menu_height":{"unit":"px","size":35},"dropdown_offset":{"unit":"px","size":30},"menu_spacing":{"unit":"px","size":15},"menu_border_border":"solid","menu_border_width":{"unit":"px","top":"0","right":"0","bottom":"1","left":"0","isLinked":false},"menu_border_color":"#81dbff","menu_typography_normal_font_size":{"unit":"px","size":14},"link_background_hover":"#14abf4","menu_border_color_hover":"#14abf4","menu_parent_arrow_color_hover":"#ffffff","dropdown_link_spacing":{"unit":"px","size":10},"dropdown_link_hover_bg_color":"#45bcf7"},"elements":[],"isInner":false,"widgetType":"bdt-navbar","elType":"widget"},{"id":"3d104f59","settings":{"sidebars":"offcanvas-example-2","button_text":"Menu","button_align_mobile":"right","offcanvas_content_color":"#ffffff","offcanvas_content_link_color":"rgba(255,255,255,0.8)","offcanvas_content_link_hover_color":"#ffffff","offcanvas_content_background_color":"#444444","offcanvas_button_text_color":"#ffffff","offcanvas_button_background_color":"#03a2e2","hide_desktop":"hidden-desktop","hide_tablet":"hidden-tablet","element_pack_widget_tooltip_text":"This is Tooltip","offcanvas_button_padding":{"unit":"px","top":"10","right":"16","bottom":"10","left":"16","isLinked":false},"offcanvas_button_typography_typography":"custom","offcanvas_button_typography_font_size_mobile":{"unit":"px","size":12},"offcanvas_button_typography_line_height_tablet":{"unit":"em","size":""},"offcanvas_button_typography_line_height_mobile":{"unit":"em","size":""},"element_pack_widget_tooltip":"","element_pack_widget_tooltip_placement":"top","element_pack_widget_tooltip_animation":"shift-toward","element_pack_widget_tooltip_x_offset":0,"element_pack_widget_tooltip_y_offset":0,"element_pack_widget_tooltip_arrow":"","element_pack_widget_tooltip_width":{"unit":"px","size":""},"element_pack_widget_tooltip_width_tablet":{"unit":"px","size":""},"element_pack_widget_tooltip_width_mobile":{"unit":"px","size":""},"element_pack_widget_tooltip_typography_typography":"","element_pack_widget_tooltip_typography_font_family":"","element_pack_widget_tooltip_typography_font_size":{"unit":"px","size":""},"element_pack_widget_tooltip_typography_font_size_tablet":{"unit":"px","size":""},"element_pack_widget_tooltip_typography_font_size_mobile":{"unit":"px","size":""},"element_pack_widget_tooltip_typography_font_weight":"","element_pack_widget_tooltip_typography_text_transform":"","element_pack_widget_tooltip_typography_font_style":"","element_pack_widget_tooltip_typography_text_decoration":"","element_pack_widget_tooltip_typography_line_height":{"unit":"em","size":""},"element_pack_widget_tooltip_typography_line_height_tablet":{"unit":"em","size":""},"element_pack_widget_tooltip_typography_line_height_mobile":{"unit":"em","size":""},"element_pack_widget_tooltip_typography_letter_spacing":{"unit":"px","size":""},"element_pack_widget_tooltip_typography_letter_spacing_tablet":{"unit":"px","size":""},"element_pack_widget_tooltip_typography_letter_spacing_mobile":{"unit":"px","size":""},"element_pack_widget_tooltip_color":"","element_pack_widget_tooltip_text_align":"center","element_pack_widget_tooltip_background_background":"","element_pack_widget_tooltip_background_color":"","element_pack_widget_tooltip_background_color_stop":{"unit":"%","size":0},"element_pack_widget_tooltip_background_color_b":"#f2295b","element_pack_widget_tooltip_background_color_b_stop":{"unit":"%","size":100},"element_pack_widget_tooltip_background_gradient_type":"linear","element_pack_widget_tooltip_background_gradient_angle":{"unit":"deg","size":180},"element_pack_widget_tooltip_background_gradient_position":"center center","element_pack_widget_tooltip_background_image":{"url":"","id":""},"element_pack_widget_tooltip_background_position":"","element_pack_widget_tooltip_background_attachment":"","element_pack_widget_tooltip_background_repeat":"","element_pack_widget_tooltip_background_size":"","element_pack_widget_tooltip_background_video_link":"","element_pack_widget_tooltip_background_video_start":"","element_pack_widget_tooltip_background_video_end":"","element_pack_widget_tooltip_background_video_fallback":{"url":"","id":""},"element_pack_widget_tooltip_arrow_color":"","element_pack_widget_tooltip_padding":{"unit":"px","top":"","right":"","bottom":"","left":"","isLinked":true},"element_pack_widget_tooltip_padding_tablet":{"unit":"px","top":"","right":"","bottom":"","left":"","isLinked":true},"element_pack_widget_tooltip_padding_mobile":{"unit":"px","top":"","right":"","bottom":"","left":"","isLinked":true},"element_pack_widget_tooltip_border_border":"","element_pack_widget_tooltip_border_width":{"unit":"px","top":"","right":"","bottom":"","left":"","isLinked":true},"element_pack_widget_tooltip_border_color":"","element_pack_widget_tooltip_border_radius":{"unit":"px","top":"","right":"","bottom":"","left":"","isLinked":true},"element_pack_widget_tooltip_border_radius_tablet":{"unit":"px","top":"","right":"","bottom":"","left":"","isLinked":true},"element_pack_widget_tooltip_border_radius_mobile":{"unit":"px","top":"","right":"","bottom":"","left":"","isLinked":true},"element_pack_widget_tooltip_box_shadow_box_shadow_type":"","element_pack_widget_tooltip_box_shadow_box_shadow":{"horizontal":0,"vertical":0,"blur":10,"spread":0,"color":"rgba(0,0,0,0.5)"},"element_pack_widget_tooltip_box_shadow_box_shadow_position":" ","sticky":"","sticky_on":["desktop","tablet","mobile"],"sticky_offset":0,"sticky_effects_offset":0,"sticky_parent":"","custom_css":"","_margin_mobile":{"unit":"px","top":"-48","right":"0","bottom":"0","left":"0","isLinked":false},"offcanvas_custom_id":"#bdt-custom-offcanvas"},"elements":[],"isInner":false,"widgetType":"bdt-offcanvas","elType":"widget"}],"isInner":false,"elType":"column"},{"id":"5ab0071b","settings":{"_column_size":33,"_inline_size":14.6760000000000001563194018672220408916473388671875,"padding":{"unit":"px","top":"0","right":"0","bottom":"0","left":"0","isLinked":true},"_inline_size_mobile":100,"_inline_size_tablet":15,"margin":{"unit":"px","top":"30","right":"0","bottom":"0","left":"0","isLinked":false},"margin_tablet":{"unit":"px","top":"30","right":"0","bottom":"0","left":"0","isLinked":false},"custom_css":""},"elements":[{"id":"12314e00","settings":{"placeholder":"Search...","element_pack_widget_tooltip_text":"This is Tooltip","hide_mobile":"hidden-phone","input_typography_typography":"custom","input_typography_font_size_tablet":{"unit":"px","size":13},"input_typography_line_height_tablet":{"unit":"em","size":""},"input_typography_line_height_mobile":{"unit":"em","size":""},"element_pack_widget_tooltip":"","element_pack_widget_tooltip_placement":"top","element_pack_widget_tooltip_animation":"shift-toward","element_pack_widget_tooltip_x_offset":0,"element_pack_widget_tooltip_y_offset":0,"element_pack_widget_tooltip_arrow":"","element_pack_widget_tooltip_width":{"unit":"px","size":""},"element_pack_widget_tooltip_width_tablet":{"unit":"px","size":""},"element_pack_widget_tooltip_width_mobile":{"unit":"px","size":""},"element_pack_widget_tooltip_typography_typography":"","element_pack_widget_tooltip_typography_font_family":"","element_pack_widget_tooltip_typography_font_size":{"unit":"px","size":""},"element_pack_widget_tooltip_typography_font_size_tablet":{"unit":"px","size":""},"element_pack_widget_tooltip_typography_font_size_mobile":{"unit":"px","size":""},"element_pack_widget_tooltip_typography_font_weight":"","element_pack_widget_tooltip_typography_text_transform":"","element_pack_widget_tooltip_typography_font_style":"","element_pack_widget_tooltip_typography_text_decoration":"","element_pack_widget_tooltip_typography_line_height":{"unit":"em","size":""},"element_pack_widget_tooltip_typography_line_height_tablet":{"unit":"em","size":""},"element_pack_widget_tooltip_typography_line_height_mobile":{"unit":"em","size":""},"element_pack_widget_tooltip_typography_letter_spacing":{"unit":"px","size":""},"element_pack_widget_tooltip_typography_letter_spacing_tablet":{"unit":"px","size":""},"element_pack_widget_tooltip_typography_letter_spacing_mobile":{"unit":"px","size":""},"element_pack_widget_tooltip_color":"","element_pack_widget_tooltip_text_align":"center","element_pack_widget_tooltip_background_background":"","element_pack_widget_tooltip_background_color":"","element_pack_widget_tooltip_background_color_stop":{"unit":"%","size":0},"element_pack_widget_tooltip_background_color_b":"#f2295b","element_pack_widget_tooltip_background_color_b_stop":{"unit":"%","size":100},"element_pack_widget_tooltip_background_gradient_type":"linear","element_pack_widget_tooltip_background_gradient_angle":{"unit":"deg","size":180},"element_pack_widget_tooltip_background_gradient_position":"center center","element_pack_widget_tooltip_background_image":{"url":"","id":""},"element_pack_widget_tooltip_background_position":"","element_pack_widget_tooltip_background_attachment":"","element_pack_widget_tooltip_background_repeat":"","element_pack_widget_tooltip_background_size":"","element_pack_widget_tooltip_background_video_link":"","element_pack_widget_tooltip_background_video_start":"","element_pack_widget_tooltip_background_video_end":"","element_pack_widget_tooltip_background_video_fallback":{"url":"","id":""},"element_pack_widget_tooltip_arrow_color":"","element_pack_widget_tooltip_padding":{"unit":"px","top":"","right":"","bottom":"","left":"","isLinked":true},"element_pack_widget_tooltip_padding_tablet":{"unit":"px","top":"","right":"","bottom":"","left":"","isLinked":true},"element_pack_widget_tooltip_padding_mobile":{"unit":"px","top":"","right":"","bottom":"","left":"","isLinked":true},"element_pack_widget_tooltip_border_border":"","element_pack_widget_tooltip_border_width":{"unit":"px","top":"","right":"","bottom":"","left":"","isLinked":true},"element_pack_widget_tooltip_border_color":"","element_pack_widget_tooltip_border_radius":{"unit":"px","top":"","right":"","bottom":"","left":"","isLinked":true},"element_pack_widget_tooltip_border_radius_tablet":{"unit":"px","top":"","right":"","bottom":"","left":"","isLinked":true},"element_pack_widget_tooltip_border_radius_mobile":{"unit":"px","top":"","right":"","bottom":"","left":"","isLinked":true},"element_pack_widget_tooltip_box_shadow_box_shadow_type":"","element_pack_widget_tooltip_box_shadow_box_shadow":{"horizontal":0,"vertical":0,"blur":10,"spread":0,"color":"rgba(0,0,0,0.5)"},"element_pack_widget_tooltip_box_shadow_box_shadow_position":" ","sticky":"","sticky_on":["desktop","tablet","mobile"],"sticky_offset":0,"sticky_effects_offset":0,"sticky_parent":"","custom_css":"","input_text_color":"#03a2e2","input_background_color":"rgba(190,165,216,0)","input_placeholder_color":"rgba(3,162,226,0.61)","input_border_color":"#81dbff","button_border_width":{"unit":"px","top":"0","right":"0","bottom":"1","left":"0","isLinked":false},"border_radius":{"unit":"px","size":0},"icon_color":"#03a2e2"},"elements":[],"isInner":false,"widgetType":"bdt-search","elType":"widget"}],"isInner":false,"elType":"column"}],"isInner":false,"elType":"section"}],"page_settings":{"background_color_stop":{"unit":"%","size":"0","sizes":[]},"background_color_b_stop":{"unit":"%","size":"100","sizes":[]},"background_gradient_angle":{"unit":"deg","size":"180","sizes":[]},"background_xpos":{"unit":"px","size":"0","sizes":[]},"background_xpos_tablet":{"unit":"px","size":"0","sizes":[]},"background_xpos_mobile":{"unit":"px","size":"0","sizes":[]},"background_ypos":{"unit":"px","size":"0","sizes":[]},"background_ypos_tablet":{"unit":"px","size":"0","sizes":[]},"background_ypos_mobile":{"unit":"px","size":"0","sizes":[]},"background_bg_width":{"unit":"%","size":"100","sizes":[]},"background_bg_width_tablet":{"unit":"px","size":"","sizes":[]},"background_bg_width_mobile":{"unit":"px","size":"","sizes":[]},"element_pack_toolbar_typography_font_size":{"unit":"px","size":"","sizes":[]},"element_pack_toolbar_typography_font_size_tablet":{"unit":"px","size":"","sizes":[]},"element_pack_toolbar_typography_font_size_mobile":{"unit":"px","size":"","sizes":[]},"element_pack_toolbar_typography_line_height":{"unit":"em","size":"","sizes":[]},"element_pack_toolbar_typography_line_height_tablet":{"unit":"em","size":"","sizes":[]},"element_pack_toolbar_typography_line_height_mobile":{"unit":"em","size":"","sizes":[]},"element_pack_toolbar_typography_letter_spacing":{"unit":"px","size":"","sizes":[]},"element_pack_toolbar_typography_letter_spacing_tablet":{"unit":"px","size":"","sizes":[]},"element_pack_toolbar_typography_letter_spacing_mobile":{"unit":"px","size":"","sizes":[]},"element_pack_global_tooltip_width":{"unit":"px","size":"","sizes":[]},"element_pack_global_tooltip_width_tablet":{"unit":"px","size":"","sizes":[]},"element_pack_global_tooltip_width_mobile":{"unit":"px","size":"","sizes":[]},"element_pack_global_tooltip_background_color_stop":{"unit":"%","size":"0","sizes":[]},"element_pack_global_tooltip_background_color_b_stop":{"unit":"%","size":"100","sizes":[]},"element_pack_global_tooltip_background_gradient_angle":{"unit":"deg","size":"180","sizes":[]},"element_pack_global_tooltip_background_xpos":{"unit":"px","size":"0","sizes":[]},"element_pack_global_tooltip_background_xpos_tablet":{"unit":"px","size":"0","sizes":[]},"element_pack_global_tooltip_background_xpos_mobile":{"unit":"px","size":"0","sizes":[]},"element_pack_global_tooltip_background_ypos":{"unit":"px","size":"0","sizes":[]},"element_pack_global_tooltip_background_ypos_tablet":{"unit":"px","size":"0","sizes":[]},"element_pack_global_tooltip_background_ypos_mobile":{"unit":"px","size":"0","sizes":[]},"element_pack_global_tooltip_background_bg_width":{"unit":"%","size":"100","sizes":[]},"element_pack_global_tooltip_background_bg_width_tablet":{"unit":"px","size":"","sizes":[]},"element_pack_global_tooltip_background_bg_width_mobile":{"unit":"px","size":"","sizes":[]},"element_pack_global_tooltip_typography_font_size":{"unit":"px","size":"","sizes":[]},"element_pack_global_tooltip_typography_font_size_tablet":{"unit":"px","size":"","sizes":[]},"element_pack_global_tooltip_typography_font_size_mobile":{"unit":"px","size":"","sizes":[]},"element_pack_global_tooltip_typography_line_height":{"unit":"em","size":"","sizes":[]},"element_pack_global_tooltip_typography_line_height_tablet":{"unit":"em","size":"","sizes":[]},"element_pack_global_tooltip_typography_line_height_mobile":{"unit":"em","size":"","sizes":[]},"element_pack_global_tooltip_typography_letter_spacing":{"unit":"px","size":"","sizes":[]},"element_pack_global_tooltip_typography_letter_spacing_tablet":{"unit":"px","size":"","sizes":[]},"element_pack_global_tooltip_typography_letter_spacing_mobile":{"unit":"px","size":"","sizes":[]}}}