{"version":"0.4","title":"Header Demo Set 1-2","type":"section","content":[{"id":"1996552b","settings":{"layout":"full_width","background_overlay_opacity":{"unit":"px","size":0.59999999999999997779553950749686919152736663818359375,"sizes":[]},"background_background":"classic","background_image":{"url":"https:\/\/bdthemes.net\/demo\/ready-pages\/ready-blocks\/wp-content\/uploads\/2019\/04\/hotel-header-bg.jpg","id":49740},"background_overlay_background":"classic","background_overlay_color":"#0a378b","padding_tablet":{"unit":"px","top":"0","right":"0","bottom":"0","left":"0","isLinked":false}},"elements":[{"id":"5d6f77e7","settings":{"_column_size":100,"padding":{"unit":"px","top":"0","right":"0","bottom":"0","left":"0","isLinked":false}},"elements":[{"id":"666bc71a","settings":{"height_inner":"min-height","custom_height_inner":{"unit":"px","size":10,"sizes":[]},"structure":"30","background_background":"classic","background_color":"rgba(0,0,0,0.44)","margin":{"unit":"px","top":"0","right":0,"bottom":"0","left":0,"isLinked":false},"padding":{"unit":"px","top":"0","right":"0","bottom":"0","left":"0","isLinked":false},"padding_tablet":{"unit":"px","top":"0","right":"30","bottom":"0","left":"30","isLinked":false},"hide_mobile":"hidden-phone"},"elements":[{"id":"6d7018af","settings":{"_column_size":33,"_inline_size":15.964999999999999857891452847979962825775146484375,"_inline_size_tablet":30,"_inline_size_mobile":37},"elements":[{"id":"684a8315","settings":{"social_icon_list":[{"social":"fa fa-facebook","_id":"0982e33","link":{"url":"#","is_external":"true","nofollow":""},"social_icon":{"value":"fab fa-wordpress","library":"fa-brands"},"item_icon_color":"default","item_icon_primary_color":"","item_icon_secondary_color":""},{"social":"fa fa-twitter","_id":"336fe3d","link":{"url":"#","is_external":"true","nofollow":""},"social_icon":{"value":"fab fa-wordpress","library":"fa-brands"},"item_icon_color":"default","item_icon_primary_color":"","item_icon_secondary_color":""},{"social":"fa fa-pinterest","link":{"url":"#","is_external":"true","nofollow":""},"_id":"1dea089","social_icon":{"value":"fab fa-wordpress","library":"fa-brands"},"item_icon_color":"default","item_icon_primary_color":"","item_icon_secondary_color":""},{"social":"fa fa-google-plus","_id":"cbbca5e","link":{"url":"#","is_external":"true","nofollow":""},"social_icon":{"value":"fab fa-wordpress","library":"fa-brands"},"item_icon_color":"default","item_icon_primary_color":"","item_icon_secondary_color":""}],"icon_color":"custom","icon_primary_color":"rgba(255,255,255,0)","icon_secondary_color":"rgba(255,255,255,0.79)","icon_size":{"unit":"px","size":16,"sizes":[]},"icon_size_mobile":{"unit":"px","size":13,"sizes":[]},"icon_padding":{"unit":"em","size":0.5,"sizes":[]},"icon_spacing_mobile":{"unit":"px","size":0,"sizes":[]},"hover_primary_color":"rgba(255,255,255,0)","hover_secondary_color":"#ffffff","align":"left"},"elements":[],"isInner":false,"widgetType":"social-icons","elType":"widget"}],"isInner":true,"elType":"column"},{"id":"416f3feb","settings":{"_column_size":33,"_inline_size":58.5090000000000003410605131648480892181396484375,"_inline_size_tablet":50,"_inline_size_mobile":57},"elements":[{"id":"33d4272","settings":{"icon":"","title_text":"Question Call: 011 556 9658","description_text":"","link":{"url":"#","is_external":"","nofollow":""},"position":"left","primary_color":"#23a455","icon_space":{"unit":"px","size":10,"sizes":[]},"icon_size":{"unit":"px","size":19,"sizes":[]},"title_bottom_space":{"unit":"px","size":0,"sizes":[]},"title_color":"rgba(255,255,255,0.79)","title_typography_typography":"custom","title_typography_font_size":{"unit":"px","size":14,"sizes":[]},"title_typography_font_weight":"400","_margin":{"unit":"px","top":"0","right":"0","bottom":"0","left":"0","isLinked":false},"_padding":{"unit":"px","top":"7","right":"0","bottom":"0","left":"0","isLinked":false},"text_align":"left","selected_icon":{"value":"","library":""}},"elements":[],"isInner":false,"widgetType":"icon-box","elType":"widget"}],"isInner":true,"elType":"column"},{"id":"3f89535e","settings":{"_column_size":33,"_inline_size":25.5240000000000009094947017729282379150390625,"_inline_size_tablet":20,"_inline_size_mobile":100,"hide_mobile":"hidden-phone"},"elements":[{"id":"15a01ac2","settings":{"placeholder":"Search Now...","search_icon_flip":"yes","input_typography_typography":"custom","input_typography_font_size":{"unit":"px","size":14,"sizes":[]},"icon_color":"rgba(255,255,255,0.93)","input_text_color":"#ffffff","input_background_color":"#000000","input_placeholder_color":"rgba(255,255,255,0.8)","skin":"dropdown","search_align":"right"},"elements":[],"isInner":false,"widgetType":"bdt-search","elType":"widget"}],"isInner":true,"elType":"column"}],"isInner":true,"elType":"section"},{"id":"338b4205","settings":{"column_position":"top","padding_tablet":{"unit":"px","top":"15","right":"30","bottom":"15","left":"20","isLinked":false},"structure":"30","background_background":"classic","background_gradient_angle":{"unit":"deg","size":100},"sticky":"","sticky_on":["desktop","tablet","mobile"],"sticky_offset":0,"sticky_effects_offset":0,"custom_css":"","content_width":{"unit":"px","size":""},"section_sticky_active_bg":"#ffffff","margin":{"unit":"px","top":"","right":0,"bottom":"","left":0,"isLinked":true},"margin_tablet":{"unit":"px","top":"","right":0,"bottom":"","left":0,"isLinked":true},"margin_mobile":{"unit":"px","top":"","right":0,"bottom":"","left":0,"isLinked":true},"custom_height":{"unit":"px","size":""},"background_hover_transition":{"unit":"px","size":""},"section_sticky_active_shadow_box_shadow_type":"yes","section_sticky_active_shadow_box_shadow":{"horizontal":0,"vertical":5,"blur":20,"spread":0,"color":"rgba(0,0,0,0.05)"},"padding_mobile":{"unit":"px","top":"10","right":"20","bottom":"20","left":"0","isLinked":false},"content_position":"middle","padding":{"unit":"px","top":"35","right":"0","bottom":"35","left":"0","isLinked":false}},"elements":[{"id":"61c05447","settings":{"_column_size":33,"_inline_size":17.455999999999999516830939683131873607635498046875,"padding":{"unit":"px","top":"0","right":"0","bottom":"0","left":"0","isLinked":true},"_inline_size_mobile":35,"_inline_size_tablet":40,"content_position":"center","custom_css":"","margin":{"unit":"px","top":"-2","right":"0","bottom":"0","left":"0","isLinked":false},"margin_tablet":{"unit":"px","top":"0","right":"0","bottom":"0","left":"30","isLinked":false}},"elements":[{"id":"249a48f8","settings":{"image":{"id":48488,"url":"https:\/\/bdthemes.net\/demo\/ready-pages\/ready-blocks\/wp-content\/uploads\/2019\/04\/01-6-1.png"},"image_size":"thumbnail","link_to":"custom","link":{"url":"#","is_external":"","nofollow":""},"_margin_tablet":{"unit":"px","top":"0","right":"0","bottom":"0","left":"0","isLinked":false},"_padding_mobile":{"unit":"px","top":"14","right":"0","bottom":"0","left":"0","isLinked":false},"align_tablet":"left","align":"left","width":{"unit":"%","size":100},"width_tablet":{"unit":"%","size":80},"width_mobile":{"unit":"%","size":100,"sizes":[]},"_padding_tablet":{"unit":"px","top":"0","right":"0","bottom":"0","left":"0","isLinked":false},"align_mobile":"left"},"elements":[],"isInner":false,"widgetType":"image","elType":"widget"}],"isInner":false,"elType":"column"},{"id":"4ddfcf82","settings":{"_column_size":33,"_inline_size":67.36799999999999499777914024889469146728515625,"_inline_size_mobile":40,"_inline_size_tablet":20,"custom_css":"","padding":{"unit":"px","top":"0","right":"0","bottom":"0","left":"0","isLinked":false},"space_between_widgets":0},"elements":[{"id":"35a543ab","settings":{"navbar":"main-menu","menu_typography_normal_typography":"custom","menu_typography_normal_font_weight":"700","menu_link_color_hover":"#ffffff","menu_hover_color_active":"#000000","hide_tablet":"hidden-tablet","hide_mobile":"hidden-phone","menu_height":{"unit":"px","size":40,"sizes":[]},"menu_link_color":"rgba(255,255,255,0.82)","menu_link_background":"#0048ad","menu_spacing":{"unit":"px","size":15,"sizes":[]},"menu_border_radius":{"unit":"px","top":"5","right":"5","bottom":"5","left":"5","isLinked":true},"menu_typography_normal_font_size":{"unit":"px","size":12,"sizes":[]}},"elements":[],"isInner":false,"widgetType":"bdt-navbar","elType":"widget"},{"id":"4901741c","settings":{"sidebars":"offcanvas","button_text":"Menu","button_align_mobile":"right","offcanvas_content_color":"#ffffff","offcanvas_content_link_color":"rgba(255,255,255,0.8)","offcanvas_content_link_hover_color":"#ffffff","offcanvas_button_text_color":"#ffffff","offcanvas_button_background_color":"#0048ad","hide_desktop":"hidden-desktop","element_pack_widget_tooltip_text":"This is Tooltip","offcanvas_button_padding":{"unit":"px","top":"10","right":"16","bottom":"10","left":"16","isLinked":false},"offcanvas_button_typography_typography":"custom","offcanvas_button_typography_font_size_mobile":{"unit":"px","size":12},"element_pack_widget_tooltip":"","element_pack_widget_tooltip_placement":"top","element_pack_widget_tooltip_animation":"shift-toward","element_pack_widget_tooltip_x_offset":0,"element_pack_widget_tooltip_y_offset":0,"element_pack_widget_tooltip_arrow":"","element_pack_widget_tooltip_width":{"unit":"px","size":""},"element_pack_widget_tooltip_width_tablet":{"unit":"px","size":""},"element_pack_widget_tooltip_width_mobile":{"unit":"px","size":""},"element_pack_widget_tooltip_color":"","element_pack_widget_tooltip_background_background":"","element_pack_widget_tooltip_background_color":"","element_pack_widget_tooltip_background_color_stop":{"unit":"%","size":0},"element_pack_widget_tooltip_background_color_b":"#f2295b","element_pack_widget_tooltip_background_color_b_stop":{"unit":"%","size":100},"element_pack_widget_tooltip_background_gradient_type":"linear","element_pack_widget_tooltip_background_gradient_angle":{"unit":"deg","size":180},"element_pack_widget_tooltip_background_gradient_position":"center center","element_pack_widget_tooltip_background_image":{"url":"","id":""},"element_pack_widget_tooltip_background_position":"","element_pack_widget_tooltip_background_attachment":"","element_pack_widget_tooltip_background_repeat":"","element_pack_widget_tooltip_background_size":"","element_pack_widget_tooltip_background_video_link":"","element_pack_widget_tooltip_background_video_start":"","element_pack_widget_tooltip_background_video_end":"","element_pack_widget_tooltip_background_video_fallback":{"url":"","id":""},"element_pack_widget_tooltip_arrow_color":"","element_pack_widget_tooltip_padding":{"unit":"px","top":"","right":"","bottom":"","left":"","isLinked":true},"element_pack_widget_tooltip_padding_tablet":{"unit":"px","top":"","right":"","bottom":"","left":"","isLinked":true},"element_pack_widget_tooltip_padding_mobile":{"unit":"px","top":"","right":"","bottom":"","left":"","isLinked":true},"element_pack_widget_tooltip_border_border":"","element_pack_widget_tooltip_border_width":{"unit":"px","top":"","right":"","bottom":"","left":"","isLinked":true},"element_pack_widget_tooltip_border_color":"","element_pack_widget_tooltip_border_radius":{"unit":"px","top":"","right":"","bottom":"","left":"","isLinked":true},"element_pack_widget_tooltip_border_radius_tablet":{"unit":"px","top":"","right":"","bottom":"","left":"","isLinked":true},"element_pack_widget_tooltip_border_radius_mobile":{"unit":"px","top":"","right":"","bottom":"","left":"","isLinked":true},"element_pack_widget_tooltip_text_align":"center","element_pack_widget_tooltip_box_shadow_box_shadow_type":"","element_pack_widget_tooltip_box_shadow_box_shadow":{"horizontal":0,"vertical":0,"blur":10,"spread":0,"color":"rgba(0,0,0,0.5)"},"element_pack_widget_tooltip_box_shadow_box_shadow_position":" ","element_pack_widget_tooltip_typography_typography":"","element_pack_widget_tooltip_typography_font_family":"","element_pack_widget_tooltip_typography_font_size":{"unit":"px","size":""},"element_pack_widget_tooltip_typography_font_size_tablet":{"unit":"px","size":""},"element_pack_widget_tooltip_typography_font_size_mobile":{"unit":"px","size":""},"element_pack_widget_tooltip_typography_font_weight":"","element_pack_widget_tooltip_typography_text_transform":"","element_pack_widget_tooltip_typography_font_style":"","element_pack_widget_tooltip_typography_text_decoration":"","element_pack_widget_tooltip_typography_line_height":{"unit":"em","size":""},"element_pack_widget_tooltip_typography_line_height_tablet":{"unit":"em","size":""},"element_pack_widget_tooltip_typography_line_height_mobile":{"unit":"em","size":""},"element_pack_widget_tooltip_typography_letter_spacing":{"unit":"px","size":""},"element_pack_widget_tooltip_typography_letter_spacing_tablet":{"unit":"px","size":""},"element_pack_widget_tooltip_typography_letter_spacing_mobile":{"unit":"px","size":""},"sticky":"","sticky_on":["desktop","tablet","mobile"],"sticky_offset":0,"sticky_effects_offset":0,"sticky_parent":"","custom_css":"","_margin_tablet":{"unit":"px","top":"5","right":"0","bottom":"0","left":"20","isLinked":false},"_padding_mobile":{"unit":"px","top":"15","right":"30","bottom":"0","left":"0","isLinked":false},"offcanvas_content_shadow_box_shadow":{"horizontal":0,"vertical":10,"blur":20,"spread":0,"color":"rgba(0,0,0,0.1)"},"offcanvas_custom_id":"#bdt-custom-offcanvas","offcanvas_close_button":"","button_align":"right","offcanvas_button_border_radius":{"unit":"px","top":"4","right":"4","bottom":"4","left":"4","isLinked":true}},"elements":[],"isInner":false,"widgetType":"bdt-offcanvas","elType":"widget"}],"isInner":false,"elType":"column"},{"id":"29116352","settings":{"_column_size":33,"_inline_size":15.172000000000000596855898038484156131744384765625,"padding":{"unit":"px","top":"0","right":"0","bottom":"0","left":"0","isLinked":true},"_inline_size_mobile":25,"_inline_size_tablet":40,"margin":{"unit":"px","top":"0","right":"0","bottom":"0","left":"0","isLinked":false},"margin_tablet":{"unit":"px","top":"0","right":"0","bottom":"0","left":"0","isLinked":false},"custom_css":""},"elements":[{"id":"4ce8d95f","settings":{"text":"Book Now","align":"right","size":"md","typography_typography":"custom","typography_font_size":{"unit":"px","size":14,"sizes":[]},"typography_font_size_mobile":{"unit":"px","size":12,"sizes":[]},"typography_font_weight":"600","button_text_color":"#4a73ad","background_color":"#ffffff","hover_color":"#ffffff","button_background_hover_color":"#4a73ad","text_padding_mobile":{"unit":"px","top":"10","right":"10","bottom":"10","left":"10","isLinked":true},"_margin":{"unit":"px","top":"0","right":"0","bottom":"0","left":"0","isLinked":false},"_margin_mobile":{"unit":"px","top":"20","right":"0","bottom":"0","left":"0","isLinked":false},"_padding":{"unit":"px","top":"0","right":"0","bottom":"0","left":"0","isLinked":false},"_padding_mobile":{"unit":"px","top":"0","right":"0","bottom":"0","left":"0","isLinked":false}},"elements":[],"isInner":false,"widgetType":"button","elType":"widget"}],"isInner":false,"elType":"column"}],"isInner":false,"elType":"section"}],"isInner":false,"elType":"column"}],"isInner":false,"elType":"section"}],"page_settings":{"background_color_stop":{"unit":"%","size":"0","sizes":[]},"background_color_b_stop":{"unit":"%","size":"100","sizes":[]},"background_gradient_angle":{"unit":"deg","size":"180","sizes":[]},"background_xpos":{"unit":"px","size":"0","sizes":[]},"background_xpos_tablet":{"unit":"px","size":"0","sizes":[]},"background_xpos_mobile":{"unit":"px","size":"0","sizes":[]},"background_ypos":{"unit":"px","size":"0","sizes":[]},"background_ypos_tablet":{"unit":"px","size":"0","sizes":[]},"background_ypos_mobile":{"unit":"px","size":"0","sizes":[]},"background_bg_width":{"unit":"%","size":"100","sizes":[]},"background_bg_width_tablet":{"unit":"px","size":"","sizes":[]},"background_bg_width_mobile":{"unit":"px","size":"","sizes":[]},"element_pack_toolbar_typography_font_size":{"unit":"px","size":"","sizes":[]},"element_pack_toolbar_typography_font_size_tablet":{"unit":"px","size":"","sizes":[]},"element_pack_toolbar_typography_font_size_mobile":{"unit":"px","size":"","sizes":[]},"element_pack_toolbar_typography_line_height":{"unit":"em","size":"","sizes":[]},"element_pack_toolbar_typography_line_height_tablet":{"unit":"em","size":"","sizes":[]},"element_pack_toolbar_typography_line_height_mobile":{"unit":"em","size":"","sizes":[]},"element_pack_toolbar_typography_letter_spacing":{"unit":"px","size":"","sizes":[]},"element_pack_toolbar_typography_letter_spacing_tablet":{"unit":"px","size":"","sizes":[]},"element_pack_toolbar_typography_letter_spacing_mobile":{"unit":"px","size":"","sizes":[]},"element_pack_global_tooltip_width":{"unit":"px","size":"","sizes":[]},"element_pack_global_tooltip_width_tablet":{"unit":"px","size":"","sizes":[]},"element_pack_global_tooltip_width_mobile":{"unit":"px","size":"","sizes":[]},"element_pack_global_tooltip_background_color_stop":{"unit":"%","size":"0","sizes":[]},"element_pack_global_tooltip_background_color_b_stop":{"unit":"%","size":"100","sizes":[]},"element_pack_global_tooltip_background_gradient_angle":{"unit":"deg","size":"180","sizes":[]},"element_pack_global_tooltip_background_xpos":{"unit":"px","size":"0","sizes":[]},"element_pack_global_tooltip_background_xpos_tablet":{"unit":"px","size":"0","sizes":[]},"element_pack_global_tooltip_background_xpos_mobile":{"unit":"px","size":"0","sizes":[]},"element_pack_global_tooltip_background_ypos":{"unit":"px","size":"0","sizes":[]},"element_pack_global_tooltip_background_ypos_tablet":{"unit":"px","size":"0","sizes":[]},"element_pack_global_tooltip_background_ypos_mobile":{"unit":"px","size":"0","sizes":[]},"element_pack_global_tooltip_background_bg_width":{"unit":"%","size":"100","sizes":[]},"element_pack_global_tooltip_background_bg_width_tablet":{"unit":"px","size":"","sizes":[]},"element_pack_global_tooltip_background_bg_width_mobile":{"unit":"px","size":"","sizes":[]},"element_pack_global_tooltip_typography_font_size":{"unit":"px","size":"","sizes":[]},"element_pack_global_tooltip_typography_font_size_tablet":{"unit":"px","size":"","sizes":[]},"element_pack_global_tooltip_typography_font_size_mobile":{"unit":"px","size":"","sizes":[]},"element_pack_global_tooltip_typography_line_height":{"unit":"em","size":"","sizes":[]},"element_pack_global_tooltip_typography_line_height_tablet":{"unit":"em","size":"","sizes":[]},"element_pack_global_tooltip_typography_line_height_mobile":{"unit":"em","size":"","sizes":[]},"element_pack_global_tooltip_typography_letter_spacing":{"unit":"px","size":"","sizes":[]},"element_pack_global_tooltip_typography_letter_spacing_tablet":{"unit":"px","size":"","sizes":[]},"element_pack_global_tooltip_typography_letter_spacing_mobile":{"unit":"px","size":"","sizes":[]}}}