{"version":"0.4","title":"Archive Template 2","type":"page","content":[{"id":"627f956a","settings":[],"elements":[{"id":"36c08577","settings":{"_column_size":100},"elements":[{"id":"10fe7ed6","settings":{"space":{"unit":"px","size":20}},"elements":[],"isInner":false,"widgetType":"spacer","elType":"widget"},{"id":"3fadaa90","settings":{"hero_margin":{"unit":"px","size":2},"date_format_custom":"Y\/m\/d"},"elements":[],"isInner":false,"widgetType":"epic_archive_hero_elementor","elType":"widget"}],"isInner":false,"elType":"column"}],"isInner":false,"elType":"section"},{"id":"60fd384c","settings":{"gap":"wider","structure":"22","margin":{"unit":"px","top":"-20","right":0,"bottom":"0","left":0,"isLinked":false}},"elements":[{"id":"dd1443e","settings":{"_column_size":66,"_inline_size":null},"elements":[{"id":"1f0b80e","settings":{"border_border":"solid","border_width":{"unit":"px","top":"1","right":"1","bottom":"1","left":"1","isLinked":true},"border_color":"#eaeaea","margin":{"unit":"px","top":"-10","right":0,"bottom":"30","left":0,"isLinked":false},"padding":{"unit":"px","top":"20","right":"20","bottom":"20","left":"20","isLinked":true}},"elements":[{"id":"4ce159e1","settings":{"_column_size":100,"_inline_size":null},"elements":[{"id":"f3ac2f7","settings":{"title_color":"#1f2d3d","title_typography_typography":"custom","title_typography_font_size":{"unit":"px","size":28},"title_typography_font_weight":"600"},"elements":[],"isInner":false,"widgetType":"epic_archive_title_elementor","elType":"widget"},{"id":"c95fcf1","settings":{"desc_typography_typography":"custom","desc_typography_font_family":"Lora","desc_typography_font_size":{"unit":"px","size":16},"desc_typography_font_style":"italic"},"elements":[],"isInner":false,"widgetType":"epic_archive_desc_elementor","elType":"widget"}],"isInner":true,"elType":"column"}],"isInner":true,"elType":"section"},{"id":"3efb7804","settings":{"excerpt_ellipsis":"...","date_format_custom":"Y\/m\/d"},"elements":[],"isInner":false,"widgetType":"epic_archive_block_elementor","elType":"widget"},{"id":"1de74953","settings":{"pagination_mode":"nav_2"},"elements":[],"isInner":false,"widgetType":"epic_archive_pagination_elementor","elType":"widget"}],"isInner":false,"elType":"column"},{"id":"292b8e55","settings":{"_column_size":33,"_inline_size":null},"elements":[{"id":"59a27da0","settings":{"sidebar":"sidebar-1","_margin":{"unit":"px","top":"-10","right":"0","bottom":"30","left":"0","isLinked":false}},"elements":[],"isInner":false,"widgetType":"sidebar","elType":"widget"},{"id":"161ef294","settings":{"first_title":"RECENT POSTS","header_accent_color":"#0f36a5","header_filter_text":"All","date_format_custom":"Y\/m\/d","column_width":"4"},"elements":[],"isInner":false,"widgetType":"epic_block_9_elementor","elType":"widget"}],"isInner":false,"elType":"column"}],"isInner":false,"elType":"section"}]}