{"version":"0.4","title":"Archive Template 1","type":"page","content":[{"id":"1d28eeee","settings":{"structure":"20","background_background":"classic","background_color":"#f8f9fe","padding":{"unit":"px","top":"15","right":"0","bottom":"15","left":"0","isLinked":false}},"elements":[{"id":"2618f61d","settings":{"_column_size":50,"_inline_size":50},"elements":[{"id":"3c1401c6","settings":{"title_color":"#1f2d3d","title_typography_typography":"custom","title_typography_font_size":{"unit":"px","size":28},"title_typography_font_weight":"600"},"elements":[],"isInner":false,"widgetType":"epic_archive_title_elementor","elType":"widget"}],"isInner":false,"elType":"column"},{"id":"55923b86","settings":{"_column_size":50,"_inline_size":50,"content_position":"center"},"elements":[{"id":"49f74a9","settings":{"desc_typography_typography":"custom","desc_typography_font_family":"Lora","desc_typography_font_size":{"unit":"px","size":16},"desc_typography_font_style":"italic"},"elements":[],"isInner":false,"widgetType":"epic_archive_desc_elementor","elType":"widget"}],"isInner":false,"elType":"column"}],"isInner":false,"elType":"section"},{"id":"7d1e43e4","settings":[],"elements":[{"id":"790d35d1","settings":{"_column_size":100},"elements":[{"id":"32133d31","settings":{"space":{"unit":"px","size":10}},"elements":[],"isInner":false,"widgetType":"spacer","elType":"widget"},{"id":"7fab92fa","settings":{"block_type":"37","number_post":{"unit":"px","size":9},"excerpt_ellipsis":"...","date_format_custom":"Y\/m\/d"},"elements":[],"isInner":false,"widgetType":"epic_archive_block_elementor","elType":"widget"},{"id":"9439afd","settings":{"pagination_mode":"nav_2","pagination_align":"center","pagination_navtext":"yes"},"elements":[],"isInner":false,"widgetType":"epic_archive_pagination_elementor","elType":"widget"}],"isInner":false,"elType":"column"}],"isInner":false,"elType":"section"}]}