{"version":"0.4","title":"Archive Template 3","type":"page","content":[{"id":"38d4bfa2","settings":{"gap":"wider","structure":"22","padding":{"unit":"px","top":"10","right":"0","bottom":"0","left":"0","isLinked":false}},"elements":[{"id":"2464205","settings":{"_column_size":66,"_inline_size":null},"elements":[{"id":"666cfee5","settings":{"hero_type":"13","date_format_custom":"Y\/m\/d"},"elements":[],"isInner":false,"widgetType":"epic_archive_hero_elementor","elType":"widget"},{"id":"71f30595","settings":{"block_type":"37","number_post":{"unit":"px","size":6},"excerpt_ellipsis":"...","date_format_custom":"Y\/m\/d"},"elements":[],"isInner":false,"widgetType":"epic_archive_block_elementor","elType":"widget"},{"id":"48f221ae","settings":{"pagination_align":"center"},"elements":[],"isInner":false,"widgetType":"epic_archive_pagination_elementor","elType":"widget"}],"isInner":false,"elType":"column"},{"id":"6dcd3398","settings":{"_column_size":33,"_inline_size":null},"elements":[{"id":"7a03f620","settings":{"border_border":"solid","border_width":{"unit":"px","top":"2","right":"2","bottom":"2","left":"2","isLinked":true},"border_color":"#eeeeee","padding":{"unit":"px","top":"16","right":"20","bottom":"16","left":"20","isLinked":false}},"elements":[{"id":"4284ed4c","settings":{"_column_size":100,"_inline_size":null},"elements":[{"id":"6ea36300","settings":{"title_color":"#1f2d3d","title_typography_typography":"custom","title_typography_font_size":{"unit":"px","size":24},"title_typography_font_weight":"600"},"elements":[],"isInner":false,"widgetType":"epic_archive_title_elementor","elType":"widget"},{"id":"46f9176a","settings":{"desc_typography_typography":"custom","desc_typography_font_size":{"unit":"px","size":15},"desc_typography_line_height":{"unit":"em","size":1.6}},"elements":[],"isInner":false,"widgetType":"epic_archive_desc_elementor","elType":"widget"}],"isInner":true,"elType":"column"}],"isInner":true,"elType":"section"},{"id":"653b8203","settings":{"space":{"unit":"px","size":5}},"elements":[],"isInner":false,"widgetType":"spacer","elType":"widget"},{"id":"4fba5b6","settings":[],"elements":[{"id":"d5f9e52","settings":{"_column_size":100,"_inline_size":null},"elements":[{"id":"67fbf3c5","settings":{"first_title":"POPULAR POST","header_accent_color":"#0f36a5","header_filter_text":"All","number_post":{"unit":"px","size":8},"date_format_custom":"Y\/m\/d","pagination_mode":"loadmore","column_width":"4"},"elements":[],"isInner":false,"widgetType":"epic_block_21_elementor","elType":"widget"}],"isInner":true,"elType":"column"}],"isInner":true,"elType":"section"},{"id":"663ff012","settings":{"ads_type":"image","ads_image":{"url":"http:\/\/epic.jegtheme.com\/wp-content\/uploads\/2018\/10\/bike-345x345.png","id":6098}},"elements":[],"isInner":false,"widgetType":"epic_element_ads_elementor","elType":"widget"}],"isInner":false,"elType":"column"}],"isInner":false,"elType":"section"}]}