{"version":"0.4","title":"racing-features-blocks-5","type":"section","content":[{"id":"6e801d68","settings":{"padding":{"unit":"px","top":"100","right":"0","bottom":"100","left":"0","isLinked":false},"padding_tablet":{"unit":"px","top":"80","right":"30","bottom":"80","left":"30","isLinked":false},"padding_mobile":{"unit":"px","top":"50","right":"15","bottom":"50","left":"15","isLinked":false},"background_background":"gradient","background_color":"#33001b","background_color_b":"#ff0084","background_gradient_angle":{"unit":"deg","size":-145,"sizes":[]}},"elements":[{"id":"55138435","settings":{"_column_size":100,"_inline_size":null,"padding":{"unit":"px","top":"0","right":"0","bottom":"0","left":"0","isLinked":true},"_inline_size_tablet":100,"_inline_size_mobile":100},"elements":[{"id":"399ce57e","settings":{"structure":"20"},"elements":[{"id":"3aadee63","settings":{"_column_size":50,"_inline_size":null,"_inline_size_tablet":100,"_inline_size_mobile":100,"background_background":"gradient","background_color":"#33001b","padding":{"unit":"px","top":"50","right":"50","bottom":"50","left":"50","isLinked":true},"background_color_b":"#ff0084","background_gradient_angle":{"unit":"deg","size":145},"border_radius":{"unit":"px","top":"10","right":"10","bottom":"10","left":"10","isLinked":true}},"elements":[{"id":"1ed68de8","settings":{"title":"Subscribe to Newsletter Form","header_size":"h3","align":"left","title_color":"#ffffff","typography_typography":"custom","typography_font_size":{"unit":"px","size":25,"sizes":[]},"typography_font_size_tablet":{"unit":"px","size":24,"sizes":[]},"typography_font_size_mobile":{"unit":"px","size":25,"sizes":[]},"typography_font_weight":"600","typography_letter_spacing":{"unit":"px","size":3.79999999999999982236431605997495353221893310546875,"sizes":[]}},"elements":[],"isInner":false,"widgetType":"heading","elType":"widget"},{"id":"17a21ad5","settings":{"editor":"<p>Newsletter Subscription form and your mailing options.<\/p>","text_color":"rgba(255,255,255,0.68)","_margin":{"unit":"px","top":"0","right":"0","bottom":"40","left":"0","isLinked":false}},"elements":[],"isInner":false,"widgetType":"text-editor","elType":"widget"},{"id":"28657f30","settings":{"email_field_placeholder":"Email *","button_text":"SIGNUP","space":"collapse","input_radius":{"unit":"px","top":"10","right":"0","bottom":"0","left":"10","isLinked":false},"input_padding":{"unit":"px","top":"28","right":"28","bottom":"28","left":"28","isLinked":true},"button_text_color":"#666666","background_color":"#ffffff","border_border":"solid","border_width":{"unit":"px","top":"0","right":"0","bottom":"0","left":"2","isLinked":false},"border_color":"#e8e8e8","radius":{"unit":"px","top":"0","right":"10","bottom":"10","left":"0","isLinked":false},"text_padding":{"unit":"px","top":"8","right":"50","bottom":"8","left":"50","isLinked":false},"button_background_hover_color":"#33001b","input_background":"rgba(255,255,255,0.97)","input_placeholder_color":"#000000","button_typography_typography":"custom","button_typography_font_size":{"unit":"px","size":13},"button_typography_font_weight":"600","hover_color":"#ffffff","button_hover_border_color":"#33001b"},"elements":[],"isInner":false,"widgetType":"bdt-mailchimp","elType":"widget"},{"id":"5aad9a1f","settings":{"editor":"<p>We won't spam! promise\u00a0 :)<\/p>","text_color":"rgba(255,255,255,0.68)"},"elements":[],"isInner":false,"widgetType":"text-editor","elType":"widget"}],"isInner":true,"elType":"column"},{"id":"6bbe52b8","settings":{"_column_size":50,"_inline_size":null,"_inline_size_tablet":100,"_inline_size_mobile":100,"content_position":"center","margin":{"unit":"px","top":"0","right":"0","bottom":"0","left":"50","isLinked":false},"margin_tablet":{"unit":"px","top":"50","right":"0","bottom":"0","left":"0","isLinked":false},"margin_mobile":{"unit":"px","top":"30","right":"0","bottom":"0","left":"0","isLinked":false}},"elements":[{"id":"f87730c","settings":{"title":"Contact Details","header_size":"h3","align":"left","title_color":"#ffffff","typography_typography":"custom","typography_font_size":{"unit":"px","size":25,"sizes":[]},"typography_font_size_tablet":{"unit":"px","size":24,"sizes":[]},"typography_font_size_mobile":{"unit":"px","size":25,"sizes":[]},"typography_font_weight":"600","typography_letter_spacing":{"unit":"px","size":3.79999999999999982236431605997495353221893310546875,"sizes":[]}},"elements":[],"isInner":false,"widgetType":"heading","elType":"widget"},{"id":"766bfc87","settings":{"icon_list":[{"text":"Info@dbthemes.com,","icon":"fa fa-envelope-o","_id":"078c7ca","link":{"url":"#","is_external":"","nofollow":""},"selected_icon":{"value":"fas fa-check","library":"fa-solid"}},{"text":"(+96) 111 222 55 Mon - Fri,","icon":"fa fa-phone","_id":"be9b3eb","link":{"url":"#","is_external":"","nofollow":""},"selected_icon":{"value":"fas fa-check","library":"fa-solid"}},{"text":" USA 587, Road-12. First Floor","icon":"fa fa-location-arrow","_id":"278f8f2","link":{"url":"#","is_external":"","nofollow":""},"selected_icon":{"value":"fas fa-check","library":"fa-solid"}}],"space_between":{"unit":"px","size":15},"text_color":"rgba(255,255,255,0.8)","text_color_hover":"#ffffff","text_indent":{"unit":"px","size":13},"icon_typography_typography":"custom","icon_color":"rgba(255,255,255,0.8)","icon_typography_font_size":{"unit":"px","size":14,"sizes":[]},"icon_color_hover":"#ffffff","icon_typography_font_family":"Roboto"},"elements":[],"isInner":false,"widgetType":"icon-list","elType":"widget"},{"id":"4e2ba37f","settings":{"social_icon_list":[{"social":"fa fa-facebook","_id":"e844ad0","link":{"url":"#","is_external":"true","nofollow":""},"social_icon":{"value":"fab fa-wordpress","library":"fa-brands"},"item_icon_color":"default","item_icon_primary_color":"","item_icon_secondary_color":""},{"social":"fa fa-twitter","_id":"5b0a563","link":{"url":"#","is_external":"true","nofollow":""},"social_icon":{"value":"fab fa-wordpress","library":"fa-brands"},"item_icon_color":"default","item_icon_primary_color":"","item_icon_secondary_color":""},{"social":"fa fa-google-plus","_id":"bf55821","link":{"url":"#","is_external":"true","nofollow":""},"social_icon":{"value":"fab fa-wordpress","library":"fa-brands"},"item_icon_color":"default","item_icon_primary_color":"","item_icon_secondary_color":""},{"social":"fa fa-linkedin","_id":"98537db","link":{"url":"#","is_external":"true","nofollow":""},"social_icon":{"value":"fab fa-wordpress","library":"fa-brands"},"item_icon_color":"default","item_icon_primary_color":"","item_icon_secondary_color":""}],"align_mobile":"left","icon_color":"custom","icon_primary_color":"rgba(255,255,255,0.4)","icon_size":{"unit":"px","size":15,"sizes":[]},"icon_size_mobile":{"unit":"px","size":13,"sizes":[]},"icon_padding":{"unit":"em","size":0.90000000000000002220446049250313080847263336181640625,"sizes":[]},"icon_spacing":{"unit":"px","size":7,"sizes":[]},"icon_spacing_mobile":{"unit":"px","size":8,"sizes":[]},"hover_animation":"push","shape":"circle","align_tablet":"left","align":"left"},"elements":[],"isInner":false,"widgetType":"social-icons","elType":"widget"}],"isInner":true,"elType":"column"}],"isInner":true,"elType":"section"}],"isInner":false,"elType":"column"}],"isInner":false,"elType":"section"}],"page_settings":{"background_color_stop":{"unit":"%","size":"0","sizes":[]},"background_color_b_stop":{"unit":"%","size":"100","sizes":[]},"background_gradient_angle":{"unit":"deg","size":"180","sizes":[]},"background_xpos":{"unit":"px","size":"0","sizes":[]},"background_xpos_tablet":{"unit":"px","size":"0","sizes":[]},"background_xpos_mobile":{"unit":"px","size":"0","sizes":[]},"background_ypos":{"unit":"px","size":"0","sizes":[]},"background_ypos_tablet":{"unit":"px","size":"0","sizes":[]},"background_ypos_mobile":{"unit":"px","size":"0","sizes":[]},"background_bg_width":{"unit":"%","size":"100","sizes":[]},"background_bg_width_tablet":{"unit":"px","size":"","sizes":[]},"background_bg_width_mobile":{"unit":"px","size":"","sizes":[]},"element_pack_toolbar_typography_font_size":{"unit":"px","size":"","sizes":[]},"element_pack_toolbar_typography_font_size_tablet":{"unit":"px","size":"","sizes":[]},"element_pack_toolbar_typography_font_size_mobile":{"unit":"px","size":"","sizes":[]},"element_pack_toolbar_typography_line_height":{"unit":"em","size":"","sizes":[]},"element_pack_toolbar_typography_line_height_tablet":{"unit":"em","size":"","sizes":[]},"element_pack_toolbar_typography_line_height_mobile":{"unit":"em","size":"","sizes":[]},"element_pack_toolbar_typography_letter_spacing":{"unit":"px","size":"","sizes":[]},"element_pack_toolbar_typography_letter_spacing_tablet":{"unit":"px","size":"","sizes":[]},"element_pack_toolbar_typography_letter_spacing_mobile":{"unit":"px","size":"","sizes":[]},"element_pack_global_tooltip_width":{"unit":"px","size":"","sizes":[]},"element_pack_global_tooltip_width_tablet":{"unit":"px","size":"","sizes":[]},"element_pack_global_tooltip_width_mobile":{"unit":"px","size":"","sizes":[]},"element_pack_global_tooltip_background_color_stop":{"unit":"%","size":"0","sizes":[]},"element_pack_global_tooltip_background_color_b_stop":{"unit":"%","size":"100","sizes":[]},"element_pack_global_tooltip_background_gradient_angle":{"unit":"deg","size":"180","sizes":[]},"element_pack_global_tooltip_background_xpos":{"unit":"px","size":"0","sizes":[]},"element_pack_global_tooltip_background_xpos_tablet":{"unit":"px","size":"0","sizes":[]},"element_pack_global_tooltip_background_xpos_mobile":{"unit":"px","size":"0","sizes":[]},"element_pack_global_tooltip_background_ypos":{"unit":"px","size":"0","sizes":[]},"element_pack_global_tooltip_background_ypos_tablet":{"unit":"px","size":"0","sizes":[]},"element_pack_global_tooltip_background_ypos_mobile":{"unit":"px","size":"0","sizes":[]},"element_pack_global_tooltip_background_bg_width":{"unit":"%","size":"100","sizes":[]},"element_pack_global_tooltip_background_bg_width_tablet":{"unit":"px","size":"","sizes":[]},"element_pack_global_tooltip_background_bg_width_mobile":{"unit":"px","size":"","sizes":[]},"element_pack_global_tooltip_typography_font_size":{"unit":"px","size":"","sizes":[]},"element_pack_global_tooltip_typography_font_size_tablet":{"unit":"px","size":"","sizes":[]},"element_pack_global_tooltip_typography_font_size_mobile":{"unit":"px","size":"","sizes":[]},"element_pack_global_tooltip_typography_line_height":{"unit":"em","size":"","sizes":[]},"element_pack_global_tooltip_typography_line_height_tablet":{"unit":"em","size":"","sizes":[]},"element_pack_global_tooltip_typography_line_height_mobile":{"unit":"em","size":"","sizes":[]},"element_pack_global_tooltip_typography_letter_spacing":{"unit":"px","size":"","sizes":[]},"element_pack_global_tooltip_typography_letter_spacing_tablet":{"unit":"px","size":"","sizes":[]},"element_pack_global_tooltip_typography_letter_spacing_mobile":{"unit":"px","size":"","sizes":[]}}}