{"version":"0.4","title":"Slider Blocks 1","type":"section","content":[{"id":"2d90f31f","settings":{"layout":"full_width"},"elements":[{"id":"1f87c6b3","settings":{"_column_size":100,"padding":{"unit":"px","top":"0","right":"0","bottom":"0","left":"0","isLinked":true}},"elements":[{"id":"5bddd434","settings":{"tabs":[{"tab_title":"Best Apple Apps for Your <br><strong>Smartwatch<\/strong>","tab_content":"<p>For most people, first time the aluminum Apple Watch Series 3 with\u00a0<b>GPS<\/b>\u00a0is the best\u00a0<b>smartwatch<\/b>.\u00a0 <br \/>Far far away, behind the word mountains, far from the countries Vokalia and Consonantia<br \/> there live the blind texts. Separated they live in Bookmarksgrove.\u00a0<\/p>","_id":"a336954","tab_image":{"id":47752,"url":"https:\/\/bdthemes.net\/demo\/ready-pages\/ready-blocks\/wp-content\/uploads\/2019\/04\/01-1-2.jpg"},"tab_link":{"url":"#","is_external":"","nofollow":""}},{"tab_title":"Best new Apple products <br><strong>coming in 2018<\/strong>","tab_content":"<p>A wonderful serenity has taken possession of my entire soul, like these sweet mornings of spring<br \/> which I enjoy with my whole heart. I am alone, and feel the charm of existence\u00a0<br \/>n this spot, which was created for the bliss of souls like mine.\u00a0<\/p>","_id":"7e1e07c","tab_image":{"id":47753,"url":"https:\/\/bdthemes.net\/demo\/ready-pages\/ready-blocks\/wp-content\/uploads\/2019\/04\/2-2.jpg"},"tab_link":{"url":"#","is_external":"","nofollow":""}}],"origin":"center-left","align":"left","navigation":"dots","button_text":"Apple Apps Store Visit","height":{"unit":"px","size":953},"icon":"fa fa-apple","icon_align":"left","icon_indent":{"unit":"px","size":10},"content_padding":{"unit":"px","size":80},"title_typography_typography":"custom","title_typography_font_size":{"unit":"px","size":52},"title_space":{"unit":"px","size":15},"text_space":{"unit":"px","size":30},"hover_color":"#ffffff","button_background_hover_color":"#000000","button_hover_border_color":"#000000","border_border":"solid","border_radius":{"unit":"px","top":"100","right":"100","bottom":"100","left":"100","isLinked":true},"button_padding":{"unit":"px","top":"15","right":"40","bottom":"15","left":"40","isLinked":false},"typography_typography":"custom","typography_font_weight":"700","effect":"bottom","height_tablet":{"unit":"px","size":600},"height_mobile":{"unit":"px","size":500},"content_padding_mobile":{"unit":"px","size":30},"title_typography_font_size_mobile":{"unit":"px","size":24},"title_color":"#000000","text_color":"rgba(0,0,0,0.7)","border_width":{"unit":"px","top":"2","right":"2","bottom":"2","left":"2","isLinked":true},"border_color":"#000000","button_text_color":"#000000","text_typography_typography":"custom","transition":"coverflow","title_typography_font_weight":"400","dots_color":"#000000","active_dot_color":"#000000","posts_post_type":"services"},"elements":[],"isInner":false,"widgetType":"bdt-slider","elType":"widget"}],"isInner":false,"elType":"column"}],"isInner":false,"elType":"section"}],"page_settings":{"background_color_stop":{"unit":"%","size":"0","sizes":[]},"background_color_b_stop":{"unit":"%","size":"100","sizes":[]},"background_gradient_angle":{"unit":"deg","size":"180","sizes":[]},"background_xpos":{"unit":"px","size":"0","sizes":[]},"background_xpos_tablet":{"unit":"px","size":"0","sizes":[]},"background_xpos_mobile":{"unit":"px","size":"0","sizes":[]},"background_ypos":{"unit":"px","size":"0","sizes":[]},"background_ypos_tablet":{"unit":"px","size":"0","sizes":[]},"background_ypos_mobile":{"unit":"px","size":"0","sizes":[]},"background_bg_width":{"unit":"%","size":"100","sizes":[]},"background_bg_width_tablet":{"unit":"px","size":"","sizes":[]},"background_bg_width_mobile":{"unit":"px","size":"","sizes":[]},"element_pack_toolbar_typography_font_size":{"unit":"px","size":"","sizes":[]},"element_pack_toolbar_typography_font_size_tablet":{"unit":"px","size":"","sizes":[]},"element_pack_toolbar_typography_font_size_mobile":{"unit":"px","size":"","sizes":[]},"element_pack_toolbar_typography_line_height":{"unit":"em","size":"","sizes":[]},"element_pack_toolbar_typography_line_height_tablet":{"unit":"em","size":"","sizes":[]},"element_pack_toolbar_typography_line_height_mobile":{"unit":"em","size":"","sizes":[]},"element_pack_toolbar_typography_letter_spacing":{"unit":"px","size":"","sizes":[]},"element_pack_toolbar_typography_letter_spacing_tablet":{"unit":"px","size":"","sizes":[]},"element_pack_toolbar_typography_letter_spacing_mobile":{"unit":"px","size":"","sizes":[]},"element_pack_global_tooltip_width":{"unit":"px","size":"","sizes":[]},"element_pack_global_tooltip_width_tablet":{"unit":"px","size":"","sizes":[]},"element_pack_global_tooltip_width_mobile":{"unit":"px","size":"","sizes":[]},"element_pack_global_tooltip_background_color_stop":{"unit":"%","size":"0","sizes":[]},"element_pack_global_tooltip_background_color_b_stop":{"unit":"%","size":"100","sizes":[]},"element_pack_global_tooltip_background_gradient_angle":{"unit":"deg","size":"180","sizes":[]},"element_pack_global_tooltip_background_xpos":{"unit":"px","size":"0","sizes":[]},"element_pack_global_tooltip_background_xpos_tablet":{"unit":"px","size":"0","sizes":[]},"element_pack_global_tooltip_background_xpos_mobile":{"unit":"px","size":"0","sizes":[]},"element_pack_global_tooltip_background_ypos":{"unit":"px","size":"0","sizes":[]},"element_pack_global_tooltip_background_ypos_tablet":{"unit":"px","size":"0","sizes":[]},"element_pack_global_tooltip_background_ypos_mobile":{"unit":"px","size":"0","sizes":[]},"element_pack_global_tooltip_background_bg_width":{"unit":"%","size":"100","sizes":[]},"element_pack_global_tooltip_background_bg_width_tablet":{"unit":"px","size":"","sizes":[]},"element_pack_global_tooltip_background_bg_width_mobile":{"unit":"px","size":"","sizes":[]},"element_pack_global_tooltip_typography_font_size":{"unit":"px","size":"","sizes":[]},"element_pack_global_tooltip_typography_font_size_tablet":{"unit":"px","size":"","sizes":[]},"element_pack_global_tooltip_typography_font_size_mobile":{"unit":"px","size":"","sizes":[]},"element_pack_global_tooltip_typography_line_height":{"unit":"em","size":"","sizes":[]},"element_pack_global_tooltip_typography_line_height_tablet":{"unit":"em","size":"","sizes":[]},"element_pack_global_tooltip_typography_line_height_mobile":{"unit":"em","size":"","sizes":[]},"element_pack_global_tooltip_typography_letter_spacing":{"unit":"px","size":"","sizes":[]},"element_pack_global_tooltip_typography_letter_spacing_tablet":{"unit":"px","size":"","sizes":[]},"element_pack_global_tooltip_typography_letter_spacing_mobile":{"unit":"px","size":"","sizes":[]}}}