{"version":"0.4","title":"Slider Blocks 2","type":"section","content":[{"id":"589bc889","settings":{"layout":"full_width","margin":{"unit":"px","top":"","right":0,"bottom":"","left":0,"isLinked":true}},"elements":[{"id":"25ec7266","settings":{"_column_size":100,"padding":{"unit":"px","top":"0","right":"0","bottom":"0","left":"0","isLinked":false}},"elements":[{"id":"74ed943","settings":{"tabs":[{"tab_title":"WE WORK HARD, WE PLAY HARD","tab_content":"<p>A print &amp; digital<br \/>creative studio<\/p>","_id":"551fdb1","tab_image":{"id":47754,"url":"https:\/\/bdthemes.net\/demo\/ready-pages\/ready-blocks\/wp-content\/uploads\/2019\/04\/slide1-2-1.jpg"},"tab_link":{"url":"#","is_external":"","nofollow":""}},{"tab_title":"WE WORK HARD, WE PLAY HARD","tab_content":"<p>We are a web<br \/> design agency<\/p>","_id":"8354ecb","tab_image":{"id":47755,"url":"https:\/\/bdthemes.net\/demo\/ready-pages\/ready-blocks\/wp-content\/uploads\/2019\/04\/slide2-1-2.jpg"},"tab_link":{"url":"#","is_external":"","nofollow":""}},{"tab_title":"WE WORK HARD, WE PLAY HARD","tab_content":"<p>We are delivering <br \/> beautiful products<\/p>","_id":"e5cb7f1","tab_image":{"id":47756,"url":"https:\/\/bdthemes.net\/demo\/ready-pages\/ready-blocks\/wp-content\/uploads\/2019\/04\/slide3-1-1.jpg"},"tab_link":{"url":"#","is_external":"","nofollow":""}}],"height":{"unit":"px","size":970},"button_text":"EXPLORE WORK","effect":"bottom","title_typography_typography":"custom","title_typography_font_family":"Montserrat","title_typography_font_size":{"unit":"px","size":12},"title_typography_font_weight":"500","title_typography_line_height":{"unit":"em","size":2.5},"title_typography_letter_spacing":{"unit":"px","size":2},"title_space":{"unit":"px","size":20},"text_typography_typography":"custom","text_typography_font_family":"Montserrat","text_typography_font_size":{"unit":"px","size":70},"text_typography_font_weight":"600","text_typography_line_height":{"unit":"em","size":1.1999999999999999555910790149937383830547332763671875},"text_space":{"unit":"px","size":26},"border_border":"solid","border_width":{"unit":"px","top":"2","right":"2","bottom":"2","left":"2","isLinked":true},"border_color":"#ffffff","border_radius":{"unit":"px","top":"4","right":"4","bottom":"4","left":"4","isLinked":true},"button_padding":{"unit":"px","top":"8","right":"25","bottom":"8","left":"25","isLinked":false},"typography_typography":"custom","typography_font_family":"Montserrat","typography_font_size":{"unit":"px","size":13},"typography_font_weight":"600","arrows_position":{"unit":"px","size":30},"dots_position":{"unit":"px","size":55},"dots_size":{"unit":"px","size":10},"height_tablet":{"unit":"px","size":705},"height_mobile":{"unit":"px","size":475},"title_typography_font_size_mobile":{"unit":"px","size":8},"text_typography_font_size_mobile":{"unit":"px","size":29},"button_text_color":"#ffffff","hover_color":"#232323","button_background_hover_color":"#ffffff","typography_font_size_mobile":{"unit":"px","size":10},"arrows_size":{"unit":"px","size":25},"posts_post_type":"services"},"elements":[],"isInner":false,"widgetType":"bdt-slider","elType":"widget"}],"isInner":false,"elType":"column"}],"isInner":false,"elType":"section"}],"page_settings":{"background_color_stop":{"unit":"%","size":"0","sizes":[]},"background_color_b_stop":{"unit":"%","size":"100","sizes":[]},"background_gradient_angle":{"unit":"deg","size":"180","sizes":[]},"background_xpos":{"unit":"px","size":"0","sizes":[]},"background_xpos_tablet":{"unit":"px","size":"0","sizes":[]},"background_xpos_mobile":{"unit":"px","size":"0","sizes":[]},"background_ypos":{"unit":"px","size":"0","sizes":[]},"background_ypos_tablet":{"unit":"px","size":"0","sizes":[]},"background_ypos_mobile":{"unit":"px","size":"0","sizes":[]},"background_bg_width":{"unit":"%","size":"100","sizes":[]},"background_bg_width_tablet":{"unit":"px","size":"","sizes":[]},"background_bg_width_mobile":{"unit":"px","size":"","sizes":[]},"element_pack_toolbar_typography_font_size":{"unit":"px","size":"","sizes":[]},"element_pack_toolbar_typography_font_size_tablet":{"unit":"px","size":"","sizes":[]},"element_pack_toolbar_typography_font_size_mobile":{"unit":"px","size":"","sizes":[]},"element_pack_toolbar_typography_line_height":{"unit":"em","size":"","sizes":[]},"element_pack_toolbar_typography_line_height_tablet":{"unit":"em","size":"","sizes":[]},"element_pack_toolbar_typography_line_height_mobile":{"unit":"em","size":"","sizes":[]},"element_pack_toolbar_typography_letter_spacing":{"unit":"px","size":"","sizes":[]},"element_pack_toolbar_typography_letter_spacing_tablet":{"unit":"px","size":"","sizes":[]},"element_pack_toolbar_typography_letter_spacing_mobile":{"unit":"px","size":"","sizes":[]},"element_pack_global_tooltip_width":{"unit":"px","size":"","sizes":[]},"element_pack_global_tooltip_width_tablet":{"unit":"px","size":"","sizes":[]},"element_pack_global_tooltip_width_mobile":{"unit":"px","size":"","sizes":[]},"element_pack_global_tooltip_background_color_stop":{"unit":"%","size":"0","sizes":[]},"element_pack_global_tooltip_background_color_b_stop":{"unit":"%","size":"100","sizes":[]},"element_pack_global_tooltip_background_gradient_angle":{"unit":"deg","size":"180","sizes":[]},"element_pack_global_tooltip_background_xpos":{"unit":"px","size":"0","sizes":[]},"element_pack_global_tooltip_background_xpos_tablet":{"unit":"px","size":"0","sizes":[]},"element_pack_global_tooltip_background_xpos_mobile":{"unit":"px","size":"0","sizes":[]},"element_pack_global_tooltip_background_ypos":{"unit":"px","size":"0","sizes":[]},"element_pack_global_tooltip_background_ypos_tablet":{"unit":"px","size":"0","sizes":[]},"element_pack_global_tooltip_background_ypos_mobile":{"unit":"px","size":"0","sizes":[]},"element_pack_global_tooltip_background_bg_width":{"unit":"%","size":"100","sizes":[]},"element_pack_global_tooltip_background_bg_width_tablet":{"unit":"px","size":"","sizes":[]},"element_pack_global_tooltip_background_bg_width_mobile":{"unit":"px","size":"","sizes":[]},"element_pack_global_tooltip_typography_font_size":{"unit":"px","size":"","sizes":[]},"element_pack_global_tooltip_typography_font_size_tablet":{"unit":"px","size":"","sizes":[]},"element_pack_global_tooltip_typography_font_size_mobile":{"unit":"px","size":"","sizes":[]},"element_pack_global_tooltip_typography_line_height":{"unit":"em","size":"","sizes":[]},"element_pack_global_tooltip_typography_line_height_tablet":{"unit":"em","size":"","sizes":[]},"element_pack_global_tooltip_typography_line_height_mobile":{"unit":"em","size":"","sizes":[]},"element_pack_global_tooltip_typography_letter_spacing":{"unit":"px","size":"","sizes":[]},"element_pack_global_tooltip_typography_letter_spacing_tablet":{"unit":"px","size":"","sizes":[]},"element_pack_global_tooltip_typography_letter_spacing_mobile":{"unit":"px","size":"","sizes":[]}}}